GrandPrix,LapNumber,Compound,TyreLife,TrackTemp,LapTime_Seconds
Bahrain,2.0,SOFT,5.0,23.652866242038222,96.296
Bahrain,3.0,SOFT,6.0,23.652866242038222,96.753
Bahrain,4.0,SOFT,7.0,23.652866242038222,96.647
Bahrain,5.0,SOFT,8.0,23.652866242038222,97.173
Bahrain,6.0,SOFT,9.0,23.652866242038222,97.092
Bahrain,7.0,SOFT,10.0,23.652866242038222,97.038
Bahrain,8.0,SOFT,11.0,23.652866242038222,97.024
Bahrain,9.0,SOFT,12.0,23.652866242038222,97.229
Bahrain,12.0,SOFT,15.0,23.652866242038222,97.045
Bahrain,13.0,SOFT,16.0,23.652866242038222,97.03
Bahrain,14.0,SOFT,17.0,23.652866242038222,97.028
Bahrain,15.0,SOFT,18.0,23.652866242038222,97.011
Bahrain,16.0,SOFT,19.0,23.652866242038222,97.168
Bahrain,17.0,SOFT,20.0,23.652866242038222,99.896
Bahrain,18.0,HARD,1.0,23.652866242038222,117.854
Bahrain,19.0,HARD,2.0,23.652866242038222,95.283
Bahrain,20.0,HARD,3.0,23.652866242038222,95.16
Bahrain,21.0,HARD,4.0,23.652866242038222,95.316
Bahrain,22.0,HARD,5.0,23.652866242038222,95.204
Bahrain,23.0,HARD,6.0,23.652866242038222,95.216
Bahrain,24.0,HARD,7.0,23.652866242038222,95.289
Bahrain,25.0,HARD,8.0,23.652866242038222,95.342
Bahrain,26.0,HARD,9.0,23.652866242038222,95.223
Bahrain,27.0,HARD,10.0,23.652866242038222,95.581
Bahrain,28.0,HARD,11.0,23.652866242038222,95.477
Bahrain,29.0,HARD,12.0,23.652866242038222,95.793
Bahrain,30.0,HARD,13.0,23.652866242038222,95.771
Bahrain,31.0,HARD,14.0,23.652866242038222,95.679
Bahrain,32.0,HARD,15.0,23.652866242038222,95.886
Bahrain,33.0,HARD,16.0,23.652866242038222,95.863
Bahrain,34.0,HARD,17.0,23.652866242038222,96.133
Bahrain,35.0,HARD,18.0,23.652866242038222,96.018
Bahrain,36.0,HARD,19.0,23.652866242038222,96.205
Bahrain,37.0,HARD,20.0,23.652866242038222,99.234
Bahrain,38.0,SOFT,1.0,23.652866242038222,116.445
Bahrain,39.0,SOFT,2.0,23.652866242038222,92.608
Bahrain,40.0,SOFT,3.0,23.652866242038222,96.589
Bahrain,41.0,SOFT,4.0,23.652866242038222,95.29
Bahrain,42.0,SOFT,5.0,23.652866242038222,94.667
Bahrain,43.0,SOFT,6.0,23.652866242038222,94.151
Bahrain,44.0,SOFT,7.0,23.652866242038222,94.531
Bahrain,45.0,SOFT,8.0,23.652866242038222,94.249
Bahrain,46.0,SOFT,9.0,23.652866242038222,94.193
Bahrain,47.0,SOFT,10.0,23.652866242038222,94.239
Bahrain,48.0,SOFT,11.0,23.652866242038222,94.35
Bahrain,49.0,SOFT,12.0,23.652866242038222,94.403
Bahrain,50.0,SOFT,13.0,23.652866242038222,94.783
Bahrain,51.0,SOFT,14.0,23.652866242038222,94.34
Bahrain,52.0,SOFT,15.0,23.652866242038222,94.906
Bahrain,53.0,SOFT,16.0,23.652866242038222,95.6
Bahrain,54.0,SOFT,17.0,23.652866242038222,95.334
Bahrain,55.0,SOFT,18.0,23.652866242038222,95.184
Bahrain,56.0,SOFT,19.0,23.652866242038222,94.671
Bahrain,57.0,SOFT,20.0,23.652866242038222,94.923
Bahrain,2.0,SOFT,5.0,23.652866242038222,96.541
Bahrain,3.0,SOFT,6.0,23.652866242038222,97.297
Bahrain,4.0,SOFT,7.0,23.652866242038222,97.722
Bahrain,5.0,SOFT,8.0,23.652866242038222,98.044
Bahrain,6.0,SOFT,9.0,23.652866242038222,97.823
Bahrain,7.0,SOFT,10.0,23.652866242038222,97.821
Bahrain,8.0,SOFT,11.0,23.652866242038222,97.838
Bahrain,9.0,SOFT,12.0,23.652866242038222,97.596
Bahrain,11.0,SOFT,14.0,23.652866242038222,97.836
Bahrain,12.0,SOFT,15.0,23.652866242038222,100.277
Bahrain,13.0,HARD,1.0,23.652866242038222,117.624
Bahrain,14.0,HARD,2.0,23.652866242038222,95.606
Bahrain,15.0,HARD,3.0,23.652866242038222,96.815
Bahrain,16.0,HARD,4.0,23.652866242038222,95.783
Bahrain,17.0,HARD,5.0,23.652866242038222,96.454
Bahrain,18.0,HARD,6.0,23.652866242038222,96.311
Bahrain,19.0,HARD,7.0,23.652866242038222,96.038
Bahrain,20.0,HARD,8.0,23.652866242038222,96.278
Bahrain,21.0,HARD,9.0,23.652866242038222,96.165
Bahrain,22.0,HARD,10.0,23.652866242038222,96.037
Bahrain,23.0,HARD,11.0,23.652866242038222,96.249
Bahrain,24.0,HARD,12.0,23.652866242038222,96.211
Bahrain,25.0,HARD,13.0,23.652866242038222,96.344
Bahrain,26.0,HARD,14.0,23.652866242038222,96.347
Bahrain,27.0,HARD,15.0,23.652866242038222,96.233
Bahrain,28.0,HARD,16.0,23.652866242038222,96.226
Bahrain,29.0,HARD,17.0,23.652866242038222,96.437
Bahrain,30.0,HARD,18.0,23.652866242038222,96.313
Bahrain,31.0,HARD,19.0,23.652866242038222,96.339
Bahrain,32.0,HARD,20.0,23.652866242038222,96.276
Bahrain,33.0,HARD,21.0,23.652866242038222,96.564
Bahrain,34.0,HARD,22.0,23.652866242038222,96.378
Bahrain,35.0,HARD,23.0,23.652866242038222,96.776
Bahrain,36.0,HARD,24.0,23.652866242038222,99.365
Bahrain,37.0,SOFT,1.0,23.652866242038222,115.808
Bahrain,38.0,SOFT,2.0,23.652866242038222,94.804
Bahrain,39.0,SOFT,3.0,23.652866242038222,94.607
Bahrain,40.0,SOFT,4.0,23.652866242038222,94.364
Bahrain,41.0,SOFT,5.0,23.652866242038222,94.4
Bahrain,42.0,SOFT,6.0,23.652866242038222,94.525
Bahrain,43.0,SOFT,7.0,23.652866242038222,94.797
Bahrain,44.0,SOFT,8.0,23.652866242038222,94.799
Bahrain,45.0,SOFT,9.0,23.652866242038222,94.592
Bahrain,46.0,SOFT,10.0,23.652866242038222,94.844
Bahrain,47.0,SOFT,11.0,23.652866242038222,94.73
Bahrain,48.0,SOFT,12.0,23.652866242038222,94.885
Bahrain,49.0,SOFT,13.0,23.652866242038222,94.966
Bahrain,50.0,SOFT,14.0,23.652866242038222,95.082
Bahrain,51.0,SOFT,15.0,23.652866242038222,94.94
Bahrain,52.0,SOFT,16.0,23.652866242038222,95.183
Bahrain,53.0,SOFT,17.0,23.652866242038222,95.842
Bahrain,54.0,SOFT,18.0,23.652866242038222,95.459
Bahrain,55.0,SOFT,19.0,23.652866242038222,95.611
Bahrain,56.0,SOFT,20.0,23.652866242038222,95.568
Bahrain,57.0,SOFT,21.0,23.652866242038222,95.746
Bahrain,2.0,SOFT,5.0,23.652866242038222,97.236
Bahrain,3.0,SOFT,6.0,23.652866242038222,97.08
Bahrain,4.0,SOFT,7.0,23.652866242038222,97.264
Bahrain,5.0,SOFT,8.0,23.652866242038222,98.032
Bahrain,6.0,SOFT,9.0,23.652866242038222,97.741
Bahrain,7.0,SOFT,10.0,23.652866242038222,98.26
Bahrain,8.0,SOFT,11.0,23.652866242038222,98.183
Bahrain,9.0,SOFT,12.0,23.652866242038222,98.03
Bahrain,11.0,SOFT,14.0,23.652866242038222,97.656
Bahrain,12.0,SOFT,15.0,23.652866242038222,97.65
Bahrain,13.0,SOFT,16.0,23.652866242038222,97.243
Bahrain,14.0,SOFT,17.0,23.652866242038222,99.753
Bahrain,15.0,HARD,1.0,23.652866242038222,117.225
Bahrain,16.0,HARD,2.0,23.652866242038222,96.376
Bahrain,17.0,HARD,3.0,23.652866242038222,95.507
Bahrain,18.0,HARD,4.0,23.652866242038222,96.088
Bahrain,19.0,HARD,5.0,23.652866242038222,96.236
Bahrain,20.0,HARD,6.0,23.652866242038222,96.034
Bahrain,21.0,HARD,7.0,23.652866242038222,96.104
Bahrain,22.0,HARD,8.0,23.652866242038222,96.008
Bahrain,23.0,HARD,9.0,23.652866242038222,96.149
Bahrain,24.0,HARD,10.0,23.652866242038222,96.2
Bahrain,25.0,HARD,11.0,23.652866242038222,96.22
Bahrain,26.0,HARD,12.0,23.652866242038222,96.221
Bahrain,27.0,HARD,13.0,23.652866242038222,96.272
Bahrain,28.0,HARD,14.0,23.652866242038222,96.534
Bahrain,29.0,HARD,15.0,23.652866242038222,96.6
Bahrain,30.0,HARD,16.0,23.652866242038222,96.337
Bahrain,31.0,HARD,17.0,23.652866242038222,96.537
Bahrain,32.0,HARD,18.0,23.652866242038222,96.762
Bahrain,33.0,HARD,19.0,23.652866242038222,96.556
Bahrain,34.0,HARD,20.0,23.652866242038222,96.551
Bahrain,35.0,HARD,21.0,23.652866242038222,99.274
Bahrain,36.0,HARD,1.0,23.652866242038222,115.62
Bahrain,37.0,HARD,2.0,23.652866242038222,95.302
Bahrain,38.0,HARD,3.0,23.652866242038222,95.1
Bahrain,39.0,HARD,4.0,23.652866242038222,94.709
Bahrain,40.0,HARD,5.0,23.652866242038222,94.739
Bahrain,41.0,HARD,6.0,23.652866242038222,95.041
Bahrain,42.0,HARD,7.0,23.652866242038222,94.861
Bahrain,43.0,HARD,8.0,23.652866242038222,94.795
Bahrain,44.0,HARD,9.0,23.652866242038222,94.507
Bahrain,45.0,HARD,10.0,23.652866242038222,94.79
Bahrain,46.0,HARD,11.0,23.652866242038222,94.853
Bahrain,47.0,HARD,12.0,23.652866242038222,94.901
Bahrain,48.0,HARD,13.0,23.652866242038222,94.981
Bahrain,49.0,HARD,14.0,23.652866242038222,95.44
Bahrain,50.0,HARD,15.0,23.652866242038222,95.142
Bahrain,51.0,HARD,16.0,23.652866242038222,95.282
Bahrain,52.0,HARD,17.0,23.652866242038222,95.083
Bahrain,53.0,HARD,18.0,23.652866242038222,95.211
Bahrain,54.0,HARD,19.0,23.652866242038222,95.309
Bahrain,55.0,HARD,20.0,23.652866242038222,95.407
Bahrain,56.0,HARD,21.0,23.652866242038222,95.305
Bahrain,57.0,HARD,22.0,23.652866242038222,95.327
Bahrain,2.0,SOFT,5.0,23.652866242038222,96.862
Bahrain,3.0,SOFT,6.0,23.652866242038222,98.062
Bahrain,4.0,SOFT,7.0,23.652866242038222,97.752
Bahrain,5.0,SOFT,8.0,23.652866242038222,98.131
Bahrain,6.0,SOFT,9.0,23.652866242038222,97.782
Bahrain,7.0,SOFT,10.0,23.652866242038222,98.957
Bahrain,8.0,SOFT,11.0,23.652866242038222,98.136
Bahrain,9.0,SOFT,12.0,23.652866242038222,97.844
Bahrain,11.0,SOFT,14.0,23.652866242038222,101.737
Bahrain,12.0,HARD,1.0,23.652866242038222,117.471
Bahrain,13.0,HARD,2.0,23.652866242038222,96.432
Bahrain,14.0,HARD,3.0,23.652866242038222,96.756
Bahrain,15.0,HARD,4.0,23.652866242038222,96.813
Bahrain,16.0,HARD,5.0,23.652866242038222,96.673
Bahrain,17.0,HARD,6.0,23.652866242038222,97.302
Bahrain,18.0,HARD,7.0,23.652866242038222,97.438
Bahrain,19.0,HARD,8.0,23.652866242038222,96.821
Bahrain,20.0,HARD,9.0,23.652866242038222,96.794
Bahrain,21.0,HARD,10.0,23.652866242038222,96.977
Bahrain,22.0,HARD,11.0,23.652866242038222,96.796
Bahrain,23.0,HARD,12.0,23.652866242038222,96.987
Bahrain,24.0,HARD,13.0,23.652866242038222,96.924
Bahrain,25.0,HARD,14.0,23.652866242038222,96.76
Bahrain,26.0,HARD,15.0,23.652866242038222,96.81
Bahrain,27.0,HARD,16.0,23.652866242038222,96.831
Bahrain,28.0,HARD,17.0,23.652866242038222,96.907
Bahrain,29.0,HARD,18.0,23.652866242038222,96.963
Bahrain,30.0,HARD,19.0,23.652866242038222,97.158
Bahrain,31.0,HARD,20.0,23.652866242038222,97.031
Bahrain,32.0,HARD,21.0,23.652866242038222,96.941
Bahrain,33.0,HARD,22.0,23.652866242038222,96.741
Bahrain,34.0,HARD,23.0,23.652866242038222,99.614
Bahrain,35.0,HARD,1.0,23.652866242038222,116.166
Bahrain,36.0,HARD,2.0,23.652866242038222,94.09
Bahrain,37.0,HARD,3.0,23.652866242038222,94.897
Bahrain,38.0,HARD,4.0,23.652866242038222,94.783
Bahrain,39.0,HARD,5.0,23.652866242038222,95.087
Bahrain,40.0,HARD,6.0,23.652866242038222,94.859
Bahrain,41.0,HARD,7.0,23.652866242038222,95.028
Bahrain,42.0,HARD,8.0,23.652866242038222,94.982
Bahrain,43.0,HARD,9.0,23.652866242038222,95.192
Bahrain,44.0,HARD,10.0,23.652866242038222,95.051
Bahrain,45.0,HARD,11.0,23.652866242038222,95.22
Bahrain,46.0,HARD,12.0,23.652866242038222,95.058
Bahrain,47.0,HARD,13.0,23.652866242038222,95.057
Bahrain,48.0,HARD,14.0,23.652866242038222,95.308
Bahrain,49.0,HARD,15.0,23.652866242038222,95.302
Bahrain,50.0,HARD,16.0,23.652866242038222,95.383
Bahrain,51.0,HARD,17.0,23.652866242038222,95.418
Bahrain,52.0,HARD,18.0,23.652866242038222,95.394
Bahrain,53.0,HARD,19.0,23.652866242038222,95.48
Bahrain,54.0,HARD,20.0,23.652866242038222,95.265
Bahrain,55.0,HARD,21.0,23.652866242038222,95.785
Bahrain,56.0,HARD,22.0,23.652866242038222,95.924
Bahrain,57.0,HARD,23.0,23.652866242038222,96.324
Bahrain,2.0,SOFT,5.0,23.652866242038222,96.635
Bahrain,3.0,SOFT,6.0,23.652866242038222,96.406
Bahrain,4.0,SOFT,7.0,23.652866242038222,97.738
Bahrain,5.0,SOFT,8.0,23.652866242038222,98.116
Bahrain,6.0,SOFT,9.0,23.652866242038222,97.784
Bahrain,7.0,SOFT,10.0,23.652866242038222,98.082
Bahrain,8.0,SOFT,11.0,23.652866242038222,97.862
Bahrain,9.0,SOFT,12.0,23.652866242038222,97.73
Bahrain,11.0,SOFT,14.0,23.652866242038222,100.515
Bahrain,12.0,HARD,1.0,23.652866242038222,118.46
Bahrain,13.0,HARD,2.0,23.652866242038222,97.167
Bahrain,14.0,HARD,3.0,23.652866242038222,97.571
Bahrain,15.0,HARD,4.0,23.652866242038222,96.922
Bahrain,16.0,HARD,5.0,23.652866242038222,96.683
Bahrain,17.0,HARD,6.0,23.652866242038222,96.234
Bahrain,18.0,HARD,7.0,23.652866242038222,97.819
Bahrain,19.0,HARD,8.0,23.652866242038222,97.233
Bahrain,20.0,HARD,9.0,23.652866242038222,96.732
Bahrain,21.0,HARD,10.0,23.652866242038222,96.769
Bahrain,22.0,HARD,11.0,23.652866242038222,96.992
Bahrain,23.0,HARD,12.0,23.652866242038222,96.954
Bahrain,24.0,HARD,13.0,23.652866242038222,96.736
Bahrain,25.0,HARD,14.0,23.652866242038222,96.928
Bahrain,26.0,HARD,15.0,23.652866242038222,96.801
Bahrain,27.0,HARD,16.0,23.652866242038222,96.815
Bahrain,28.0,HARD,17.0,23.652866242038222,96.911
Bahrain,29.0,HARD,18.0,23.652866242038222,97.066
Bahrain,30.0,HARD,19.0,23.652866242038222,97.186
Bahrain,31.0,HARD,20.0,23.652866242038222,99.405
Bahrain,32.0,HARD,1.0,23.652866242038222,117.267
Bahrain,33.0,HARD,2.0,23.652866242038222,95.838
Bahrain,34.0,HARD,3.0,23.652866242038222,95.241
Bahrain,35.0,HARD,4.0,23.652866242038222,95.772
Bahrain,36.0,HARD,5.0,23.652866242038222,95.434
Bahrain,37.0,HARD,6.0,23.652866242038222,95.481
Bahrain,38.0,HARD,7.0,23.652866242038222,95.479
Bahrain,39.0,HARD,8.0,23.652866242038222,95.204
Bahrain,40.0,HARD,9.0,23.652866242038222,95.065
Bahrain,41.0,HARD,10.0,23.652866242038222,95.093
Bahrain,42.0,HARD,11.0,23.652866242038222,95.136
Bahrain,43.0,HARD,12.0,23.652866242038222,95.193
Bahrain,44.0,HARD,13.0,23.652866242038222,95.162
Bahrain,45.0,HARD,14.0,23.652866242038222,95.276
Bahrain,46.0,HARD,15.0,23.652866242038222,96.657
Bahrain,47.0,HARD,16.0,23.652866242038222,95.805
Bahrain,48.0,HARD,17.0,23.652866242038222,96.059
Bahrain,49.0,HARD,18.0,23.652866242038222,95.954
Bahrain,50.0,HARD,19.0,23.652866242038222,96.181
Bahrain,51.0,HARD,20.0,23.652866242038222,95.852
Bahrain,52.0,HARD,21.0,23.652866242038222,96.186
Bahrain,53.0,HARD,22.0,23.652866242038222,95.979
Bahrain,54.0,HARD,23.0,23.652866242038222,96.013
Bahrain,55.0,HARD,24.0,23.652866242038222,96.151
Bahrain,56.0,HARD,25.0,23.652866242038222,96.35
Bahrain,57.0,HARD,26.0,23.652866242038222,96.44
Bahrain,2.0,SOFT,5.0,23.652866242038222,98.01
Bahrain,3.0,SOFT,6.0,23.652866242038222,97.787
Bahrain,4.0,SOFT,7.0,23.652866242038222,97.45
Bahrain,5.0,SOFT,8.0,23.652866242038222,97.794
Bahrain,6.0,SOFT,9.0,23.652866242038222,97.896
Bahrain,7.0,SOFT,10.0,23.652866242038222,97.86
Bahrain,8.0,SOFT,11.0,23.652866242038222,98.134
Bahrain,9.0,SOFT,12.0,23.652866242038222,98.064
Bahrain,11.0,SOFT,14.0,23.652866242038222,98.172
Bahrain,12.0,SOFT,15.0,23.652866242038222,98.082
Bahrain,13.0,SOFT,16.0,23.652866242038222,100.635
Bahrain,14.0,HARD,1.0,23.652866242038222,117.77
Bahrain,15.0,HARD,2.0,23.652866242038222,96.912
Bahrain,16.0,HARD,3.0,23.652866242038222,96.565
Bahrain,17.0,HARD,4.0,23.652866242038222,96.776
Bahrain,18.0,HARD,5.0,23.652866242038222,96.508
Bahrain,19.0,HARD,6.0,23.652866242038222,96.416
Bahrain,20.0,HARD,7.0,23.652866242038222,96.501
Bahrain,21.0,HARD,8.0,23.652866242038222,96.62
Bahrain,22.0,HARD,9.0,23.652866242038222,96.668
Bahrain,23.0,HARD,10.0,23.652866242038222,96.696
Bahrain,24.0,HARD,11.0,23.652866242038222,96.823
Bahrain,25.0,HARD,12.0,23.652866242038222,96.73
Bahrain,26.0,HARD,13.0,23.652866242038222,96.566
Bahrain,27.0,HARD,14.0,23.652866242038222,96.726
Bahrain,28.0,HARD,15.0,23.652866242038222,97.018
Bahrain,29.0,HARD,16.0,23.652866242038222,97.041
Bahrain,30.0,HARD,17.0,23.652866242038222,96.986
Bahrain,31.0,HARD,18.0,23.652866242038222,97.083
Bahrain,32.0,HARD,19.0,23.652866242038222,97.171
Bahrain,33.0,HARD,20.0,23.652866242038222,99.626
Bahrain,34.0,HARD,1.0,23.652866242038222,116.898
Bahrain,35.0,HARD,2.0,23.652866242038222,94.476
Bahrain,36.0,HARD,3.0,23.652866242038222,95.69
Bahrain,37.0,HARD,4.0,23.652866242038222,95.067
Bahrain,38.0,HARD,5.0,23.652866242038222,95.149
Bahrain,39.0,HARD,6.0,23.652866242038222,94.88
Bahrain,40.0,HARD,7.0,23.652866242038222,95.276
Bahrain,41.0,HARD,8.0,23.652866242038222,95.069
Bahrain,42.0,HARD,9.0,23.652866242038222,95.165
Bahrain,43.0,HARD,10.0,23.652866242038222,95.295
Bahrain,44.0,HARD,11.0,23.652866242038222,95.346
Bahrain,45.0,HARD,12.0,23.652866242038222,95.338
Bahrain,46.0,HARD,13.0,23.652866242038222,95.371
Bahrain,47.0,HARD,14.0,23.652866242038222,95.485
Bahrain,48.0,HARD,15.0,23.652866242038222,95.717
Bahrain,49.0,HARD,16.0,23.652866242038222,95.674
Bahrain,50.0,HARD,17.0,23.652866242038222,95.657
Bahrain,51.0,HARD,18.0,23.652866242038222,96.038
Bahrain,52.0,HARD,19.0,23.652866242038222,95.922
Bahrain,53.0,HARD,20.0,23.652866242038222,95.782
Bahrain,54.0,HARD,21.0,23.652866242038222,95.934
Bahrain,55.0,HARD,22.0,23.652866242038222,96.223
Bahrain,56.0,HARD,23.0,23.652866242038222,95.976
Bahrain,57.0,HARD,24.0,23.652866242038222,96.582
Bahrain,2.0,SOFT,5.0,23.652866242038222,98.273
Bahrain,3.0,SOFT,6.0,23.652866242038222,98.303
Bahrain,4.0,SOFT,7.0,23.652866242038222,98.287
Bahrain,5.0,SOFT,8.0,23.652866242038222,98.35
Bahrain,6.0,SOFT,9.0,23.652866242038222,98.183
Bahrain,7.0,SOFT,10.0,23.652866242038222,97.839
Bahrain,8.0,SOFT,11.0,23.652866242038222,98.221
Bahrain,9.0,SOFT,12.0,23.652866242038222,98.645
Bahrain,11.0,SOFT,14.0,23.652866242038222,98.236
Bahrain,12.0,SOFT,15.0,23.652866242038222,100.889
Bahrain,13.0,HARD,1.0,23.652866242038222,118.645
Bahrain,14.0,HARD,2.0,23.652866242038222,97.178
Bahrain,15.0,HARD,3.0,23.652866242038222,97.264
Bahrain,16.0,HARD,4.0,23.652866242038222,97.091
Bahrain,17.0,HARD,5.0,23.652866242038222,97.111
Bahrain,18.0,HARD,6.0,23.652866242038222,96.85
Bahrain,19.0,HARD,7.0,23.652866242038222,96.694
Bahrain,20.0,HARD,8.0,23.652866242038222,96.264
Bahrain,21.0,HARD,9.0,23.652866242038222,96.51
Bahrain,22.0,HARD,10.0,23.652866242038222,96.633
Bahrain,23.0,HARD,11.0,23.652866242038222,96.717
Bahrain,24.0,HARD,12.0,23.652866242038222,96.666
Bahrain,25.0,HARD,13.0,23.652866242038222,96.919
Bahrain,26.0,HARD,14.0,23.652866242038222,96.714
Bahrain,27.0,HARD,15.0,23.652866242038222,97.201
Bahrain,28.0,HARD,16.0,23.652866242038222,96.692
Bahrain,29.0,HARD,17.0,23.652866242038222,96.786
Bahrain,30.0,HARD,18.0,23.652866242038222,97.244
Bahrain,31.0,HARD,19.0,23.652866242038222,96.975
Bahrain,32.0,HARD,20.0,23.652866242038222,97.325
Bahrain,33.0,HARD,21.0,23.652866242038222,99.696
Bahrain,34.0,HARD,1.0,23.652866242038222,114.974
Bahrain,35.0,HARD,2.0,23.652866242038222,95.489
Bahrain,36.0,HARD,3.0,23.652866242038222,95.279
Bahrain,37.0,HARD,4.0,23.652866242038222,95.597
Bahrain,38.0,HARD,5.0,23.652866242038222,94.966
Bahrain,39.0,HARD,6.0,23.652866242038222,94.722
Bahrain,40.0,HARD,7.0,23.652866242038222,95.041
Bahrain,41.0,HARD,8.0,23.652866242038222,94.94
Bahrain,42.0,HARD,9.0,23.652866242038222,94.996
Bahrain,43.0,HARD,10.0,23.652866242038222,94.935
Bahrain,44.0,HARD,11.0,23.652866242038222,95.169
Bahrain,45.0,HARD,12.0,23.652866242038222,95.184
Bahrain,46.0,HARD,13.0,23.652866242038222,95.285
Bahrain,47.0,HARD,14.0,23.652866242038222,95.226
Bahrain,48.0,HARD,15.0,23.652866242038222,96.165
Bahrain,49.0,HARD,16.0,23.652866242038222,95.914
Bahrain,50.0,HARD,17.0,23.652866242038222,95.612
Bahrain,51.0,HARD,18.0,23.652866242038222,95.532
Bahrain,52.0,HARD,19.0,23.652866242038222,95.479
Bahrain,53.0,HARD,20.0,23.652866242038222,95.55
Bahrain,54.0,HARD,21.0,23.652866242038222,95.974
Bahrain,55.0,HARD,22.0,23.652866242038222,95.633
Bahrain,56.0,HARD,23.0,23.652866242038222,95.706
Bahrain,57.0,HARD,24.0,23.652866242038222,96.138
Bahrain,2.0,SOFT,5.0,23.652866242038222,98.382
Bahrain,3.0,SOFT,6.0,23.652866242038222,98.258
Bahrain,4.0,SOFT,7.0,23.652866242038222,97.897
Bahrain,5.0,SOFT,8.0,23.652866242038222,97.859
Bahrain,6.0,SOFT,9.0,23.652866242038222,97.955
Bahrain,7.0,SOFT,10.0,23.652866242038222,97.984
Bahrain,8.0,SOFT,11.0,23.652866242038222,97.956
Bahrain,9.0,SOFT,12.0,23.652866242038222,98.096
Bahrain,11.0,SOFT,14.0,23.652866242038222,98.397
Bahrain,12.0,SOFT,15.0,23.652866242038222,100.739
Bahrain,13.0,HARD,1.0,23.652866242038222,118.689
Bahrain,14.0,HARD,2.0,23.652866242038222,96.796
Bahrain,15.0,HARD,3.0,23.652866242038222,96.823
Bahrain,16.0,HARD,4.0,23.652866242038222,96.427
Bahrain,17.0,HARD,5.0,23.652866242038222,96.872
Bahrain,18.0,HARD,6.0,23.652866242038222,97.095
Bahrain,19.0,HARD,7.0,23.652866242038222,96.577
Bahrain,20.0,HARD,8.0,23.652866242038222,96.644
Bahrain,21.0,HARD,9.0,23.652866242038222,96.733
Bahrain,22.0,HARD,10.0,23.652866242038222,96.555
Bahrain,23.0,HARD,11.0,23.652866242038222,96.68
Bahrain,24.0,HARD,12.0,23.652866242038222,96.884
Bahrain,25.0,HARD,13.0,23.652866242038222,97.008
Bahrain,26.0,HARD,14.0,23.652866242038222,96.882
Bahrain,27.0,HARD,15.0,23.652866242038222,96.905
Bahrain,28.0,HARD,16.0,23.652866242038222,96.905
Bahrain,29.0,HARD,17.0,23.652866242038222,97.179
Bahrain,30.0,HARD,18.0,23.652866242038222,97.177
Bahrain,31.0,HARD,19.0,23.652866242038222,97.57
Bahrain,32.0,HARD,20.0,23.652866242038222,97.163
Bahrain,33.0,HARD,21.0,23.652866242038222,97.088
Bahrain,34.0,HARD,22.0,23.652866242038222,99.211
Bahrain,35.0,HARD,1.0,23.652866242038222,119.703
Bahrain,36.0,HARD,2.0,23.652866242038222,95.153
Bahrain,37.0,HARD,3.0,23.652866242038222,94.774
Bahrain,38.0,HARD,4.0,23.652866242038222,95.298
Bahrain,39.0,HARD,5.0,23.652866242038222,94.983
Bahrain,40.0,HARD,6.0,23.652866242038222,95.005
Bahrain,41.0,HARD,7.0,23.652866242038222,95.109
Bahrain,42.0,HARD,8.0,23.652866242038222,95.341
Bahrain,43.0,HARD,9.0,23.652866242038222,95.258
Bahrain,44.0,HARD,10.0,23.652866242038222,95.238
Bahrain,45.0,HARD,11.0,23.652866242038222,95.306
Bahrain,46.0,HARD,12.0,23.652866242038222,95.296
Bahrain,47.0,HARD,13.0,23.652866242038222,95.376
Bahrain,48.0,HARD,14.0,23.652866242038222,95.702
Bahrain,49.0,HARD,15.0,23.652866242038222,95.653
Bahrain,50.0,HARD,16.0,23.652866242038222,95.984
Bahrain,51.0,HARD,17.0,23.652866242038222,95.8
Bahrain,52.0,HARD,18.0,23.652866242038222,96.024
Bahrain,53.0,HARD,19.0,23.652866242038222,95.739
Bahrain,54.0,HARD,20.0,23.652866242038222,96.107
Bahrain,55.0,HARD,21.0,23.652866242038222,95.973
Bahrain,56.0,HARD,22.0,23.652866242038222,96.1
Bahrain,57.0,HARD,23.0,23.652866242038222,95.92
Bahrain,2.0,SOFT,5.0,23.652866242038222,98.02
Bahrain,3.0,SOFT,6.0,23.652866242038222,99.046
Bahrain,4.0,SOFT,7.0,23.652866242038222,97.776
Bahrain,5.0,SOFT,8.0,23.652866242038222,99.292
Bahrain,6.0,SOFT,9.0,23.652866242038222,98.053
Bahrain,7.0,SOFT,10.0,23.652866242038222,98.008
Bahrain,8.0,SOFT,11.0,23.652866242038222,98.103
Bahrain,9.0,SOFT,12.0,23.652866242038222,98.896
Bahrain,11.0,SOFT,14.0,23.652866242038222,98.554
Bahrain,12.0,SOFT,15.0,23.652866242038222,98.543
Bahrain,13.0,SOFT,16.0,23.652866242038222,98.587
Bahrain,14.0,SOFT,17.0,23.652866242038222,98.612
Bahrain,15.0,SOFT,18.0,23.652866242038222,101.101
Bahrain,16.0,HARD,1.0,23.652866242038222,118.814
Bahrain,17.0,HARD,2.0,23.652866242038222,96.97
Bahrain,18.0,HARD,3.0,23.652866242038222,97.361
Bahrain,19.0,HARD,4.0,23.652866242038222,97.072
Bahrain,20.0,HARD,5.0,23.652866242038222,97.357
Bahrain,21.0,HARD,6.0,23.652866242038222,97.342
Bahrain,22.0,HARD,7.0,23.652866242038222,97.122
Bahrain,23.0,HARD,8.0,23.652866242038222,97.265
Bahrain,24.0,HARD,9.0,23.652866242038222,97.046
Bahrain,25.0,HARD,10.0,23.652866242038222,97.179
Bahrain,26.0,HARD,11.0,23.652866242038222,97.638
Bahrain,27.0,HARD,12.0,23.652866242038222,96.945
Bahrain,28.0,HARD,13.0,23.652866242038222,97.256
Bahrain,29.0,HARD,14.0,23.652866242038222,97.104
Bahrain,30.0,HARD,15.0,23.652866242038222,96.982
Bahrain,31.0,HARD,16.0,23.652866242038222,96.957
Bahrain,32.0,HARD,17.0,23.652866242038222,97.056
Bahrain,33.0,HARD,18.0,23.652866242038222,97.202
Bahrain,34.0,HARD,19.0,23.652866242038222,97.601
Bahrain,35.0,HARD,20.0,23.652866242038222,97.273
Bahrain,36.0,HARD,21.0,23.652866242038222,98.343
Bahrain,37.0,HARD,22.0,23.652866242038222,96.799
Bahrain,38.0,HARD,23.0,23.652866242038222,97.297
Bahrain,39.0,HARD,24.0,23.652866242038222,97.946
Bahrain,40.0,HARD,25.0,23.652866242038222,98.061
Bahrain,41.0,HARD,26.0,23.652866242038222,100.261
Bahrain,42.0,HARD,1.0,23.652866242038222,116.899
Bahrain,43.0,HARD,2.0,23.652866242038222,95.107
Bahrain,44.0,HARD,3.0,23.652866242038222,94.981
Bahrain,45.0,HARD,4.0,23.652866242038222,94.872
Bahrain,46.0,HARD,5.0,23.652866242038222,95.126
Bahrain,47.0,HARD,6.0,23.652866242038222,95.225
Bahrain,48.0,HARD,7.0,23.652866242038222,94.199
Bahrain,49.0,HARD,8.0,23.652866242038222,94.571
Bahrain,50.0,HARD,9.0,23.652866242038222,94.677
Bahrain,51.0,HARD,10.0,23.652866242038222,94.916
Bahrain,52.0,HARD,11.0,23.652866242038222,94.862
Bahrain,53.0,HARD,12.0,23.652866242038222,95.249
Bahrain,54.0,HARD,13.0,23.652866242038222,95.745
Bahrain,55.0,HARD,14.0,23.652866242038222,95.066
Bahrain,56.0,HARD,15.0,23.652866242038222,95.014
Bahrain,57.0,HARD,16.0,23.652866242038222,95.276
Bahrain,2.0,SOFT,2.0,23.652866242038222,97.987
Bahrain,3.0,SOFT,3.0,23.652866242038222,98.279
Bahrain,4.0,SOFT,4.0,23.652866242038222,98.364
Bahrain,5.0,SOFT,5.0,23.652866242038222,98.725
Bahrain,6.0,SOFT,6.0,23.652866242038222,98.925
Bahrain,7.0,SOFT,7.0,23.652866242038222,98.769
Bahrain,8.0,SOFT,8.0,23.652866242038222,98.857
Bahrain,9.0,SOFT,9.0,23.652866242038222,102.112
Bahrain,11.0,HARD,2.0,23.652866242038222,96.494
Bahrain,12.0,HARD,3.0,23.652866242038222,97.175
Bahrain,13.0,HARD,4.0,23.652866242038222,97.289
Bahrain,14.0,HARD,5.0,23.652866242038222,97.624
Bahrain,15.0,HARD,6.0,23.652866242038222,97.533
Bahrain,16.0,HARD,7.0,23.652866242038222,98.027
Bahrain,17.0,HARD,8.0,23.652866242038222,98.777
Bahrain,18.0,HARD,9.0,23.652866242038222,97.417
Bahrain,19.0,HARD,10.0,23.652866242038222,97.554
Bahrain,20.0,HARD,11.0,23.652866242038222,97.859
Bahrain,21.0,HARD,12.0,23.652866242038222,98.022
Bahrain,22.0,HARD,13.0,23.652866242038222,98.175
Bahrain,23.0,HARD,14.0,23.652866242038222,97.826
Bahrain,24.0,HARD,15.0,23.652866242038222,98.138
Bahrain,25.0,HARD,16.0,23.652866242038222,97.994
Bahrain,26.0,HARD,17.0,23.652866242038222,98.133
Bahrain,27.0,HARD,18.0,23.652866242038222,100.71
Bahrain,28.0,HARD,1.0,23.652866242038222,116.64
Bahrain,29.0,HARD,2.0,23.652866242038222,95.854
Bahrain,30.0,HARD,3.0,23.652866242038222,95.632
Bahrain,31.0,HARD,4.0,23.652866242038222,96.202
Bahrain,32.0,HARD,5.0,23.652866242038222,95.821
Bahrain,33.0,HARD,6.0,23.652866242038222,96.349
Bahrain,34.0,HARD,7.0,23.652866242038222,96.332
Bahrain,35.0,HARD,8.0,23.652866242038222,96.242
Bahrain,36.0,HARD,9.0,23.652866242038222,96.086
Bahrain,37.0,HARD,10.0,23.652866242038222,95.987
Bahrain,38.0,HARD,11.0,23.652866242038222,96.364
Bahrain,39.0,HARD,12.0,23.652866242038222,96.353
Bahrain,40.0,HARD,13.0,23.652866242038222,96.485
Bahrain,41.0,HARD,14.0,23.652866242038222,96.322
Bahrain,42.0,HARD,15.0,23.652866242038222,96.343
Bahrain,43.0,HARD,16.0,23.652866242038222,96.304
Bahrain,44.0,HARD,17.0,23.652866242038222,96.564
Bahrain,45.0,HARD,18.0,23.652866242038222,96.243
Bahrain,46.0,HARD,19.0,23.652866242038222,96.379
Bahrain,47.0,HARD,20.0,23.652866242038222,96.298
Bahrain,48.0,HARD,21.0,23.652866242038222,97.325
Bahrain,49.0,HARD,22.0,23.652866242038222,96.871
Bahrain,50.0,HARD,23.0,23.652866242038222,96.541
Bahrain,51.0,HARD,24.0,23.652866242038222,96.763
Bahrain,52.0,HARD,25.0,23.652866242038222,96.934
Bahrain,53.0,HARD,26.0,23.652866242038222,96.64
Bahrain,54.0,HARD,27.0,23.652866242038222,96.693
Bahrain,55.0,HARD,28.0,23.652866242038222,96.68
Bahrain,56.0,HARD,29.0,23.652866242038222,96.582
Bahrain,57.0,HARD,30.0,23.652866242038222,97.335
Bahrain,2.0,SOFT,2.0,23.652866242038222,98.92
Bahrain,3.0,SOFT,3.0,23.652866242038222,98.582
Bahrain,4.0,SOFT,4.0,23.652866242038222,98.428
Bahrain,5.0,SOFT,5.0,23.652866242038222,98.798
Bahrain,6.0,SOFT,6.0,23.652866242038222,98.488
Bahrain,7.0,SOFT,7.0,23.652866242038222,99.517
Bahrain,8.0,SOFT,8.0,23.652866242038222,99.646
Bahrain,9.0,SOFT,9.0,23.652866242038222,101.849
Bahrain,11.0,HARD,2.0,23.652866242038222,96.365
Bahrain,12.0,HARD,3.0,23.652866242038222,96.995
Bahrain,13.0,HARD,4.0,23.652866242038222,97.436
Bahrain,14.0,HARD,5.0,23.652866242038222,97.482
Bahrain,15.0,HARD,6.0,23.652866242038222,97.5
Bahrain,16.0,HARD,7.0,23.652866242038222,97.659
Bahrain,17.0,HARD,8.0,23.652866242038222,98.475
Bahrain,18.0,HARD,9.0,23.652866242038222,97.552
Bahrain,19.0,HARD,10.0,23.652866242038222,97.652
Bahrain,20.0,HARD,11.0,23.652866242038222,97.749
Bahrain,21.0,HARD,12.0,23.652866242038222,97.947
Bahrain,22.0,HARD,13.0,23.652866242038222,97.852
Bahrain,23.0,HARD,14.0,23.652866242038222,97.788
Bahrain,24.0,HARD,15.0,23.652866242038222,97.894
Bahrain,25.0,HARD,16.0,23.652866242038222,97.883
Bahrain,26.0,HARD,17.0,23.652866242038222,97.995
Bahrain,27.0,HARD,18.0,23.652866242038222,98.053
Bahrain,28.0,HARD,19.0,23.652866242038222,100.675
Bahrain,29.0,HARD,1.0,23.652866242038222,117.076
Bahrain,30.0,HARD,2.0,23.652866242038222,95.458
Bahrain,31.0,HARD,3.0,23.652866242038222,96.297
Bahrain,32.0,HARD,4.0,23.652866242038222,96.048
Bahrain,33.0,HARD,5.0,23.652866242038222,97.971
Bahrain,34.0,HARD,6.0,23.652866242038222,96.518
Bahrain,35.0,HARD,7.0,23.652866242038222,96.546
Bahrain,36.0,HARD,8.0,23.652866242038222,96.931
Bahrain,37.0,HARD,9.0,23.652866242038222,96.805
Bahrain,38.0,HARD,10.0,23.652866242038222,96.857
Bahrain,39.0,HARD,11.0,23.652866242038222,96.637
Bahrain,40.0,HARD,12.0,23.652866242038222,96.683
Bahrain,41.0,HARD,13.0,23.652866242038222,96.695
Bahrain,42.0,HARD,14.0,23.652866242038222,96.652
Bahrain,43.0,HARD,15.0,23.652866242038222,96.771
Bahrain,44.0,HARD,16.0,23.652866242038222,97.417
Bahrain,45.0,HARD,17.0,23.652866242038222,96.68
Bahrain,46.0,HARD,18.0,23.652866242038222,96.741
Bahrain,47.0,HARD,19.0,23.652866242038222,96.561
Bahrain,48.0,HARD,20.0,23.652866242038222,96.654
Bahrain,49.0,HARD,21.0,23.652866242038222,96.72
Bahrain,50.0,HARD,22.0,23.652866242038222,96.792
Bahrain,51.0,HARD,23.0,23.652866242038222,97.042
Bahrain,52.0,HARD,24.0,23.652866242038222,97.394
Bahrain,53.0,HARD,25.0,23.652866242038222,97.141
Bahrain,54.0,HARD,26.0,23.652866242038222,98.389
Bahrain,55.0,HARD,27.0,23.652866242038222,97.383
Bahrain,56.0,HARD,28.0,23.652866242038222,97.333
Bahrain,2.0,SOFT,2.0,23.652866242038222,98.911
Bahrain,3.0,SOFT,3.0,23.652866242038222,98.399
Bahrain,4.0,SOFT,4.0,23.652866242038222,98.497
Bahrain,5.0,SOFT,5.0,23.652866242038222,98.576
Bahrain,6.0,SOFT,6.0,23.652866242038222,98.529
Bahrain,7.0,SOFT,7.0,23.652866242038222,100.058
Bahrain,8.0,SOFT,8.0,23.652866242038222,99.172
Bahrain,9.0,SOFT,9.0,23.652866242038222,98.861
Bahrain,11.0,SOFT,11.0,23.652866242038222,101.088
Bahrain,12.0,HARD,1.0,23.652866242038222,119.682
Bahrain,13.0,HARD,2.0,23.652866242038222,96.89
Bahrain,14.0,HARD,3.0,23.652866242038222,97.59
Bahrain,15.0,HARD,4.0,23.652866242038222,98.332
Bahrain,16.0,HARD,5.0,23.652866242038222,97.749
Bahrain,17.0,HARD,6.0,23.652866242038222,98.282
Bahrain,18.0,HARD,7.0,23.652866242038222,97.583
Bahrain,19.0,HARD,8.0,23.652866242038222,97.792
Bahrain,20.0,HARD,9.0,23.652866242038222,98.062
Bahrain,21.0,HARD,10.0,23.652866242038222,98.01
Bahrain,22.0,HARD,11.0,23.652866242038222,98.147
Bahrain,23.0,HARD,12.0,23.652866242038222,98.293
Bahrain,24.0,HARD,13.0,23.652866242038222,98.156
Bahrain,25.0,HARD,14.0,23.652866242038222,98.29
Bahrain,26.0,HARD,15.0,23.652866242038222,98.093
Bahrain,27.0,HARD,16.0,23.652866242038222,98.226
Bahrain,28.0,HARD,17.0,23.652866242038222,97.936
Bahrain,29.0,HARD,18.0,23.652866242038222,97.965
Bahrain,30.0,HARD,19.0,23.652866242038222,98.04
Bahrain,31.0,HARD,20.0,23.652866242038222,98.0
Bahrain,32.0,HARD,21.0,23.652866242038222,100.565
Bahrain,33.0,HARD,1.0,23.652866242038222,116.655
Bahrain,34.0,HARD,2.0,23.652866242038222,95.57
Bahrain,35.0,HARD,3.0,23.652866242038222,95.698
Bahrain,36.0,HARD,4.0,23.652866242038222,95.851
Bahrain,37.0,HARD,5.0,23.652866242038222,95.741
Bahrain,38.0,HARD,6.0,23.652866242038222,96.042
Bahrain,39.0,HARD,7.0,23.652866242038222,95.876
Bahrain,40.0,HARD,8.0,23.652866242038222,96.071
Bahrain,41.0,HARD,9.0,23.652866242038222,96.34
Bahrain,42.0,HARD,10.0,23.652866242038222,96.31
Bahrain,43.0,HARD,11.0,23.652866242038222,96.232
Bahrain,44.0,HARD,12.0,23.652866242038222,96.249
Bahrain,45.0,HARD,13.0,23.652866242038222,96.349
Bahrain,46.0,HARD,14.0,23.652866242038222,96.446
Bahrain,47.0,HARD,15.0,23.652866242038222,96.454
Bahrain,48.0,HARD,16.0,23.652866242038222,96.679
Bahrain,49.0,HARD,17.0,23.652866242038222,96.842
Bahrain,50.0,HARD,18.0,23.652866242038222,97.035
Bahrain,51.0,HARD,19.0,23.652866242038222,96.929
Bahrain,52.0,HARD,20.0,23.652866242038222,96.93
Bahrain,53.0,HARD,21.0,23.652866242038222,97.958
Bahrain,54.0,HARD,22.0,23.652866242038222,96.89
Bahrain,55.0,HARD,23.0,23.652866242038222,97.457
Bahrain,56.0,HARD,24.0,23.652866242038222,97.584
Bahrain,2.0,SOFT,5.0,23.652866242038222,99.509
Bahrain,3.0,SOFT,6.0,23.652866242038222,98.76
Bahrain,4.0,SOFT,7.0,23.652866242038222,98.61
Bahrain,5.0,SOFT,8.0,23.652866242038222,98.704
Bahrain,6.0,SOFT,9.0,23.652866242038222,98.689
Bahrain,7.0,SOFT,10.0,23.652866242038222,99.193
Bahrain,8.0,SOFT,11.0,23.652866242038222,99.529
Bahrain,9.0,SOFT,12.0,23.652866242038222,99.338
Bahrain,11.0,SOFT,14.0,23.652866242038222,99.033
Bahrain,12.0,SOFT,15.0,23.652866242038222,98.893
Bahrain,13.0,SOFT,16.0,23.652866242038222,102.173
Bahrain,14.0,HARD,1.0,23.652866242038222,119.408
Bahrain,15.0,HARD,2.0,23.652866242038222,97.07
Bahrain,16.0,HARD,3.0,23.652866242038222,97.176
Bahrain,17.0,HARD,4.0,23.652866242038222,97.29
Bahrain,18.0,HARD,5.0,23.652866242038222,97.7
Bahrain,19.0,HARD,6.0,23.652866242038222,98.35
Bahrain,20.0,HARD,7.0,23.652866242038222,97.865
Bahrain,21.0,HARD,8.0,23.652866242038222,97.392
Bahrain,22.0,HARD,9.0,23.652866242038222,97.75
Bahrain,23.0,HARD,10.0,23.652866242038222,97.772
Bahrain,24.0,HARD,11.0,23.652866242038222,97.766
Bahrain,25.0,HARD,12.0,23.652866242038222,97.973
Bahrain,26.0,HARD,13.0,23.652866242038222,98.029
Bahrain,27.0,HARD,14.0,23.652866242038222,98.152
Bahrain,28.0,HARD,15.0,23.652866242038222,98.045
Bahrain,29.0,HARD,16.0,23.652866242038222,97.96
Bahrain,30.0,HARD,17.0,23.652866242038222,97.978
Bahrain,31.0,HARD,18.0,23.652866242038222,98.154
Bahrain,32.0,HARD,19.0,23.652866242038222,98.025
Bahrain,33.0,HARD,20.0,23.652866242038222,98.15
Bahrain,34.0,HARD,21.0,23.652866242038222,98.246
Bahrain,35.0,HARD,22.0,23.652866242038222,100.595
Bahrain,36.0,SOFT,1.0,23.652866242038222,116.995
Bahrain,37.0,SOFT,2.0,23.652866242038222,95.163
Bahrain,38.0,SOFT,3.0,23.652866242038222,95.46
Bahrain,39.0,SOFT,4.0,23.652866242038222,95.475
Bahrain,40.0,SOFT,5.0,23.652866242038222,95.578
Bahrain,41.0,SOFT,6.0,23.652866242038222,95.644
Bahrain,42.0,SOFT,7.0,23.652866242038222,95.338
Bahrain,43.0,SOFT,8.0,23.652866242038222,95.56
Bahrain,44.0,SOFT,9.0,23.652866242038222,95.49
Bahrain,45.0,SOFT,10.0,23.652866242038222,95.57
Bahrain,46.0,SOFT,11.0,23.652866242038222,95.507
Bahrain,47.0,SOFT,12.0,23.652866242038222,95.831
Bahrain,48.0,SOFT,13.0,23.652866242038222,96.236
Bahrain,49.0,SOFT,14.0,23.652866242038222,96.442
Bahrain,50.0,SOFT,15.0,23.652866242038222,96.609
Bahrain,51.0,SOFT,16.0,23.652866242038222,97.103
Bahrain,52.0,SOFT,17.0,23.652866242038222,97.529
Bahrain,53.0,SOFT,18.0,23.652866242038222,96.745
Bahrain,54.0,SOFT,19.0,23.652866242038222,96.661
Bahrain,55.0,SOFT,20.0,23.652866242038222,97.375
Bahrain,56.0,SOFT,21.0,23.652866242038222,97.662
Bahrain,2.0,SOFT,2.0,23.652866242038222,98.689
Bahrain,3.0,SOFT,3.0,23.652866242038222,98.431
Bahrain,4.0,SOFT,4.0,23.652866242038222,98.31
Bahrain,5.0,SOFT,5.0,23.652866242038222,98.321
Bahrain,6.0,SOFT,6.0,23.652866242038222,98.361
Bahrain,7.0,SOFT,7.0,23.652866242038222,98.364
Bahrain,8.0,SOFT,8.0,23.652866242038222,98.513
Bahrain,9.0,SOFT,9.0,23.652866242038222,98.554
Bahrain,11.0,SOFT,11.0,23.652866242038222,98.799
Bahrain,12.0,SOFT,12.0,23.652866242038222,98.769
Bahrain,13.0,SOFT,13.0,23.652866242038222,98.86
Bahrain,14.0,SOFT,14.0,23.652866242038222,101.138
Bahrain,15.0,HARD,1.0,23.652866242038222,119.588
Bahrain,16.0,HARD,2.0,23.652866242038222,97.516
Bahrain,17.0,HARD,3.0,23.652866242038222,97.482
Bahrain,18.0,HARD,4.0,23.652866242038222,97.359
Bahrain,19.0,HARD,5.0,23.652866242038222,97.396
Bahrain,20.0,HARD,6.0,23.652866242038222,97.766
Bahrain,21.0,HARD,7.0,23.652866242038222,97.777
Bahrain,22.0,HARD,8.0,23.652866242038222,97.837
Bahrain,23.0,HARD,9.0,23.652866242038222,97.671
Bahrain,24.0,HARD,10.0,23.652866242038222,97.634
Bahrain,25.0,HARD,11.0,23.652866242038222,97.851
Bahrain,26.0,HARD,12.0,23.652866242038222,98.058
Bahrain,27.0,HARD,13.0,23.652866242038222,98.083
Bahrain,28.0,HARD,14.0,23.652866242038222,98.164
Bahrain,29.0,HARD,15.0,23.652866242038222,97.777
Bahrain,30.0,HARD,16.0,23.652866242038222,97.477
Bahrain,31.0,HARD,17.0,23.652866242038222,97.468
Bahrain,32.0,HARD,18.0,23.652866242038222,97.847
Bahrain,33.0,HARD,19.0,23.652866242038222,97.498
Bahrain,34.0,HARD,20.0,23.652866242038222,100.835
Bahrain,35.0,HARD,1.0,23.652866242038222,117.417
Bahrain,36.0,HARD,2.0,23.652866242038222,97.706
Bahrain,37.0,HARD,3.0,23.652866242038222,95.833
Bahrain,38.0,HARD,4.0,23.652866242038222,97.046
Bahrain,39.0,HARD,5.0,23.652866242038222,96.125
Bahrain,40.0,HARD,6.0,23.652866242038222,96.263
Bahrain,41.0,HARD,7.0,23.652866242038222,96.179
Bahrain,42.0,HARD,8.0,23.652866242038222,95.981
Bahrain,43.0,HARD,9.0,23.652866242038222,95.956
Bahrain,44.0,HARD,10.0,23.652866242038222,96.144
Bahrain,45.0,HARD,11.0,23.652866242038222,95.964
Bahrain,46.0,HARD,12.0,23.652866242038222,96.187
Bahrain,47.0,HARD,13.0,23.652866242038222,96.396
Bahrain,48.0,HARD,14.0,23.652866242038222,96.554
Bahrain,49.0,HARD,15.0,23.652866242038222,96.695
Bahrain,50.0,HARD,16.0,23.652866242038222,96.827
Bahrain,51.0,HARD,17.0,23.652866242038222,97.067
Bahrain,52.0,HARD,18.0,23.652866242038222,99.042
Bahrain,53.0,HARD,19.0,23.652866242038222,96.838
Bahrain,54.0,HARD,20.0,23.652866242038222,96.672
Bahrain,55.0,HARD,21.0,23.652866242038222,97.269
Bahrain,56.0,HARD,22.0,23.652866242038222,97.473
Bahrain,2.0,SOFT,2.0,23.652866242038222,98.826
Bahrain,3.0,SOFT,3.0,23.652866242038222,98.507
Bahrain,4.0,SOFT,4.0,23.652866242038222,98.422
Bahrain,5.0,SOFT,5.0,23.652866242038222,98.509
Bahrain,6.0,SOFT,6.0,23.652866242038222,98.575
Bahrain,7.0,SOFT,7.0,23.652866242038222,98.971
Bahrain,8.0,SOFT,8.0,23.652866242038222,98.66
Bahrain,9.0,SOFT,9.0,23.652866242038222,98.652
Bahrain,11.0,SOFT,11.0,23.652866242038222,98.835
Bahrain,12.0,SOFT,12.0,23.652866242038222,98.934
Bahrain,13.0,SOFT,13.0,23.652866242038222,98.823
Bahrain,14.0,SOFT,14.0,23.652866242038222,98.977
Bahrain,15.0,SOFT,15.0,23.652866242038222,101.171
Bahrain,16.0,HARD,1.0,23.652866242038222,119.341
Bahrain,17.0,HARD,2.0,23.652866242038222,97.392
Bahrain,18.0,HARD,3.0,23.652866242038222,97.59
Bahrain,19.0,HARD,4.0,23.652866242038222,97.763
Bahrain,20.0,HARD,5.0,23.652866242038222,97.701
Bahrain,21.0,HARD,6.0,23.652866242038222,97.918
Bahrain,22.0,HARD,7.0,23.652866242038222,98.031
Bahrain,23.0,HARD,8.0,23.652866242038222,97.869
Bahrain,24.0,HARD,9.0,23.652866242038222,98.204
Bahrain,25.0,HARD,10.0,23.652866242038222,98.226
Bahrain,26.0,HARD,11.0,23.652866242038222,98.1
Bahrain,27.0,HARD,12.0,23.652866242038222,98.296
Bahrain,28.0,HARD,13.0,23.652866242038222,98.048
Bahrain,29.0,HARD,14.0,23.652866242038222,97.879
Bahrain,30.0,HARD,15.0,23.652866242038222,97.968
Bahrain,31.0,HARD,16.0,23.652866242038222,98.135
Bahrain,32.0,HARD,17.0,23.652866242038222,98.183
Bahrain,33.0,HARD,18.0,23.652866242038222,98.346
Bahrain,34.0,HARD,19.0,23.652866242038222,97.75
Bahrain,35.0,HARD,20.0,23.652866242038222,97.767
Bahrain,36.0,HARD,21.0,23.652866242038222,100.333
Bahrain,37.0,HARD,1.0,23.652866242038222,117.632
Bahrain,38.0,HARD,2.0,23.652866242038222,96.129
Bahrain,39.0,HARD,3.0,23.652866242038222,95.856
Bahrain,40.0,HARD,4.0,23.652866242038222,95.723
Bahrain,41.0,HARD,5.0,23.652866242038222,95.885
Bahrain,42.0,HARD,6.0,23.652866242038222,95.799
Bahrain,43.0,HARD,7.0,23.652866242038222,95.766
Bahrain,44.0,HARD,8.0,23.652866242038222,95.783
Bahrain,45.0,HARD,9.0,23.652866242038222,95.758
Bahrain,46.0,HARD,10.0,23.652866242038222,96.008
Bahrain,47.0,HARD,11.0,23.652866242038222,96.026
Bahrain,48.0,HARD,12.0,23.652866242038222,96.135
Bahrain,49.0,HARD,13.0,23.652866242038222,97.102
Bahrain,50.0,HARD,14.0,23.652866242038222,97.616
Bahrain,51.0,HARD,15.0,23.652866242038222,97.493
Bahrain,52.0,HARD,16.0,23.652866242038222,96.218
Bahrain,53.0,HARD,17.0,23.652866242038222,96.308
Bahrain,54.0,HARD,18.0,23.652866242038222,96.334
Bahrain,55.0,HARD,19.0,23.652866242038222,96.593
Bahrain,56.0,HARD,20.0,23.652866242038222,96.922
Bahrain,2.0,HARD,1.0,23.652866242038222,130.911
Bahrain,3.0,HARD,2.0,23.652866242038222,97.317
Bahrain,4.0,HARD,3.0,23.652866242038222,97.349
Bahrain,5.0,HARD,4.0,23.652866242038222,97.663
Bahrain,6.0,HARD,5.0,23.652866242038222,97.896
Bahrain,7.0,HARD,6.0,23.652866242038222,97.682
Bahrain,8.0,HARD,7.0,23.652866242038222,97.82
Bahrain,11.0,HARD,10.0,23.652866242038222,97.638
Bahrain,12.0,HARD,11.0,23.652866242038222,97.706
Bahrain,13.0,HARD,12.0,23.652866242038222,97.801
Bahrain,14.0,HARD,13.0,23.652866242038222,97.879
Bahrain,15.0,HARD,14.0,23.652866242038222,98.11
Bahrain,16.0,HARD,15.0,23.652866242038222,97.796
Bahrain,17.0,HARD,16.0,23.652866242038222,97.891
Bahrain,18.0,HARD,17.0,23.652866242038222,98.216
Bahrain,19.0,HARD,18.0,23.652866242038222,97.862
Bahrain,20.0,HARD,19.0,23.652866242038222,100.798
Bahrain,21.0,HARD,1.0,23.652866242038222,118.699
Bahrain,22.0,HARD,2.0,23.652866242038222,96.858
Bahrain,23.0,HARD,3.0,23.652866242038222,96.725
Bahrain,24.0,HARD,4.0,23.652866242038222,96.626
Bahrain,25.0,HARD,5.0,23.652866242038222,96.652
Bahrain,26.0,HARD,6.0,23.652866242038222,96.548
Bahrain,27.0,HARD,7.0,23.652866242038222,96.647
Bahrain,28.0,HARD,8.0,23.652866242038222,97.254
Bahrain,29.0,HARD,9.0,23.652866242038222,96.837
Bahrain,30.0,HARD,10.0,23.652866242038222,96.691
Bahrain,31.0,HARD,11.0,23.652866242038222,96.578
Bahrain,32.0,HARD,12.0,23.652866242038222,96.935
Bahrain,33.0,HARD,13.0,23.652866242038222,96.784
Bahrain,34.0,HARD,14.0,23.652866242038222,96.692
Bahrain,35.0,HARD,15.0,23.652866242038222,96.959
Bahrain,36.0,HARD,16.0,23.652866242038222,96.795
Bahrain,37.0,HARD,17.0,23.652866242038222,96.723
Bahrain,38.0,HARD,18.0,23.652866242038222,100.083
Bahrain,39.0,HARD,19.0,23.652866242038222,97.476
Bahrain,40.0,HARD,20.0,23.652866242038222,97.088
Bahrain,41.0,HARD,21.0,23.652866242038222,99.569
Bahrain,42.0,SOFT,2.0,23.652866242038222,116.108
Bahrain,43.0,SOFT,3.0,23.652866242038222,95.76
Bahrain,44.0,SOFT,4.0,23.652866242038222,95.59
Bahrain,45.0,SOFT,5.0,23.652866242038222,95.119
Bahrain,46.0,SOFT,6.0,23.652866242038222,94.834
Bahrain,47.0,SOFT,7.0,23.652866242038222,95.226
Bahrain,48.0,SOFT,8.0,23.652866242038222,95.146
Bahrain,49.0,SOFT,9.0,23.652866242038222,95.494
Bahrain,50.0,SOFT,10.0,23.652866242038222,95.167
Bahrain,51.0,SOFT,11.0,23.652866242038222,95.529
Bahrain,52.0,SOFT,12.0,23.652866242038222,95.921
Bahrain,53.0,SOFT,13.0,23.652866242038222,95.994
Bahrain,54.0,SOFT,14.0,23.652866242038222,95.786
Bahrain,55.0,SOFT,15.0,23.652866242038222,95.736
Bahrain,56.0,SOFT,16.0,23.652866242038222,95.602
Bahrain,2.0,SOFT,2.0,23.652866242038222,99.094
Bahrain,3.0,SOFT,3.0,23.652866242038222,98.771
Bahrain,4.0,SOFT,4.0,23.652866242038222,98.625
Bahrain,5.0,SOFT,5.0,23.652866242038222,98.64
Bahrain,6.0,SOFT,6.0,23.652866242038222,98.874
Bahrain,7.0,SOFT,7.0,23.652866242038222,99.152
Bahrain,8.0,SOFT,8.0,23.652866242038222,99.422
Bahrain,9.0,SOFT,9.0,23.652866242038222,99.312
Bahrain,11.0,HARD,1.0,23.652866242038222,119.014
Bahrain,12.0,HARD,2.0,23.652866242038222,97.599
Bahrain,13.0,HARD,3.0,23.652866242038222,97.363
Bahrain,14.0,HARD,4.0,23.652866242038222,97.537
Bahrain,15.0,HARD,5.0,23.652866242038222,97.843
Bahrain,16.0,HARD,6.0,23.652866242038222,97.902
Bahrain,17.0,HARD,7.0,23.652866242038222,98.911
Bahrain,18.0,HARD,8.0,23.652866242038222,98.12
Bahrain,19.0,HARD,9.0,23.652866242038222,98.332
Bahrain,20.0,HARD,10.0,23.652866242038222,98.185
Bahrain,21.0,HARD,11.0,23.652866242038222,99.363
Bahrain,22.0,HARD,12.0,23.652866242038222,98.655
Bahrain,23.0,HARD,13.0,23.652866242038222,98.407
Bahrain,24.0,HARD,14.0,23.652866242038222,98.42
Bahrain,25.0,HARD,15.0,23.652866242038222,98.494
Bahrain,26.0,HARD,16.0,23.652866242038222,98.665
Bahrain,27.0,HARD,17.0,23.652866242038222,98.549
Bahrain,28.0,HARD,18.0,23.652866242038222,98.372
Bahrain,29.0,HARD,19.0,23.652866242038222,98.556
Bahrain,30.0,HARD,20.0,23.652866242038222,101.21
Bahrain,31.0,HARD,1.0,23.652866242038222,119.322
Bahrain,32.0,HARD,2.0,23.652866242038222,96.887
Bahrain,33.0,HARD,3.0,23.652866242038222,96.704
Bahrain,34.0,HARD,4.0,23.652866242038222,96.226
Bahrain,35.0,HARD,5.0,23.652866242038222,96.354
Bahrain,36.0,HARD,6.0,23.652866242038222,97.229
Bahrain,37.0,HARD,7.0,23.652866242038222,96.58
Bahrain,38.0,HARD,8.0,23.652866242038222,96.814
Bahrain,39.0,HARD,9.0,23.652866242038222,96.552
Bahrain,40.0,HARD,10.0,23.652866242038222,96.608
Bahrain,41.0,HARD,11.0,23.652866242038222,96.621
Bahrain,42.0,HARD,12.0,23.652866242038222,96.592
Bahrain,43.0,HARD,13.0,23.652866242038222,96.679
Bahrain,44.0,HARD,14.0,23.652866242038222,96.649
Bahrain,45.0,HARD,15.0,23.652866242038222,98.049
Bahrain,46.0,HARD,16.0,23.652866242038222,96.975
Bahrain,47.0,HARD,17.0,23.652866242038222,96.656
Bahrain,48.0,HARD,18.0,23.652866242038222,97.117
Bahrain,49.0,HARD,19.0,23.652866242038222,97.726
Bahrain,50.0,HARD,20.0,23.652866242038222,97.784
Bahrain,51.0,HARD,21.0,23.652866242038222,97.091
Bahrain,52.0,HARD,22.0,23.652866242038222,98.631
Bahrain,53.0,HARD,23.0,23.652866242038222,97.145
Bahrain,54.0,HARD,24.0,23.652866242038222,98.707
Bahrain,55.0,HARD,25.0,23.652866242038222,97.393
Bahrain,56.0,HARD,26.0,23.652866242038222,97.415
Bahrain,2.0,SOFT,2.0,23.652866242038222,99.059
Bahrain,3.0,SOFT,3.0,23.652866242038222,98.744
Bahrain,4.0,SOFT,4.0,23.652866242038222,98.503
Bahrain,5.0,SOFT,5.0,23.652866242038222,98.664
Bahrain,6.0,SOFT,6.0,23.652866242038222,99.099
Bahrain,7.0,SOFT,7.0,23.652866242038222,99.078
Bahrain,8.0,SOFT,8.0,23.652866242038222,99.287
Bahrain,9.0,SOFT,9.0,23.652866242038222,99.452
Bahrain,11.0,SOFT,11.0,23.652866242038222,98.656
Bahrain,12.0,SOFT,12.0,23.652866242038222,101.456
Bahrain,13.0,HARD,1.0,23.652866242038222,124.565
Bahrain,14.0,HARD,2.0,23.652866242038222,97.689
Bahrain,15.0,HARD,3.0,23.652866242038222,97.492
Bahrain,16.0,HARD,4.0,23.652866242038222,97.521
Bahrain,17.0,HARD,5.0,23.652866242038222,97.949
Bahrain,18.0,HARD,6.0,23.652866242038222,97.791
Bahrain,19.0,HARD,7.0,23.652866242038222,97.702
Bahrain,20.0,HARD,8.0,23.652866242038222,98.036
Bahrain,21.0,HARD,9.0,23.652866242038222,98.094
Bahrain,22.0,HARD,10.0,23.652866242038222,97.868
Bahrain,23.0,HARD,11.0,23.652866242038222,98.104
Bahrain,24.0,HARD,12.0,23.652866242038222,98.192
Bahrain,25.0,HARD,13.0,23.652866242038222,98.16
Bahrain,26.0,HARD,14.0,23.652866242038222,98.379
Bahrain,27.0,HARD,15.0,23.652866242038222,98.4
Bahrain,28.0,HARD,16.0,23.652866242038222,98.615
Bahrain,29.0,HARD,17.0,23.652866242038222,98.55
Bahrain,30.0,HARD,18.0,23.652866242038222,98.832
Bahrain,31.0,HARD,19.0,23.652866242038222,100.432
Bahrain,32.0,HARD,1.0,23.652866242038222,119.77
Bahrain,33.0,HARD,2.0,23.652866242038222,96.112
Bahrain,34.0,HARD,3.0,23.652866242038222,96.622
Bahrain,35.0,HARD,4.0,23.652866242038222,96.313
Bahrain,36.0,HARD,5.0,23.652866242038222,96.45
Bahrain,37.0,HARD,6.0,23.652866242038222,96.629
Bahrain,38.0,HARD,7.0,23.652866242038222,96.802
Bahrain,39.0,HARD,8.0,23.652866242038222,96.537
Bahrain,40.0,HARD,9.0,23.652866242038222,96.742
Bahrain,41.0,HARD,10.0,23.652866242038222,96.571
Bahrain,42.0,HARD,11.0,23.652866242038222,96.631
Bahrain,43.0,HARD,12.0,23.652866242038222,99.291
Bahrain,44.0,SOFT,1.0,23.652866242038222,116.481
Bahrain,45.0,SOFT,2.0,23.652866242038222,94.805
Bahrain,46.0,SOFT,3.0,23.652866242038222,95.293
Bahrain,47.0,SOFT,4.0,23.652866242038222,95.341
Bahrain,48.0,SOFT,5.0,23.652866242038222,95.411
Bahrain,49.0,SOFT,6.0,23.652866242038222,95.511
Bahrain,50.0,SOFT,7.0,23.652866242038222,95.228
Bahrain,51.0,SOFT,8.0,23.652866242038222,95.334
Bahrain,52.0,SOFT,9.0,23.652866242038222,95.511
Bahrain,53.0,SOFT,10.0,23.652866242038222,95.389
Bahrain,54.0,SOFT,11.0,23.652866242038222,95.853
Bahrain,55.0,SOFT,12.0,23.652866242038222,95.908
Bahrain,56.0,SOFT,13.0,23.652866242038222,96.086
Bahrain,2.0,SOFT,2.0,23.652866242038222,98.259
Bahrain,3.0,SOFT,3.0,23.652866242038222,98.837
Bahrain,4.0,SOFT,4.0,23.652866242038222,98.643
Bahrain,5.0,SOFT,5.0,23.652866242038222,100.087
Bahrain,6.0,SOFT,6.0,23.652866242038222,99.206
Bahrain,7.0,SOFT,7.0,23.652866242038222,98.654
Bahrain,8.0,SOFT,8.0,23.652866242038222,98.968
Bahrain,9.0,SOFT,9.0,23.652866242038222,99.425
Bahrain,11.0,SOFT,11.0,23.652866242038222,99.187
Bahrain,12.0,SOFT,12.0,23.652866242038222,103.145
Bahrain,13.0,HARD,1.0,23.652866242038222,121.081
Bahrain,14.0,HARD,2.0,23.652866242038222,96.454
Bahrain,15.0,HARD,3.0,23.652866242038222,97.287
Bahrain,16.0,HARD,4.0,23.652866242038222,97.718
Bahrain,17.0,HARD,5.0,23.652866242038222,97.765
Bahrain,18.0,HARD,6.0,23.652866242038222,97.918
Bahrain,19.0,HARD,7.0,23.652866242038222,97.662
Bahrain,20.0,HARD,8.0,23.652866242038222,98.285
Bahrain,21.0,HARD,9.0,23.652866242038222,97.73
Bahrain,22.0,HARD,10.0,23.652866242038222,97.998
Bahrain,23.0,HARD,11.0,23.652866242038222,98.18
Bahrain,24.0,HARD,12.0,23.652866242038222,98.146
Bahrain,25.0,HARD,13.0,23.652866242038222,98.262
Bahrain,26.0,HARD,14.0,23.652866242038222,98.308
Bahrain,27.0,HARD,15.0,23.652866242038222,98.426
Bahrain,28.0,HARD,16.0,23.652866242038222,98.595
Bahrain,29.0,HARD,17.0,23.652866242038222,98.654
Bahrain,30.0,HARD,18.0,23.652866242038222,101.252
Bahrain,32.0,HARD,2.0,23.652866242038222,96.763
Bahrain,33.0,HARD,3.0,23.652866242038222,96.202
Bahrain,34.0,HARD,4.0,23.652866242038222,98.009
Bahrain,35.0,HARD,5.0,23.652866242038222,96.578
Bahrain,36.0,HARD,6.0,23.652866242038222,96.792
Bahrain,37.0,HARD,7.0,23.652866242038222,98.008
Bahrain,38.0,HARD,8.0,23.652866242038222,97.774
Bahrain,39.0,HARD,9.0,23.652866242038222,97.189
Bahrain,40.0,HARD,10.0,23.652866242038222,97.393
Bahrain,41.0,HARD,11.0,23.652866242038222,96.437
Bahrain,42.0,HARD,12.0,23.652866242038222,96.374
Bahrain,43.0,HARD,13.0,23.652866242038222,96.569
Bahrain,44.0,HARD,14.0,23.652866242038222,96.63
Bahrain,45.0,HARD,15.0,23.652866242038222,96.663
Bahrain,46.0,HARD,16.0,23.652866242038222,96.297
Bahrain,47.0,HARD,17.0,23.652866242038222,96.604
Bahrain,48.0,HARD,18.0,23.652866242038222,96.765
Bahrain,49.0,HARD,19.0,23.652866242038222,96.91
Bahrain,50.0,HARD,20.0,23.652866242038222,96.91
Bahrain,51.0,HARD,21.0,23.652866242038222,96.819
Bahrain,52.0,HARD,22.0,23.652866242038222,96.949
Bahrain,53.0,HARD,23.0,23.652866242038222,99.035
Bahrain,54.0,HARD,24.0,23.652866242038222,97.095
Bahrain,55.0,HARD,25.0,23.652866242038222,97.205
Bahrain,56.0,HARD,26.0,23.652866242038222,97.956
Bahrain,2.0,SOFT,2.0,23.652866242038222,98.481
Bahrain,3.0,SOFT,3.0,23.652866242038222,98.707
Bahrain,4.0,SOFT,4.0,23.652866242038222,98.39
Bahrain,5.0,SOFT,5.0,23.652866242038222,98.757
Bahrain,6.0,SOFT,6.0,23.652866242038222,98.582
Bahrain,7.0,SOFT,7.0,23.652866242038222,99.464
Bahrain,8.0,SOFT,8.0,23.652866242038222,99.58
Bahrain,9.0,SOFT,9.0,23.652866242038222,99.366
Bahrain,11.0,HARD,1.0,23.652866242038222,132.438
Bahrain,12.0,HARD,2.0,23.652866242038222,98.493
Bahrain,13.0,HARD,3.0,23.652866242038222,100.989
Bahrain,14.0,HARD,4.0,23.652866242038222,101.47
Bahrain,15.0,HARD,5.0,23.652866242038222,97.594
Bahrain,16.0,HARD,6.0,23.652866242038222,101.37
Bahrain,17.0,HARD,7.0,23.652866242038222,99.758
Bahrain,18.0,HARD,8.0,23.652866242038222,98.077
Bahrain,19.0,HARD,9.0,23.652866242038222,97.742
Bahrain,20.0,HARD,10.0,23.652866242038222,97.82
Bahrain,21.0,HARD,11.0,23.652866242038222,98.009
Bahrain,22.0,HARD,12.0,23.652866242038222,97.728
Bahrain,23.0,HARD,13.0,23.652866242038222,97.621
Bahrain,24.0,HARD,14.0,23.652866242038222,99.437
Bahrain,25.0,HARD,15.0,23.652866242038222,99.093
Bahrain,26.0,HARD,16.0,23.652866242038222,97.859
Bahrain,27.0,HARD,17.0,23.652866242038222,98.288
Bahrain,28.0,HARD,18.0,23.652866242038222,100.535
Bahrain,29.0,HARD,1.0,23.652866242038222,121.581
Bahrain,30.0,HARD,2.0,23.652866242038222,95.715
Bahrain,31.0,HARD,3.0,23.652866242038222,96.713
Bahrain,32.0,HARD,4.0,23.652866242038222,96.563
Bahrain,33.0,HARD,5.0,23.652866242038222,97.433
Bahrain,34.0,HARD,6.0,23.652866242038222,96.475
Bahrain,35.0,HARD,7.0,23.652866242038222,96.859
Bahrain,36.0,HARD,8.0,23.652866242038222,96.462
Bahrain,37.0,HARD,9.0,23.652866242038222,96.785
Bahrain,38.0,HARD,10.0,23.652866242038222,96.732
Bahrain,39.0,HARD,11.0,23.652866242038222,97.016
Bahrain,40.0,HARD,12.0,23.652866242038222,99.817
Bahrain,41.0,SOFT,1.0,23.652866242038222,120.282
Bahrain,42.0,SOFT,2.0,23.652866242038222,94.735
Bahrain,43.0,SOFT,3.0,23.652866242038222,95.001
Bahrain,44.0,SOFT,4.0,23.652866242038222,95.13
Bahrain,45.0,SOFT,5.0,23.652866242038222,95.333
Bahrain,46.0,SOFT,6.0,23.652866242038222,95.939
Bahrain,47.0,SOFT,7.0,23.652866242038222,96.729
Bahrain,48.0,SOFT,8.0,23.652866242038222,95.688
Bahrain,49.0,SOFT,9.0,23.652866242038222,95.59
Bahrain,50.0,SOFT,10.0,23.652866242038222,95.66
Bahrain,51.0,SOFT,11.0,23.652866242038222,95.972
Bahrain,52.0,SOFT,12.0,23.652866242038222,95.987
Bahrain,53.0,SOFT,13.0,23.652866242038222,96.088
Bahrain,54.0,SOFT,14.0,23.652866242038222,99.614
Bahrain,55.0,SOFT,15.0,23.652866242038222,96.209
Austria,1.0,MEDIUM,1.0,46.420979020979026,74.401
Austria,2.0,MEDIUM,2.0,46.420979020979026,70.58
Austria,3.0,MEDIUM,3.0,46.420979020979026,70.441
Austria,4.0,MEDIUM,4.0,46.420979020979026,70.467
Austria,5.0,MEDIUM,5.0,46.420979020979026,70.193
Austria,6.0,MEDIUM,6.0,46.420979020979026,71.033
Austria,7.0,MEDIUM,7.0,46.420979020979026,70.682
Austria,8.0,MEDIUM,8.0,46.420979020979026,70.655
Austria,9.0,MEDIUM,9.0,46.420979020979026,70.628
Austria,10.0,MEDIUM,10.0,46.420979020979026,71.263
Austria,11.0,MEDIUM,11.0,46.420979020979026,71.281
Austria,12.0,MEDIUM,12.0,46.420979020979026,71.135
Austria,13.0,MEDIUM,13.0,46.420979020979026,71.321
Austria,14.0,MEDIUM,14.0,46.420979020979026,71.44
Austria,15.0,MEDIUM,15.0,46.420979020979026,71.471
Austria,16.0,MEDIUM,16.0,46.420979020979026,71.382
Austria,17.0,MEDIUM,17.0,46.420979020979026,71.459
Austria,18.0,MEDIUM,18.0,46.420979020979026,71.297
Austria,19.0,MEDIUM,19.0,46.420979020979026,71.569
Austria,20.0,MEDIUM,20.0,46.420979020979026,71.531
Austria,21.0,MEDIUM,21.0,46.420979020979026,71.641
Austria,22.0,MEDIUM,22.0,46.420979020979026,75.077
Austria,23.0,MEDIUM,1.0,46.420979020979026,86.769
Austria,24.0,MEDIUM,2.0,46.420979020979026,69.563
Austria,25.0,MEDIUM,3.0,46.420979020979026,69.792
Austria,26.0,MEDIUM,4.0,46.420979020979026,70.037
Austria,27.0,MEDIUM,5.0,46.420979020979026,69.864
Austria,28.0,MEDIUM,6.0,46.420979020979026,70.085
Austria,29.0,MEDIUM,7.0,46.420979020979026,70.157
Austria,30.0,MEDIUM,8.0,46.420979020979026,70.18
Austria,31.0,MEDIUM,9.0,46.420979020979026,69.936
Austria,32.0,MEDIUM,10.0,46.420979020979026,70.219
Austria,33.0,MEDIUM,11.0,46.420979020979026,70.093
Austria,34.0,MEDIUM,12.0,46.420979020979026,70.26
Austria,35.0,MEDIUM,13.0,46.420979020979026,70.524
Austria,36.0,MEDIUM,14.0,46.420979020979026,70.598
Austria,37.0,MEDIUM,15.0,46.420979020979026,70.506
Austria,38.0,MEDIUM,16.0,46.420979020979026,70.64
Austria,39.0,MEDIUM,17.0,46.420979020979026,70.724
Austria,40.0,MEDIUM,18.0,46.420979020979026,70.761
Austria,41.0,MEDIUM,19.0,46.420979020979026,71.167
Austria,42.0,MEDIUM,20.0,46.420979020979026,70.797
Austria,43.0,MEDIUM,21.0,46.420979020979026,70.784
Austria,44.0,MEDIUM,22.0,46.420979020979026,71.385
Austria,45.0,MEDIUM,23.0,46.420979020979026,71.402
Austria,46.0,MEDIUM,24.0,46.420979020979026,75.687
Austria,47.0,HARD,1.0,46.420979020979026,86.144
Austria,48.0,HARD,2.0,46.420979020979026,69.164
Austria,49.0,HARD,3.0,46.420979020979026,69.288
Austria,50.0,HARD,4.0,46.420979020979026,69.342
Austria,51.0,HARD,5.0,46.420979020979026,69.759
Austria,52.0,HARD,6.0,46.420979020979026,69.881
Austria,53.0,HARD,7.0,46.420979020979026,69.872
Austria,54.0,HARD,8.0,46.420979020979026,70.372
Austria,55.0,HARD,9.0,46.420979020979026,69.895
Austria,56.0,HARD,10.0,46.420979020979026,69.711
Austria,57.0,HARD,11.0,46.420979020979026,70.064
Austria,58.0,HARD,12.0,46.420979020979026,70.002
Austria,59.0,HARD,13.0,46.420979020979026,69.961
Austria,60.0,HARD,14.0,46.420979020979026,70.065
Austria,61.0,HARD,15.0,46.420979020979026,69.611
Austria,62.0,HARD,16.0,46.420979020979026,70.05
Austria,63.0,HARD,17.0,46.420979020979026,70.042
Austria,65.0,HARD,19.0,46.420979020979026,70.278
Austria,67.0,HARD,21.0,46.420979020979026,69.352
Austria,68.0,HARD,22.0,46.420979020979026,69.645
Austria,69.0,HARD,23.0,46.420979020979026,69.747
Austria,70.0,HARD,24.0,46.420979020979026,69.627
Austria,71.0,HARD,25.0,46.420979020979026,70.193
Austria,1.0,MEDIUM,1.0,46.420979020979026,76.95
Austria,2.0,MEDIUM,2.0,46.420979020979026,70.541
Austria,3.0,MEDIUM,3.0,46.420979020979026,70.743
Austria,4.0,MEDIUM,4.0,46.420979020979026,70.81
Austria,5.0,MEDIUM,5.0,46.420979020979026,70.607
Austria,6.0,MEDIUM,6.0,46.420979020979026,71.246
Austria,7.0,MEDIUM,7.0,46.420979020979026,71.094
Austria,8.0,MEDIUM,8.0,46.420979020979026,71.351
Austria,9.0,MEDIUM,9.0,46.420979020979026,71.024
Austria,10.0,MEDIUM,10.0,46.420979020979026,71.369
Austria,11.0,MEDIUM,11.0,46.420979020979026,71.394
Austria,12.0,MEDIUM,12.0,46.420979020979026,71.153
Austria,13.0,MEDIUM,13.0,46.420979020979026,71.3
Austria,14.0,MEDIUM,14.0,46.420979020979026,71.424
Austria,15.0,MEDIUM,15.0,46.420979020979026,71.665
Austria,16.0,MEDIUM,16.0,46.420979020979026,71.484
Austria,17.0,MEDIUM,17.0,46.420979020979026,71.535
Austria,18.0,MEDIUM,18.0,46.420979020979026,71.577
Austria,19.0,MEDIUM,19.0,46.420979020979026,71.753
Austria,20.0,MEDIUM,20.0,46.420979020979026,71.741
Austria,21.0,MEDIUM,21.0,46.420979020979026,71.86
Austria,22.0,MEDIUM,22.0,46.420979020979026,71.366
Austria,23.0,MEDIUM,23.0,46.420979020979026,71.224
Austria,24.0,MEDIUM,24.0,46.420979020979026,71.335
Austria,25.0,MEDIUM,25.0,46.420979020979026,74.343
Austria,26.0,HARD,1.0,46.420979020979026,87.077
Austria,27.0,HARD,2.0,46.420979020979026,70.295
Austria,28.0,HARD,3.0,46.420979020979026,70.276
Austria,29.0,HARD,4.0,46.420979020979026,69.985
Austria,30.0,HARD,5.0,46.420979020979026,70.423
Austria,31.0,HARD,6.0,46.420979020979026,69.994
Austria,32.0,HARD,7.0,46.420979020979026,69.767
Austria,33.0,HARD,8.0,46.420979020979026,69.516
Austria,34.0,HARD,9.0,46.420979020979026,69.779
Austria,35.0,HARD,10.0,46.420979020979026,70.238
Austria,36.0,HARD,11.0,46.420979020979026,70.298
Austria,37.0,HARD,12.0,46.420979020979026,70.176
Austria,38.0,HARD,13.0,46.420979020979026,70.401
Austria,39.0,HARD,14.0,46.420979020979026,70.57
Austria,40.0,HARD,15.0,46.420979020979026,70.649
Austria,41.0,HARD,16.0,46.420979020979026,70.729
Austria,42.0,HARD,17.0,46.420979020979026,71.252
Austria,43.0,HARD,18.0,46.420979020979026,70.772
Austria,44.0,HARD,19.0,46.420979020979026,71.217
Austria,45.0,HARD,20.0,46.420979020979026,70.617
Austria,46.0,HARD,21.0,46.420979020979026,70.562
Austria,47.0,HARD,22.0,46.420979020979026,71.024
Austria,48.0,HARD,23.0,46.420979020979026,70.578
Austria,49.0,HARD,24.0,46.420979020979026,70.661
Austria,50.0,HARD,25.0,46.420979020979026,70.517
Austria,51.0,HARD,26.0,46.420979020979026,73.906
Austria,52.0,MEDIUM,1.0,46.420979020979026,85.352
Austria,53.0,MEDIUM,2.0,46.420979020979026,69.088
Austria,54.0,MEDIUM,3.0,46.420979020979026,69.014
Austria,55.0,MEDIUM,4.0,46.420979020979026,68.837
Austria,56.0,MEDIUM,5.0,46.420979020979026,68.697
Austria,57.0,MEDIUM,6.0,46.420979020979026,69.048
Austria,58.0,MEDIUM,7.0,46.420979020979026,69.441
Austria,59.0,MEDIUM,8.0,46.420979020979026,69.627
Austria,60.0,MEDIUM,9.0,46.420979020979026,69.616
Austria,61.0,MEDIUM,10.0,46.420979020979026,69.487
Austria,62.0,MEDIUM,11.0,46.420979020979026,69.634
Austria,63.0,MEDIUM,12.0,46.420979020979026,69.986
Austria,65.0,MEDIUM,14.0,46.420979020979026,70.14
Austria,67.0,MEDIUM,16.0,46.420979020979026,69.532
Austria,68.0,MEDIUM,17.0,46.420979020979026,69.241
Austria,69.0,MEDIUM,18.0,46.420979020979026,69.159
Austria,70.0,MEDIUM,19.0,46.420979020979026,69.989
Austria,71.0,MEDIUM,20.0,46.420979020979026,69.668
Austria,1.0,MEDIUM,1.0,46.420979020979026,75.456
Austria,2.0,MEDIUM,2.0,46.420979020979026,70.719
Austria,3.0,MEDIUM,3.0,46.420979020979026,70.828
Austria,4.0,MEDIUM,4.0,46.420979020979026,70.544
Austria,5.0,MEDIUM,5.0,46.420979020979026,70.401
Austria,6.0,MEDIUM,6.0,46.420979020979026,70.68
Austria,7.0,MEDIUM,7.0,46.420979020979026,71.222
Austria,8.0,MEDIUM,8.0,46.420979020979026,71.137
Austria,9.0,MEDIUM,9.0,46.420979020979026,70.723
Austria,10.0,MEDIUM,10.0,46.420979020979026,70.944
Austria,11.0,MEDIUM,11.0,46.420979020979026,70.839
Austria,12.0,MEDIUM,12.0,46.420979020979026,71.015
Austria,13.0,MEDIUM,13.0,46.420979020979026,71.309
Austria,14.0,MEDIUM,14.0,46.420979020979026,71.357
Austria,15.0,MEDIUM,15.0,46.420979020979026,71.572
Austria,16.0,MEDIUM,16.0,46.420979020979026,71.462
Austria,17.0,MEDIUM,17.0,46.420979020979026,71.706
Austria,18.0,MEDIUM,18.0,46.420979020979026,71.491
Austria,19.0,MEDIUM,19.0,46.420979020979026,71.839
Austria,20.0,MEDIUM,20.0,46.420979020979026,71.712
Austria,21.0,MEDIUM,21.0,46.420979020979026,71.807
Austria,22.0,MEDIUM,22.0,46.420979020979026,74.879
Austria,23.0,HARD,1.0,46.420979020979026,86.784
Austria,24.0,HARD,2.0,46.420979020979026,70.011
Austria,25.0,HARD,3.0,46.420979020979026,69.889
Austria,26.0,HARD,4.0,46.420979020979026,70.134
Austria,27.0,HARD,5.0,46.420979020979026,70.239
Austria,28.0,HARD,6.0,46.420979020979026,70.059
Austria,29.0,HARD,7.0,46.420979020979026,70.218
Austria,30.0,HARD,8.0,46.420979020979026,70.327
Austria,31.0,HARD,9.0,46.420979020979026,70.108
Austria,32.0,HARD,10.0,46.420979020979026,70.244
Austria,33.0,HARD,11.0,46.420979020979026,70.141
Austria,34.0,HARD,12.0,46.420979020979026,70.162
Austria,35.0,HARD,13.0,46.420979020979026,70.509
Austria,36.0,HARD,14.0,46.420979020979026,70.473
Austria,37.0,HARD,15.0,46.420979020979026,70.476
Austria,38.0,HARD,16.0,46.420979020979026,71.04
Austria,39.0,HARD,17.0,46.420979020979026,70.842
Austria,40.0,HARD,18.0,46.420979020979026,70.748
Austria,41.0,HARD,19.0,46.420979020979026,70.729
Austria,42.0,HARD,20.0,46.420979020979026,70.906
Austria,43.0,HARD,21.0,46.420979020979026,70.813
Austria,44.0,HARD,22.0,46.420979020979026,71.214
Austria,45.0,HARD,23.0,46.420979020979026,71.081
Austria,46.0,HARD,24.0,46.420979020979026,71.088
Austria,47.0,HARD,25.0,46.420979020979026,74.811
Austria,48.0,MEDIUM,1.0,46.420979020979026,86.343
Austria,49.0,MEDIUM,2.0,46.420979020979026,69.555
Austria,50.0,MEDIUM,3.0,46.420979020979026,69.357
Austria,51.0,MEDIUM,4.0,46.420979020979026,69.412
Austria,52.0,MEDIUM,5.0,46.420979020979026,70.099
Austria,53.0,MEDIUM,6.0,46.420979020979026,69.981
Austria,54.0,MEDIUM,7.0,46.420979020979026,69.546
Austria,55.0,MEDIUM,8.0,46.420979020979026,69.464
Austria,56.0,MEDIUM,9.0,46.420979020979026,69.282
Austria,57.0,MEDIUM,10.0,46.420979020979026,69.713
Austria,58.0,MEDIUM,11.0,46.420979020979026,69.921
Austria,59.0,MEDIUM,12.0,46.420979020979026,70.192
Austria,60.0,MEDIUM,13.0,46.420979020979026,69.734
Austria,61.0,MEDIUM,14.0,46.420979020979026,69.92
Austria,62.0,MEDIUM,15.0,46.420979020979026,69.957
Austria,63.0,MEDIUM,16.0,46.420979020979026,70.047
Austria,65.0,MEDIUM,18.0,46.420979020979026,71.631
Austria,67.0,MEDIUM,20.0,46.420979020979026,69.66
Austria,68.0,MEDIUM,21.0,46.420979020979026,70.381
Austria,69.0,MEDIUM,22.0,46.420979020979026,69.742
Austria,70.0,MEDIUM,23.0,46.420979020979026,69.701
Austria,71.0,MEDIUM,24.0,46.420979020979026,69.607
Austria,1.0,MEDIUM,1.0,46.420979020979026,74.84
Austria,2.0,MEDIUM,2.0,46.420979020979026,70.53
Austria,3.0,MEDIUM,3.0,46.420979020979026,70.723
Austria,4.0,MEDIUM,4.0,46.420979020979026,70.621
Austria,5.0,MEDIUM,5.0,46.420979020979026,70.476
Austria,6.0,MEDIUM,6.0,46.420979020979026,72.037
Austria,7.0,MEDIUM,7.0,46.420979020979026,71.198
Austria,8.0,MEDIUM,8.0,46.420979020979026,71.21
Austria,9.0,MEDIUM,9.0,46.420979020979026,70.981
Austria,10.0,MEDIUM,10.0,46.420979020979026,70.997
Austria,11.0,MEDIUM,11.0,46.420979020979026,71.217
Austria,12.0,MEDIUM,12.0,46.420979020979026,71.237
Austria,13.0,MEDIUM,13.0,46.420979020979026,71.354
Austria,14.0,MEDIUM,14.0,46.420979020979026,71.499
Austria,15.0,MEDIUM,15.0,46.420979020979026,71.664
Austria,16.0,MEDIUM,16.0,46.420979020979026,71.515
Austria,17.0,MEDIUM,17.0,46.420979020979026,71.614
Austria,18.0,MEDIUM,18.0,46.420979020979026,71.517
Austria,19.0,MEDIUM,19.0,46.420979020979026,72.152
Austria,20.0,MEDIUM,20.0,46.420979020979026,71.868
Austria,21.0,MEDIUM,21.0,46.420979020979026,75.73
Austria,22.0,HARD,1.0,46.420979020979026,86.914
Austria,23.0,HARD,2.0,46.420979020979026,70.131
Austria,24.0,HARD,3.0,46.420979020979026,70.296
Austria,25.0,HARD,4.0,46.420979020979026,70.257
Austria,26.0,HARD,5.0,46.420979020979026,70.374
Austria,27.0,HARD,6.0,46.420979020979026,70.254
Austria,28.0,HARD,7.0,46.420979020979026,70.148
Austria,29.0,HARD,8.0,46.420979020979026,70.171
Austria,30.0,HARD,9.0,46.420979020979026,70.367
Austria,31.0,HARD,10.0,46.420979020979026,70.388
Austria,32.0,HARD,11.0,46.420979020979026,70.566
Austria,33.0,HARD,12.0,46.420979020979026,70.211
Austria,34.0,HARD,13.0,46.420979020979026,70.128
Austria,35.0,HARD,14.0,46.420979020979026,70.566
Austria,36.0,HARD,15.0,46.420979020979026,70.671
Austria,37.0,HARD,16.0,46.420979020979026,70.479
Austria,38.0,HARD,17.0,46.420979020979026,70.677
Austria,39.0,HARD,18.0,46.420979020979026,70.638
Austria,40.0,HARD,19.0,46.420979020979026,70.621
Austria,41.0,HARD,20.0,46.420979020979026,70.997
Austria,42.0,HARD,21.0,46.420979020979026,70.946
Austria,43.0,HARD,22.0,46.420979020979026,70.802
Austria,44.0,HARD,23.0,46.420979020979026,71.331
Austria,45.0,HARD,24.0,46.420979020979026,70.877
Austria,46.0,HARD,25.0,46.420979020979026,70.86
Austria,47.0,HARD,26.0,46.420979020979026,71.283
Austria,48.0,HARD,27.0,46.420979020979026,71.942
Austria,49.0,HARD,28.0,46.420979020979026,70.919
Austria,50.0,HARD,29.0,46.420979020979026,70.941
Austria,51.0,HARD,30.0,46.420979020979026,71.228
Austria,52.0,HARD,31.0,46.420979020979026,71.331
Austria,53.0,HARD,32.0,46.420979020979026,75.339
Austria,54.0,MEDIUM,1.0,46.420979020979026,92.851
Austria,55.0,MEDIUM,2.0,46.420979020979026,69.963
Austria,56.0,MEDIUM,3.0,46.420979020979026,70.092
Austria,57.0,MEDIUM,4.0,46.420979020979026,70.044
Austria,58.0,MEDIUM,5.0,46.420979020979026,69.905
Austria,59.0,MEDIUM,6.0,46.420979020979026,69.792
Austria,60.0,MEDIUM,7.0,46.420979020979026,69.81
Austria,61.0,MEDIUM,8.0,46.420979020979026,69.562
Austria,62.0,MEDIUM,9.0,46.420979020979026,70.105
Austria,64.0,MEDIUM,11.0,46.420979020979026,69.98
Austria,67.0,MEDIUM,14.0,46.420979020979026,69.592
Austria,68.0,MEDIUM,15.0,46.420979020979026,69.86
Austria,69.0,MEDIUM,16.0,46.420979020979026,70.438
Austria,70.0,MEDIUM,17.0,46.420979020979026,70.645
Austria,71.0,MEDIUM,18.0,46.420979020979026,70.413
Austria,1.0,MEDIUM,1.0,46.420979020979026,72.05
Austria,2.0,MEDIUM,2.0,46.420979020979026,69.938
Austria,3.0,MEDIUM,3.0,46.420979020979026,69.857
Austria,4.0,MEDIUM,4.0,46.420979020979026,69.903
Austria,5.0,MEDIUM,5.0,46.420979020979026,70.005
Austria,6.0,MEDIUM,6.0,46.420979020979026,70.238
Austria,7.0,MEDIUM,7.0,46.420979020979026,70.22
Austria,8.0,MEDIUM,8.0,46.420979020979026,70.331
Austria,9.0,MEDIUM,9.0,46.420979020979026,70.6
Austria,10.0,MEDIUM,10.0,46.420979020979026,70.596
Austria,11.0,MEDIUM,11.0,46.420979020979026,70.562
Austria,12.0,MEDIUM,12.0,46.420979020979026,70.512
Austria,13.0,MEDIUM,13.0,46.420979020979026,70.955
Austria,14.0,MEDIUM,14.0,46.420979020979026,70.707
Austria,15.0,MEDIUM,15.0,46.420979020979026,71.028
Austria,16.0,MEDIUM,16.0,46.420979020979026,70.957
Austria,17.0,MEDIUM,17.0,46.420979020979026,70.981
Austria,18.0,MEDIUM,18.0,46.420979020979026,71.364
Austria,19.0,MEDIUM,19.0,46.420979020979026,71.515
Austria,20.0,MEDIUM,20.0,46.420979020979026,71.548
Austria,21.0,MEDIUM,21.0,46.420979020979026,71.3
Austria,22.0,MEDIUM,22.0,46.420979020979026,71.549
Austria,23.0,MEDIUM,23.0,46.420979020979026,74.679
Austria,24.0,HARD,1.0,46.420979020979026,87.394
Austria,25.0,HARD,2.0,46.420979020979026,69.766
Austria,26.0,HARD,3.0,46.420979020979026,69.506
Austria,27.0,HARD,4.0,46.420979020979026,69.451
Austria,28.0,HARD,5.0,46.420979020979026,69.581
Austria,29.0,HARD,6.0,46.420979020979026,69.696
Austria,30.0,HARD,7.0,46.420979020979026,69.661
Austria,31.0,HARD,8.0,46.420979020979026,69.696
Austria,32.0,HARD,9.0,46.420979020979026,69.576
Austria,33.0,HARD,10.0,46.420979020979026,69.455
Austria,34.0,HARD,11.0,46.420979020979026,69.482
Austria,35.0,HARD,12.0,46.420979020979026,69.958
Austria,36.0,HARD,13.0,46.420979020979026,69.907
Austria,37.0,HARD,14.0,46.420979020979026,70.12
Austria,38.0,HARD,15.0,46.420979020979026,70.143
Austria,39.0,HARD,16.0,46.420979020979026,70.258
Austria,40.0,HARD,17.0,46.420979020979026,70.217
Austria,41.0,HARD,18.0,46.420979020979026,71.114
Austria,42.0,HARD,19.0,46.420979020979026,70.628
Austria,43.0,HARD,20.0,46.420979020979026,70.904
Austria,44.0,HARD,21.0,46.420979020979026,70.479
Austria,45.0,HARD,22.0,46.420979020979026,70.349
Austria,46.0,HARD,23.0,46.420979020979026,70.288
Austria,47.0,HARD,24.0,46.420979020979026,70.658
Austria,48.0,HARD,25.0,46.420979020979026,70.36
Austria,49.0,HARD,26.0,46.420979020979026,70.543
Austria,50.0,HARD,27.0,46.420979020979026,70.738
Austria,51.0,HARD,28.0,46.420979020979026,73.86
Austria,52.0,MEDIUM,4.0,46.420979020979026,91.585
Austria,53.0,MEDIUM,5.0,46.420979020979026,68.772
Austria,54.0,MEDIUM,6.0,46.420979020979026,68.789
Austria,55.0,MEDIUM,7.0,46.420979020979026,69.213
Austria,56.0,MEDIUM,8.0,46.420979020979026,68.623
Austria,57.0,MEDIUM,9.0,46.420979020979026,68.975
Austria,58.0,MEDIUM,10.0,46.420979020979026,69.183
Austria,59.0,MEDIUM,11.0,46.420979020979026,70.646
Austria,60.0,MEDIUM,12.0,46.420979020979026,69.399
Austria,61.0,MEDIUM,13.0,46.420979020979026,70.003
Austria,62.0,MEDIUM,14.0,46.420979020979026,69.528
Austria,63.0,MEDIUM,15.0,46.420979020979026,70.412
Austria,67.0,SOFT,6.0,46.420979020979026,71.691
Austria,68.0,SOFT,7.0,46.420979020979026,67.719
Austria,69.0,SOFT,8.0,46.420979020979026,68.321
Austria,70.0,SOFT,9.0,46.420979020979026,68.072
Austria,71.0,SOFT,10.0,46.420979020979026,68.518
Austria,1.0,MEDIUM,1.0,46.420979020979026,78.42
Austria,2.0,MEDIUM,2.0,46.420979020979026,70.217
Austria,3.0,MEDIUM,3.0,46.420979020979026,70.609
Austria,4.0,MEDIUM,4.0,46.420979020979026,70.958
Austria,5.0,MEDIUM,5.0,46.420979020979026,71.026
Austria,6.0,MEDIUM,6.0,46.420979020979026,71.078
Austria,7.0,MEDIUM,7.0,46.420979020979026,71.682
Austria,8.0,MEDIUM,8.0,46.420979020979026,71.677
Austria,9.0,MEDIUM,9.0,46.420979020979026,71.692
Austria,10.0,MEDIUM,10.0,46.420979020979026,71.739
Austria,11.0,MEDIUM,11.0,46.420979020979026,75.111
Austria,12.0,HARD,1.0,46.420979020979026,89.202
Austria,13.0,HARD,2.0,46.420979020979026,70.544
Austria,14.0,HARD,3.0,46.420979020979026,71.252
Austria,15.0,HARD,4.0,46.420979020979026,71.117
Austria,16.0,HARD,5.0,46.420979020979026,71.306
Austria,17.0,HARD,6.0,46.420979020979026,71.409
Austria,18.0,HARD,7.0,46.420979020979026,71.664
Austria,19.0,HARD,8.0,46.420979020979026,71.23
Austria,20.0,HARD,9.0,46.420979020979026,71.199
Austria,21.0,HARD,10.0,46.420979020979026,71.421
Austria,22.0,HARD,11.0,46.420979020979026,71.541
Austria,23.0,HARD,12.0,46.420979020979026,71.518
Austria,24.0,HARD,13.0,46.420979020979026,71.189
Austria,25.0,HARD,14.0,46.420979020979026,71.213
Austria,26.0,HARD,15.0,46.420979020979026,71.192
Austria,27.0,HARD,16.0,46.420979020979026,72.233
Austria,28.0,HARD,17.0,46.420979020979026,71.405
Austria,29.0,HARD,18.0,46.420979020979026,71.731
Austria,30.0,HARD,19.0,46.420979020979026,71.636
Austria,31.0,HARD,20.0,46.420979020979026,71.717
Austria,32.0,HARD,21.0,46.420979020979026,71.697
Austria,33.0,HARD,22.0,46.420979020979026,71.689
Austria,34.0,HARD,23.0,46.420979020979026,71.825
Austria,35.0,HARD,24.0,46.420979020979026,71.779
Austria,36.0,HARD,25.0,46.420979020979026,71.823
Austria,37.0,HARD,26.0,46.420979020979026,71.794
Austria,38.0,HARD,27.0,46.420979020979026,71.808
Austria,39.0,HARD,28.0,46.420979020979026,74.884
Austria,40.0,HARD,1.0,46.420979020979026,87.868
Austria,41.0,HARD,2.0,46.420979020979026,72.764
Austria,42.0,HARD,3.0,46.420979020979026,70.745
Austria,43.0,HARD,4.0,46.420979020979026,70.492
Austria,44.0,HARD,5.0,46.420979020979026,70.45
Austria,45.0,HARD,6.0,46.420979020979026,70.264
Austria,46.0,HARD,7.0,46.420979020979026,70.5
Austria,47.0,HARD,8.0,46.420979020979026,70.474
Austria,48.0,HARD,9.0,46.420979020979026,70.492
Austria,49.0,HARD,10.0,46.420979020979026,70.848
Austria,50.0,HARD,11.0,46.420979020979026,70.603
Austria,51.0,HARD,12.0,46.420979020979026,70.215
Austria,52.0,HARD,13.0,46.420979020979026,70.404
Austria,53.0,HARD,14.0,46.420979020979026,70.866
Austria,54.0,HARD,15.0,46.420979020979026,70.723
Austria,55.0,HARD,16.0,46.420979020979026,70.577
Austria,56.0,HARD,17.0,46.420979020979026,70.772
Austria,57.0,HARD,18.0,46.420979020979026,70.949
Austria,58.0,HARD,19.0,46.420979020979026,70.703
Austria,59.0,HARD,20.0,46.420979020979026,70.939
Austria,60.0,HARD,21.0,46.420979020979026,70.893
Austria,61.0,HARD,22.0,46.420979020979026,70.669
Austria,62.0,HARD,23.0,46.420979020979026,70.666
Austria,64.0,HARD,25.0,46.420979020979026,71.177
Austria,67.0,HARD,28.0,46.420979020979026,71.076
Austria,68.0,HARD,29.0,46.420979020979026,70.567
Austria,69.0,HARD,30.0,46.420979020979026,70.341
Austria,70.0,HARD,31.0,46.420979020979026,70.689
Austria,71.0,HARD,32.0,46.420979020979026,71.633
Austria,1.0,MEDIUM,1.0,46.420979020979026,76.225
Austria,2.0,MEDIUM,2.0,46.420979020979026,70.621
Austria,3.0,MEDIUM,3.0,46.420979020979026,70.719
Austria,4.0,MEDIUM,4.0,46.420979020979026,70.791
Austria,5.0,MEDIUM,5.0,46.420979020979026,70.639
Austria,6.0,MEDIUM,6.0,46.420979020979026,71.22
Austria,7.0,MEDIUM,7.0,46.420979020979026,72.481
Austria,8.0,MEDIUM,8.0,46.420979020979026,71.726
Austria,9.0,MEDIUM,9.0,46.420979020979026,71.528
Austria,10.0,MEDIUM,10.0,46.420979020979026,71.606
Austria,11.0,MEDIUM,11.0,46.420979020979026,71.577
Austria,12.0,MEDIUM,12.0,46.420979020979026,71.692
Austria,13.0,MEDIUM,13.0,46.420979020979026,71.582
Austria,14.0,MEDIUM,14.0,46.420979020979026,71.467
Austria,15.0,MEDIUM,15.0,46.420979020979026,71.798
Austria,16.0,MEDIUM,16.0,46.420979020979026,71.94
Austria,17.0,MEDIUM,17.0,46.420979020979026,71.865
Austria,18.0,MEDIUM,18.0,46.420979020979026,71.677
Austria,19.0,MEDIUM,19.0,46.420979020979026,71.944
Austria,20.0,MEDIUM,20.0,46.420979020979026,72.002
Austria,21.0,MEDIUM,21.0,46.420979020979026,76.283
Austria,22.0,HARD,1.0,46.420979020979026,87.924
Austria,23.0,HARD,2.0,46.420979020979026,70.817
Austria,24.0,HARD,3.0,46.420979020979026,70.492
Austria,25.0,HARD,4.0,46.420979020979026,70.76
Austria,26.0,HARD,5.0,46.420979020979026,70.647
Austria,27.0,HARD,6.0,46.420979020979026,70.525
Austria,28.0,HARD,7.0,46.420979020979026,70.971
Austria,29.0,HARD,8.0,46.420979020979026,70.746
Austria,30.0,HARD,9.0,46.420979020979026,70.693
Austria,31.0,HARD,10.0,46.420979020979026,70.767
Austria,32.0,HARD,11.0,46.420979020979026,70.728
Austria,33.0,HARD,12.0,46.420979020979026,70.571
Austria,34.0,HARD,13.0,46.420979020979026,71.009
Austria,35.0,HARD,14.0,46.420979020979026,70.886
Austria,36.0,HARD,15.0,46.420979020979026,71.001
Austria,37.0,HARD,16.0,46.420979020979026,71.355
Austria,38.0,HARD,17.0,46.420979020979026,71.356
Austria,39.0,HARD,18.0,46.420979020979026,71.456
Austria,40.0,HARD,19.0,46.420979020979026,71.004
Austria,41.0,HARD,20.0,46.420979020979026,71.138
Austria,42.0,HARD,21.0,46.420979020979026,71.171
Austria,43.0,HARD,22.0,46.420979020979026,70.918
Austria,44.0,HARD,23.0,46.420979020979026,71.395
Austria,45.0,HARD,24.0,46.420979020979026,71.338
Austria,46.0,HARD,25.0,46.420979020979026,71.533
Austria,47.0,HARD,26.0,46.420979020979026,71.431
Austria,48.0,HARD,27.0,46.420979020979026,71.74
Austria,49.0,HARD,28.0,46.420979020979026,71.71
Austria,50.0,HARD,29.0,46.420979020979026,71.454
Austria,51.0,HARD,30.0,46.420979020979026,76.263
Austria,52.0,MEDIUM,6.0,46.420979020979026,93.861
Austria,53.0,MEDIUM,7.0,46.420979020979026,69.717
Austria,54.0,MEDIUM,8.0,46.420979020979026,70.22
Austria,55.0,MEDIUM,9.0,46.420979020979026,70.087
Austria,56.0,MEDIUM,10.0,46.420979020979026,69.694
Austria,57.0,MEDIUM,11.0,46.420979020979026,70.187
Austria,58.0,MEDIUM,12.0,46.420979020979026,70.151
Austria,59.0,MEDIUM,13.0,46.420979020979026,70.614
Austria,60.0,MEDIUM,14.0,46.420979020979026,70.678
Austria,61.0,MEDIUM,15.0,46.420979020979026,70.743
Austria,62.0,MEDIUM,16.0,46.420979020979026,70.457
Austria,64.0,MEDIUM,18.0,46.420979020979026,71.333
Austria,67.0,MEDIUM,21.0,46.420979020979026,71.077
Austria,68.0,MEDIUM,22.0,46.420979020979026,70.716
Austria,69.0,MEDIUM,23.0,46.420979020979026,70.4
Austria,70.0,MEDIUM,24.0,46.420979020979026,70.224
Austria,71.0,MEDIUM,25.0,46.420979020979026,71.978
Austria,1.0,MEDIUM,1.0,46.420979020979026,78.826
Austria,2.0,MEDIUM,2.0,46.420979020979026,71.184
Austria,3.0,MEDIUM,3.0,46.420979020979026,71.051
Austria,4.0,MEDIUM,4.0,46.420979020979026,71.044
Austria,5.0,MEDIUM,5.0,46.420979020979026,70.92
Austria,6.0,MEDIUM,6.0,46.420979020979026,71.213
Austria,7.0,MEDIUM,7.0,46.420979020979026,71.492
Austria,8.0,MEDIUM,8.0,46.420979020979026,71.634
Austria,9.0,MEDIUM,9.0,46.420979020979026,71.593
Austria,10.0,MEDIUM,10.0,46.420979020979026,75.218
Austria,11.0,HARD,1.0,46.420979020979026,87.431
Austria,12.0,HARD,2.0,46.420979020979026,71.273
Austria,13.0,HARD,3.0,46.420979020979026,71.965
Austria,14.0,HARD,4.0,46.420979020979026,70.994
Austria,15.0,HARD,5.0,46.420979020979026,71.215
Austria,16.0,HARD,6.0,46.420979020979026,71.411
Austria,17.0,HARD,7.0,46.420979020979026,71.243
Austria,18.0,HARD,8.0,46.420979020979026,71.794
Austria,19.0,HARD,9.0,46.420979020979026,71.565
Austria,20.0,HARD,10.0,46.420979020979026,71.107
Austria,21.0,HARD,11.0,46.420979020979026,71.473
Austria,22.0,HARD,12.0,46.420979020979026,71.905
Austria,23.0,HARD,13.0,46.420979020979026,71.862
Austria,24.0,HARD,14.0,46.420979020979026,72.381
Austria,25.0,HARD,15.0,46.420979020979026,71.693
Austria,26.0,HARD,16.0,46.420979020979026,71.766
Austria,27.0,HARD,17.0,46.420979020979026,71.791
Austria,28.0,HARD,18.0,46.420979020979026,71.903
Austria,29.0,HARD,19.0,46.420979020979026,72.036
Austria,30.0,HARD,20.0,46.420979020979026,71.757
Austria,31.0,HARD,21.0,46.420979020979026,71.628
Austria,32.0,HARD,22.0,46.420979020979026,71.664
Austria,33.0,HARD,23.0,46.420979020979026,71.543
Austria,34.0,HARD,24.0,46.420979020979026,71.83
Austria,35.0,HARD,25.0,46.420979020979026,71.832
Austria,36.0,HARD,26.0,46.420979020979026,72.043
Austria,37.0,HARD,27.0,46.420979020979026,71.815
Austria,38.0,HARD,28.0,46.420979020979026,75.311
Austria,39.0,HARD,1.0,46.420979020979026,87.244
Austria,40.0,HARD,2.0,46.420979020979026,70.866
Austria,41.0,HARD,3.0,46.420979020979026,70.755
Austria,42.0,HARD,4.0,46.420979020979026,70.62
Austria,43.0,HARD,5.0,46.420979020979026,70.276
Austria,44.0,HARD,6.0,46.420979020979026,70.419
Austria,45.0,HARD,7.0,46.420979020979026,70.125
Austria,46.0,HARD,8.0,46.420979020979026,70.365
Austria,47.0,HARD,9.0,46.420979020979026,70.879
Austria,48.0,HARD,10.0,46.420979020979026,70.707
Austria,49.0,HARD,11.0,46.420979020979026,70.698
Austria,50.0,HARD,12.0,46.420979020979026,70.631
Austria,51.0,HARD,13.0,46.420979020979026,70.848
Austria,52.0,HARD,14.0,46.420979020979026,70.786
Austria,53.0,HARD,15.0,46.420979020979026,70.896
Austria,54.0,HARD,16.0,46.420979020979026,70.905
Austria,55.0,HARD,17.0,46.420979020979026,70.743
Austria,56.0,HARD,18.0,46.420979020979026,71.652
Austria,57.0,HARD,19.0,46.420979020979026,70.778
Austria,58.0,HARD,20.0,46.420979020979026,71.01
Austria,59.0,HARD,21.0,46.420979020979026,71.329
Austria,60.0,HARD,22.0,46.420979020979026,71.114
Austria,61.0,HARD,23.0,46.420979020979026,71.276
Austria,62.0,HARD,24.0,46.420979020979026,71.148
Austria,64.0,HARD,26.0,46.420979020979026,71.252
Austria,67.0,HARD,29.0,46.420979020979026,71.116
Austria,68.0,HARD,30.0,46.420979020979026,70.945
Austria,69.0,HARD,31.0,46.420979020979026,70.808
Austria,70.0,HARD,32.0,46.420979020979026,71.145
Austria,71.0,HARD,33.0,46.420979020979026,71.388
Austria,1.0,MEDIUM,1.0,46.420979020979026,79.507
Austria,2.0,MEDIUM,2.0,46.420979020979026,71.645
Austria,3.0,MEDIUM,3.0,46.420979020979026,71.361
Austria,4.0,MEDIUM,4.0,46.420979020979026,71.195
Austria,5.0,MEDIUM,5.0,46.420979020979026,71.032
Austria,6.0,MEDIUM,6.0,46.420979020979026,71.104
Austria,7.0,MEDIUM,7.0,46.420979020979026,71.398
Austria,8.0,MEDIUM,8.0,46.420979020979026,71.708
Austria,9.0,MEDIUM,9.0,46.420979020979026,71.451
Austria,10.0,MEDIUM,10.0,46.420979020979026,74.904
Austria,11.0,HARD,1.0,46.420979020979026,88.013
Austria,12.0,HARD,2.0,46.420979020979026,71.27
Austria,13.0,HARD,3.0,46.420979020979026,71.448
Austria,14.0,HARD,4.0,46.420979020979026,71.507
Austria,15.0,HARD,5.0,46.420979020979026,71.377
Austria,16.0,HARD,6.0,46.420979020979026,71.633
Austria,17.0,HARD,7.0,46.420979020979026,71.376
Austria,18.0,HARD,8.0,46.420979020979026,71.658
Austria,19.0,HARD,9.0,46.420979020979026,72.066
Austria,20.0,HARD,10.0,46.420979020979026,71.375
Austria,21.0,HARD,11.0,46.420979020979026,71.37
Austria,22.0,HARD,12.0,46.420979020979026,72.24
Austria,23.0,HARD,13.0,46.420979020979026,71.394
Austria,24.0,HARD,14.0,46.420979020979026,71.467
Austria,25.0,HARD,15.0,46.420979020979026,71.621
Austria,26.0,HARD,16.0,46.420979020979026,71.663
Austria,27.0,HARD,17.0,46.420979020979026,71.682
Austria,28.0,HARD,18.0,46.420979020979026,71.742
Austria,29.0,HARD,19.0,46.420979020979026,72.013
Austria,30.0,HARD,20.0,46.420979020979026,71.852
Austria,31.0,HARD,21.0,46.420979020979026,71.667
Austria,32.0,HARD,22.0,46.420979020979026,71.929
Austria,33.0,HARD,23.0,46.420979020979026,71.633
Austria,34.0,HARD,24.0,46.420979020979026,71.904
Austria,35.0,HARD,25.0,46.420979020979026,72.009
Austria,36.0,HARD,26.0,46.420979020979026,72.057
Austria,37.0,HARD,27.0,46.420979020979026,75.305
Austria,38.0,HARD,1.0,46.420979020979026,87.267
Austria,39.0,HARD,2.0,46.420979020979026,70.788
Austria,40.0,HARD,3.0,46.420979020979026,70.856
Austria,41.0,HARD,4.0,46.420979020979026,70.73
Austria,42.0,HARD,5.0,46.420979020979026,70.594
Austria,43.0,HARD,6.0,46.420979020979026,70.743
Austria,44.0,HARD,7.0,46.420979020979026,70.943
Austria,45.0,HARD,8.0,46.420979020979026,70.828
Austria,46.0,HARD,9.0,46.420979020979026,70.923
Austria,47.0,HARD,10.0,46.420979020979026,70.673
Austria,48.0,HARD,11.0,46.420979020979026,70.646
Austria,49.0,HARD,12.0,46.420979020979026,70.426
Austria,50.0,HARD,13.0,46.420979020979026,70.518
Austria,51.0,HARD,14.0,46.420979020979026,71.048
Austria,52.0,HARD,15.0,46.420979020979026,70.939
Austria,53.0,HARD,16.0,46.420979020979026,71.896
Austria,54.0,HARD,17.0,46.420979020979026,70.869
Austria,55.0,HARD,18.0,46.420979020979026,70.875
Austria,56.0,HARD,19.0,46.420979020979026,70.56
Austria,57.0,HARD,20.0,46.420979020979026,70.616
Austria,58.0,HARD,21.0,46.420979020979026,70.91
Austria,59.0,HARD,22.0,46.420979020979026,70.907
Austria,60.0,HARD,23.0,46.420979020979026,70.581
Austria,61.0,HARD,24.0,46.420979020979026,70.929
Austria,62.0,HARD,25.0,46.420979020979026,71.048
Austria,64.0,HARD,27.0,46.420979020979026,71.574
Austria,67.0,HARD,30.0,46.420979020979026,71.068
Austria,68.0,HARD,31.0,46.420979020979026,70.652
Austria,69.0,HARD,32.0,46.420979020979026,70.792
Austria,70.0,HARD,33.0,46.420979020979026,71.125
Austria,71.0,HARD,34.0,46.420979020979026,71.38
Austria,1.0,MEDIUM,1.0,46.420979020979026,79.109
Austria,2.0,MEDIUM,2.0,46.420979020979026,71.383
Austria,3.0,MEDIUM,3.0,46.420979020979026,71.19
Austria,4.0,MEDIUM,4.0,46.420979020979026,71.045
Austria,5.0,MEDIUM,5.0,46.420979020979026,71.011
Austria,6.0,MEDIUM,6.0,46.420979020979026,71.138
Austria,7.0,MEDIUM,7.0,46.420979020979026,71.513
Austria,8.0,MEDIUM,8.0,46.420979020979026,71.679
Austria,9.0,MEDIUM,9.0,46.420979020979026,71.509
Austria,10.0,MEDIUM,10.0,46.420979020979026,72.132
Austria,11.0,MEDIUM,11.0,46.420979020979026,71.94
Austria,12.0,MEDIUM,12.0,46.420979020979026,71.956
Austria,13.0,MEDIUM,13.0,46.420979020979026,71.705
Austria,14.0,MEDIUM,14.0,46.420979020979026,71.921
Austria,15.0,MEDIUM,15.0,46.420979020979026,72.089
Austria,16.0,MEDIUM,16.0,46.420979020979026,72.38
Austria,17.0,MEDIUM,17.0,46.420979020979026,72.368
Austria,18.0,MEDIUM,18.0,46.420979020979026,72.449
Austria,19.0,MEDIUM,19.0,46.420979020979026,72.472
Austria,20.0,MEDIUM,20.0,46.420979020979026,75.809
Austria,21.0,HARD,1.0,46.420979020979026,87.983
Austria,22.0,HARD,2.0,46.420979020979026,71.212
Austria,23.0,HARD,3.0,46.420979020979026,71.075
Austria,24.0,HARD,4.0,46.420979020979026,70.917
Austria,25.0,HARD,5.0,46.420979020979026,70.725
Austria,26.0,HARD,6.0,46.420979020979026,71.163
Austria,27.0,HARD,7.0,46.420979020979026,71.343
Austria,28.0,HARD,8.0,46.420979020979026,71.223
Austria,29.0,HARD,9.0,46.420979020979026,71.727
Austria,30.0,HARD,10.0,46.420979020979026,71.535
Austria,31.0,HARD,11.0,46.420979020979026,71.789
Austria,32.0,HARD,12.0,46.420979020979026,71.928
Austria,33.0,HARD,13.0,46.420979020979026,71.814
Austria,34.0,HARD,14.0,46.420979020979026,71.91
Austria,35.0,HARD,15.0,46.420979020979026,72.924
Austria,36.0,HARD,16.0,46.420979020979026,71.622
Austria,37.0,HARD,17.0,46.420979020979026,71.641
Austria,38.0,HARD,18.0,46.420979020979026,71.399
Austria,39.0,HARD,19.0,46.420979020979026,71.778
Austria,40.0,HARD,20.0,46.420979020979026,71.817
Austria,41.0,HARD,21.0,46.420979020979026,71.965
Austria,42.0,HARD,22.0,46.420979020979026,75.358
Austria,43.0,MEDIUM,1.0,46.420979020979026,87.101
Austria,44.0,MEDIUM,2.0,46.420979020979026,69.613
Austria,45.0,MEDIUM,3.0,46.420979020979026,69.609
Austria,46.0,MEDIUM,4.0,46.420979020979026,70.076
Austria,47.0,MEDIUM,5.0,46.420979020979026,70.337
Austria,48.0,MEDIUM,6.0,46.420979020979026,70.565
Austria,49.0,MEDIUM,7.0,46.420979020979026,70.566
Austria,50.0,MEDIUM,8.0,46.420979020979026,70.559
Austria,51.0,MEDIUM,9.0,46.420979020979026,70.594
Austria,52.0,MEDIUM,10.0,46.420979020979026,70.306
Austria,53.0,MEDIUM,11.0,46.420979020979026,70.566
Austria,54.0,MEDIUM,12.0,46.420979020979026,70.821
Austria,55.0,MEDIUM,13.0,46.420979020979026,70.631
Austria,56.0,MEDIUM,14.0,46.420979020979026,70.438
Austria,57.0,MEDIUM,15.0,46.420979020979026,70.488
Austria,58.0,MEDIUM,16.0,46.420979020979026,70.939
Austria,59.0,MEDIUM,17.0,46.420979020979026,70.922
Austria,60.0,MEDIUM,18.0,46.420979020979026,70.594
Austria,61.0,MEDIUM,19.0,46.420979020979026,71.213
Austria,62.0,MEDIUM,20.0,46.420979020979026,71.189
Austria,64.0,MEDIUM,22.0,46.420979020979026,71.2
Austria,67.0,MEDIUM,25.0,46.420979020979026,70.894
Austria,68.0,MEDIUM,26.0,46.420979020979026,70.546
Austria,69.0,MEDIUM,27.0,46.420979020979026,70.938
Austria,70.0,MEDIUM,28.0,46.420979020979026,71.159
Austria,71.0,MEDIUM,29.0,46.420979020979026,71.15
Austria,1.0,MEDIUM,1.0,46.420979020979026,82.085
Austria,2.0,HARD,1.0,46.420979020979026,98.807
Austria,3.0,HARD,2.0,46.420979020979026,70.738
Austria,4.0,HARD,3.0,46.420979020979026,70.326
Austria,5.0,HARD,4.0,46.420979020979026,70.685
Austria,6.0,HARD,5.0,46.420979020979026,70.57
Austria,7.0,HARD,6.0,46.420979020979026,70.88
Austria,8.0,HARD,7.0,46.420979020979026,70.735
Austria,9.0,HARD,8.0,46.420979020979026,70.806
Austria,10.0,HARD,9.0,46.420979020979026,70.879
Austria,11.0,HARD,10.0,46.420979020979026,71.141
Austria,12.0,HARD,11.0,46.420979020979026,71.389
Austria,13.0,HARD,12.0,46.420979020979026,71.459
Austria,14.0,HARD,13.0,46.420979020979026,72.652
Austria,15.0,HARD,14.0,46.420979020979026,71.728
Austria,16.0,HARD,15.0,46.420979020979026,75.204
Austria,17.0,MEDIUM,1.0,46.420979020979026,88.526
Austria,18.0,MEDIUM,2.0,46.420979020979026,71.199
Austria,19.0,MEDIUM,3.0,46.420979020979026,71.157
Austria,20.0,MEDIUM,4.0,46.420979020979026,71.041
Austria,21.0,MEDIUM,5.0,46.420979020979026,70.952
Austria,22.0,MEDIUM,6.0,46.420979020979026,70.639
Austria,23.0,MEDIUM,7.0,46.420979020979026,70.5
Austria,24.0,MEDIUM,8.0,46.420979020979026,70.622
Austria,25.0,MEDIUM,9.0,46.420979020979026,70.459
Austria,26.0,MEDIUM,10.0,46.420979020979026,70.309
Austria,27.0,MEDIUM,11.0,46.420979020979026,70.726
Austria,28.0,MEDIUM,12.0,46.420979020979026,71.475
Austria,29.0,MEDIUM,13.0,46.420979020979026,70.795
Austria,30.0,MEDIUM,14.0,46.420979020979026,70.401
Austria,31.0,MEDIUM,15.0,46.420979020979026,70.681
Austria,32.0,MEDIUM,16.0,46.420979020979026,70.736
Austria,33.0,MEDIUM,17.0,46.420979020979026,74.757
Austria,34.0,MEDIUM,2.0,46.420979020979026,88.479
Austria,35.0,MEDIUM,3.0,46.420979020979026,70.055
Austria,36.0,MEDIUM,4.0,46.420979020979026,69.894
Austria,37.0,MEDIUM,5.0,46.420979020979026,70.008
Austria,38.0,MEDIUM,6.0,46.420979020979026,70.477
Austria,39.0,MEDIUM,7.0,46.420979020979026,70.143
Austria,40.0,MEDIUM,8.0,46.420979020979026,70.308
Austria,41.0,MEDIUM,9.0,46.420979020979026,70.368
Austria,42.0,MEDIUM,10.0,46.420979020979026,70.118
Austria,43.0,MEDIUM,11.0,46.420979020979026,70.946
Austria,44.0,MEDIUM,12.0,46.420979020979026,70.543
Austria,45.0,MEDIUM,13.0,46.420979020979026,70.193
Austria,46.0,MEDIUM,14.0,46.420979020979026,70.522
Austria,47.0,MEDIUM,15.0,46.420979020979026,70.789
Austria,48.0,MEDIUM,16.0,46.420979020979026,70.595
Austria,49.0,MEDIUM,17.0,46.420979020979026,70.568
Austria,50.0,MEDIUM,18.0,46.420979020979026,71.739
Austria,51.0,MEDIUM,19.0,46.420979020979026,73.925
Austria,52.0,MEDIUM,7.0,46.420979020979026,86.074
Austria,53.0,MEDIUM,8.0,46.420979020979026,70.734
Austria,54.0,MEDIUM,9.0,46.420979020979026,69.683
Austria,55.0,MEDIUM,10.0,46.420979020979026,69.584
Austria,56.0,MEDIUM,11.0,46.420979020979026,69.801
Austria,57.0,MEDIUM,12.0,46.420979020979026,69.687
Austria,58.0,MEDIUM,13.0,46.420979020979026,69.649
Austria,59.0,MEDIUM,14.0,46.420979020979026,70.285
Austria,60.0,MEDIUM,15.0,46.420979020979026,70.36
Austria,61.0,MEDIUM,16.0,46.420979020979026,69.931
Austria,62.0,MEDIUM,17.0,46.420979020979026,69.857
Austria,64.0,MEDIUM,19.0,46.420979020979026,70.092
Austria,66.0,MEDIUM,21.0,46.420979020979026,69.776
Austria,67.0,MEDIUM,22.0,46.420979020979026,70.353
Austria,68.0,MEDIUM,23.0,46.420979020979026,70.413
Austria,69.0,MEDIUM,24.0,46.420979020979026,70.739
Austria,70.0,MEDIUM,25.0,46.420979020979026,70.488
Austria,71.0,MEDIUM,26.0,46.420979020979026,70.256
Austria,1.0,MEDIUM,1.0,46.420979020979026,77.703
Austria,2.0,MEDIUM,2.0,46.420979020979026,71.478
Austria,3.0,MEDIUM,3.0,46.420979020979026,71.036
Austria,4.0,MEDIUM,4.0,46.420979020979026,70.919
Austria,5.0,MEDIUM,5.0,46.420979020979026,71.044
Austria,6.0,MEDIUM,6.0,46.420979020979026,71.182
Austria,7.0,MEDIUM,7.0,46.420979020979026,71.587
Austria,8.0,MEDIUM,8.0,46.420979020979026,71.63
Austria,9.0,MEDIUM,9.0,46.420979020979026,71.589
Austria,10.0,MEDIUM,10.0,46.420979020979026,71.884
Austria,11.0,MEDIUM,11.0,46.420979020979026,71.935
Austria,12.0,MEDIUM,12.0,46.420979020979026,71.807
Austria,13.0,MEDIUM,13.0,46.420979020979026,72.137
Austria,14.0,MEDIUM,14.0,46.420979020979026,72.017
Austria,15.0,MEDIUM,15.0,46.420979020979026,72.178
Austria,16.0,MEDIUM,16.0,46.420979020979026,72.263
Austria,17.0,MEDIUM,17.0,46.420979020979026,72.349
Austria,18.0,MEDIUM,18.0,46.420979020979026,72.182
Austria,19.0,MEDIUM,19.0,46.420979020979026,76.146
Austria,20.0,HARD,1.0,46.420979020979026,88.784
Austria,21.0,HARD,2.0,46.420979020979026,71.198
Austria,22.0,HARD,3.0,46.420979020979026,71.526
Austria,23.0,HARD,4.0,46.420979020979026,70.86
Austria,24.0,HARD,5.0,46.420979020979026,70.897
Austria,25.0,HARD,6.0,46.420979020979026,71.155
Austria,26.0,HARD,7.0,46.420979020979026,71.193
Austria,27.0,HARD,8.0,46.420979020979026,71.267
Austria,28.0,HARD,9.0,46.420979020979026,71.369
Austria,29.0,HARD,10.0,46.420979020979026,72.031
Austria,30.0,HARD,11.0,46.420979020979026,71.95
Austria,31.0,HARD,12.0,46.420979020979026,71.737
Austria,32.0,HARD,13.0,46.420979020979026,71.938
Austria,33.0,HARD,14.0,46.420979020979026,71.658
Austria,34.0,HARD,15.0,46.420979020979026,72.058
Austria,35.0,HARD,16.0,46.420979020979026,72.553
Austria,36.0,HARD,17.0,46.420979020979026,71.583
Austria,37.0,HARD,18.0,46.420979020979026,71.745
Austria,38.0,HARD,19.0,46.420979020979026,71.375
Austria,39.0,HARD,20.0,46.420979020979026,71.967
Austria,40.0,HARD,21.0,46.420979020979026,72.992
Austria,41.0,HARD,22.0,46.420979020979026,72.323
Austria,42.0,HARD,23.0,46.420979020979026,71.754
Austria,43.0,HARD,24.0,46.420979020979026,75.176
Austria,44.0,MEDIUM,1.0,46.420979020979026,86.575
Austria,45.0,MEDIUM,2.0,46.420979020979026,69.649
Austria,46.0,MEDIUM,3.0,46.420979020979026,69.894
Austria,47.0,MEDIUM,4.0,46.420979020979026,70.161
Austria,48.0,MEDIUM,5.0,46.420979020979026,70.225
Austria,49.0,MEDIUM,6.0,46.420979020979026,70.189
Austria,50.0,MEDIUM,7.0,46.420979020979026,70.526
Austria,51.0,MEDIUM,8.0,46.420979020979026,70.93
Austria,52.0,MEDIUM,9.0,46.420979020979026,70.468
Austria,53.0,MEDIUM,10.0,46.420979020979026,70.776
Austria,54.0,MEDIUM,11.0,46.420979020979026,70.459
Austria,55.0,MEDIUM,12.0,46.420979020979026,70.504
Austria,56.0,MEDIUM,13.0,46.420979020979026,70.491
Austria,57.0,MEDIUM,14.0,46.420979020979026,70.762
Austria,58.0,MEDIUM,15.0,46.420979020979026,71.106
Austria,59.0,MEDIUM,16.0,46.420979020979026,71.355
Austria,60.0,MEDIUM,17.0,46.420979020979026,70.962
Austria,61.0,MEDIUM,18.0,46.420979020979026,72.917
Austria,62.0,MEDIUM,19.0,46.420979020979026,71.462
Austria,64.0,MEDIUM,21.0,46.420979020979026,71.411
Austria,66.0,MEDIUM,23.0,46.420979020979026,71.192
Austria,67.0,MEDIUM,24.0,46.420979020979026,70.886
Austria,68.0,MEDIUM,25.0,46.420979020979026,70.816
Austria,69.0,MEDIUM,26.0,46.420979020979026,70.95
Austria,70.0,MEDIUM,27.0,46.420979020979026,72.052
Austria,71.0,MEDIUM,28.0,46.420979020979026,70.668
Austria,1.0,MEDIUM,2.0,46.420979020979026,81.132
Austria,2.0,MEDIUM,3.0,46.420979020979026,72.248
Austria,3.0,MEDIUM,4.0,46.420979020979026,71.654
Austria,4.0,MEDIUM,5.0,46.420979020979026,71.336
Austria,5.0,MEDIUM,6.0,46.420979020979026,71.416
Austria,6.0,MEDIUM,7.0,46.420979020979026,71.486
Austria,7.0,MEDIUM,8.0,46.420979020979026,71.837
Austria,8.0,MEDIUM,9.0,46.420979020979026,71.701
Austria,9.0,MEDIUM,10.0,46.420979020979026,71.54
Austria,10.0,MEDIUM,11.0,46.420979020979026,71.695
Austria,11.0,MEDIUM,12.0,46.420979020979026,72.093
Austria,12.0,MEDIUM,13.0,46.420979020979026,72.055
Austria,13.0,MEDIUM,14.0,46.420979020979026,72.195
Austria,14.0,MEDIUM,15.0,46.420979020979026,72.029
Austria,15.0,MEDIUM,16.0,46.420979020979026,72.369
Austria,16.0,MEDIUM,17.0,46.420979020979026,72.388
Austria,17.0,MEDIUM,18.0,46.420979020979026,72.581
Austria,18.0,MEDIUM,19.0,46.420979020979026,72.576
Austria,19.0,MEDIUM,20.0,46.420979020979026,72.663
Austria,20.0,MEDIUM,21.0,46.420979020979026,76.301
Austria,21.0,MEDIUM,1.0,46.420979020979026,87.55
Austria,22.0,MEDIUM,2.0,46.420979020979026,71.25
Austria,23.0,MEDIUM,3.0,46.420979020979026,71.033
Austria,24.0,MEDIUM,4.0,46.420979020979026,71.309
Austria,25.0,MEDIUM,5.0,46.420979020979026,71.478
Austria,26.0,MEDIUM,6.0,46.420979020979026,71.397
Austria,27.0,MEDIUM,7.0,46.420979020979026,71.413
Austria,28.0,MEDIUM,8.0,46.420979020979026,71.464
Austria,29.0,MEDIUM,9.0,46.420979020979026,71.378
Austria,30.0,MEDIUM,10.0,46.420979020979026,71.349
Austria,31.0,MEDIUM,11.0,46.420979020979026,71.344
Austria,32.0,MEDIUM,12.0,46.420979020979026,71.275
Austria,33.0,MEDIUM,13.0,46.420979020979026,71.365
Austria,34.0,MEDIUM,14.0,46.420979020979026,71.625
Austria,35.0,MEDIUM,15.0,46.420979020979026,71.826
Austria,36.0,MEDIUM,16.0,46.420979020979026,72.029
Austria,37.0,MEDIUM,17.0,46.420979020979026,71.884
Austria,38.0,MEDIUM,18.0,46.420979020979026,72.042
Austria,39.0,MEDIUM,19.0,46.420979020979026,72.507
Austria,40.0,MEDIUM,20.0,46.420979020979026,72.3
Austria,41.0,MEDIUM,21.0,46.420979020979026,71.896
Austria,42.0,MEDIUM,22.0,46.420979020979026,71.585
Austria,43.0,MEDIUM,23.0,46.420979020979026,74.734
Austria,44.0,HARD,2.0,46.420979020979026,88.238
Austria,45.0,HARD,3.0,46.420979020979026,70.453
Austria,46.0,HARD,4.0,46.420979020979026,70.567
Austria,47.0,HARD,5.0,46.420979020979026,70.435
Austria,48.0,HARD,6.0,46.420979020979026,70.443
Austria,49.0,HARD,7.0,46.420979020979026,70.42
Austria,50.0,HARD,8.0,46.420979020979026,70.52
Austria,51.0,HARD,9.0,46.420979020979026,70.707
Austria,52.0,HARD,10.0,46.420979020979026,70.561
Austria,53.0,HARD,11.0,46.420979020979026,70.565
Austria,54.0,HARD,12.0,46.420979020979026,70.143
Austria,55.0,HARD,13.0,46.420979020979026,72.569
Austria,56.0,HARD,14.0,46.420979020979026,70.437
Austria,57.0,HARD,15.0,46.420979020979026,70.822
Austria,58.0,HARD,16.0,46.420979020979026,70.638
Austria,59.0,HARD,17.0,46.420979020979026,71.099
Austria,60.0,HARD,18.0,46.420979020979026,70.984
Austria,61.0,HARD,19.0,46.420979020979026,70.7
Austria,62.0,HARD,20.0,46.420979020979026,72.102
Austria,64.0,HARD,22.0,46.420979020979026,71.322
Austria,66.0,HARD,24.0,46.420979020979026,72.255
Austria,67.0,HARD,25.0,46.420979020979026,73.949
Austria,68.0,HARD,26.0,46.420979020979026,70.91
Austria,69.0,HARD,27.0,46.420979020979026,70.935
Austria,70.0,HARD,28.0,46.420979020979026,71.538
Austria,1.0,MEDIUM,1.0,46.420979020979026,80.095
Austria,2.0,MEDIUM,2.0,46.420979020979026,71.613
Austria,3.0,MEDIUM,3.0,46.420979020979026,71.537
Austria,4.0,MEDIUM,4.0,46.420979020979026,71.316
Austria,5.0,MEDIUM,5.0,46.420979020979026,71.406
Austria,6.0,MEDIUM,6.0,46.420979020979026,71.401
Austria,7.0,MEDIUM,7.0,46.420979020979026,71.607
Austria,8.0,MEDIUM,8.0,46.420979020979026,71.722
Austria,9.0,MEDIUM,9.0,46.420979020979026,71.521
Austria,10.0,MEDIUM,10.0,46.420979020979026,71.674
Austria,11.0,MEDIUM,11.0,46.420979020979026,71.8
Austria,12.0,MEDIUM,12.0,46.420979020979026,71.924
Austria,13.0,MEDIUM,13.0,46.420979020979026,72.167
Austria,14.0,MEDIUM,14.0,46.420979020979026,72.095
Austria,15.0,MEDIUM,15.0,46.420979020979026,72.329
Austria,16.0,MEDIUM,16.0,46.420979020979026,72.447
Austria,17.0,MEDIUM,17.0,46.420979020979026,72.463
Austria,18.0,MEDIUM,18.0,46.420979020979026,72.484
Austria,19.0,MEDIUM,19.0,46.420979020979026,72.571
Austria,20.0,MEDIUM,20.0,46.420979020979026,72.652
Austria,21.0,MEDIUM,21.0,46.420979020979026,76.247
Austria,22.0,HARD,1.0,46.420979020979026,88.068
Austria,23.0,HARD,2.0,46.420979020979026,71.011
Austria,24.0,HARD,3.0,46.420979020979026,71.463
Austria,25.0,HARD,4.0,46.420979020979026,71.534
Austria,26.0,HARD,5.0,46.420979020979026,71.145
Austria,27.0,HARD,6.0,46.420979020979026,71.262
Austria,28.0,HARD,7.0,46.420979020979026,71.281
Austria,29.0,HARD,8.0,46.420979020979026,71.232
Austria,30.0,HARD,9.0,46.420979020979026,71.245
Austria,31.0,HARD,10.0,46.420979020979026,71.128
Austria,32.0,HARD,11.0,46.420979020979026,71.361
Austria,33.0,HARD,12.0,46.420979020979026,71.368
Austria,34.0,HARD,13.0,46.420979020979026,71.754
Austria,35.0,HARD,14.0,46.420979020979026,71.942
Austria,36.0,HARD,15.0,46.420979020979026,71.95
Austria,37.0,HARD,16.0,46.420979020979026,71.94
Austria,38.0,HARD,17.0,46.420979020979026,71.594
Austria,39.0,HARD,18.0,46.420979020979026,71.688
Austria,40.0,HARD,19.0,46.420979020979026,71.737
Austria,41.0,HARD,20.0,46.420979020979026,71.872
Austria,42.0,HARD,21.0,46.420979020979026,71.839
Austria,43.0,HARD,22.0,46.420979020979026,71.859
Austria,44.0,HARD,23.0,46.420979020979026,75.062
Austria,45.0,HARD,1.0,46.420979020979026,91.829
Austria,46.0,HARD,2.0,46.420979020979026,70.947
Austria,47.0,HARD,3.0,46.420979020979026,70.809
Austria,48.0,HARD,4.0,46.420979020979026,70.587
Austria,49.0,HARD,5.0,46.420979020979026,70.6
Austria,50.0,HARD,6.0,46.420979020979026,70.556
Austria,51.0,HARD,7.0,46.420979020979026,70.7
Austria,52.0,HARD,8.0,46.420979020979026,70.762
Austria,53.0,HARD,9.0,46.420979020979026,73.342
Austria,54.0,HARD,10.0,46.420979020979026,70.318
Austria,55.0,HARD,11.0,46.420979020979026,70.648
Austria,56.0,HARD,12.0,46.420979020979026,70.621
Austria,57.0,HARD,13.0,46.420979020979026,71.613
Austria,58.0,HARD,14.0,46.420979020979026,70.916
Austria,59.0,HARD,15.0,46.420979020979026,70.879
Austria,60.0,HARD,16.0,46.420979020979026,70.847
Austria,61.0,HARD,17.0,46.420979020979026,72.473
Austria,62.0,HARD,18.0,46.420979020979026,70.964
Austria,64.0,HARD,20.0,46.420979020979026,71.743
Austria,66.0,HARD,22.0,46.420979020979026,70.914
Austria,67.0,HARD,23.0,46.420979020979026,70.845
Austria,68.0,HARD,24.0,46.420979020979026,71.048
Austria,69.0,HARD,25.0,46.420979020979026,70.785
Austria,70.0,HARD,26.0,46.420979020979026,71.09
Austria,1.0,MEDIUM,1.0,46.420979020979026,80.507
Austria,2.0,MEDIUM,2.0,46.420979020979026,72.328
Austria,3.0,MEDIUM,3.0,46.420979020979026,71.489
Austria,4.0,MEDIUM,4.0,46.420979020979026,71.506
Austria,5.0,MEDIUM,5.0,46.420979020979026,71.402
Austria,6.0,MEDIUM,6.0,46.420979020979026,71.389
Austria,7.0,MEDIUM,7.0,46.420979020979026,71.836
Austria,8.0,MEDIUM,8.0,46.420979020979026,71.627
Austria,9.0,MEDIUM,9.0,46.420979020979026,71.446
Austria,10.0,MEDIUM,10.0,46.420979020979026,71.789
Austria,11.0,MEDIUM,11.0,46.420979020979026,72.06
Austria,12.0,MEDIUM,12.0,46.420979020979026,74.616
Austria,13.0,HARD,1.0,46.420979020979026,88.859
Austria,14.0,HARD,2.0,46.420979020979026,71.379
Austria,15.0,HARD,3.0,46.420979020979026,71.266
Austria,16.0,HARD,4.0,46.420979020979026,71.342
Austria,17.0,HARD,5.0,46.420979020979026,71.486
Austria,18.0,HARD,6.0,46.420979020979026,71.564
Austria,19.0,HARD,7.0,46.420979020979026,71.602
Austria,20.0,HARD,8.0,46.420979020979026,71.677
Austria,21.0,HARD,9.0,46.420979020979026,71.28
Austria,22.0,HARD,10.0,46.420979020979026,71.653
Austria,23.0,HARD,11.0,46.420979020979026,72.175
Austria,24.0,HARD,12.0,46.420979020979026,71.171
Austria,25.0,HARD,13.0,46.420979020979026,72.308
Austria,26.0,HARD,14.0,46.420979020979026,71.37
Austria,27.0,HARD,15.0,46.420979020979026,71.872
Austria,28.0,HARD,16.0,46.420979020979026,71.931
Austria,29.0,HARD,17.0,46.420979020979026,71.717
Austria,30.0,HARD,18.0,46.420979020979026,71.618
Austria,31.0,HARD,19.0,46.420979020979026,71.888
Austria,32.0,HARD,20.0,46.420979020979026,71.931
Austria,33.0,HARD,21.0,46.420979020979026,71.767
Austria,34.0,HARD,22.0,46.420979020979026,72.038
Austria,35.0,HARD,23.0,46.420979020979026,72.367
Austria,36.0,HARD,24.0,46.420979020979026,71.99
Austria,37.0,HARD,25.0,46.420979020979026,73.504
Austria,38.0,HARD,26.0,46.420979020979026,71.964
Austria,39.0,HARD,27.0,46.420979020979026,77.195
Austria,40.0,HARD,1.0,46.420979020979026,88.111
Austria,41.0,HARD,2.0,46.420979020979026,70.364
Austria,42.0,HARD,3.0,46.420979020979026,70.736
Austria,43.0,HARD,4.0,46.420979020979026,71.011
Austria,44.0,HARD,5.0,46.420979020979026,70.848
Austria,45.0,HARD,6.0,46.420979020979026,70.649
Austria,46.0,HARD,7.0,46.420979020979026,70.913
Austria,47.0,HARD,8.0,46.420979020979026,70.936
Austria,48.0,HARD,9.0,46.420979020979026,70.661
Austria,49.0,HARD,10.0,46.420979020979026,70.676
Austria,50.0,HARD,11.0,46.420979020979026,70.961
Austria,51.0,HARD,12.0,46.420979020979026,71.146
Austria,52.0,HARD,13.0,46.420979020979026,70.827
Austria,53.0,HARD,14.0,46.420979020979026,70.812
Austria,54.0,HARD,15.0,46.420979020979026,71.922
Austria,55.0,HARD,16.0,46.420979020979026,72.452
Austria,56.0,HARD,17.0,46.420979020979026,70.716
Austria,57.0,HARD,18.0,46.420979020979026,71.095
Austria,58.0,HARD,19.0,46.420979020979026,71.009
Austria,59.0,HARD,20.0,46.420979020979026,71.128
Austria,60.0,HARD,21.0,46.420979020979026,72.202
Austria,61.0,HARD,22.0,46.420979020979026,71.036
Austria,62.0,HARD,23.0,46.420979020979026,71.005
Austria,64.0,HARD,25.0,46.420979020979026,73.165
Austria,66.0,HARD,27.0,46.420979020979026,72.159
Austria,67.0,HARD,28.0,46.420979020979026,71.206
Austria,68.0,HARD,29.0,46.420979020979026,70.851
Austria,69.0,HARD,30.0,46.420979020979026,70.933
Austria,70.0,HARD,31.0,46.420979020979026,71.437
Austria,1.0,MEDIUM,1.0,46.420979020979026,80.918
Austria,2.0,MEDIUM,2.0,46.420979020979026,72.859
Austria,3.0,MEDIUM,3.0,46.420979020979026,72.113
Austria,4.0,MEDIUM,4.0,46.420979020979026,71.571
Austria,5.0,MEDIUM,5.0,46.420979020979026,72.185
Austria,6.0,MEDIUM,6.0,46.420979020979026,71.672
Austria,7.0,MEDIUM,7.0,46.420979020979026,71.773
Austria,8.0,MEDIUM,8.0,46.420979020979026,71.941
Austria,9.0,MEDIUM,9.0,46.420979020979026,71.671
Austria,10.0,MEDIUM,10.0,46.420979020979026,71.756
Austria,11.0,MEDIUM,11.0,46.420979020979026,71.821
Austria,12.0,MEDIUM,12.0,46.420979020979026,71.965
Austria,13.0,MEDIUM,13.0,46.420979020979026,72.069
Austria,14.0,MEDIUM,14.0,46.420979020979026,72.12
Austria,15.0,MEDIUM,15.0,46.420979020979026,72.191
Austria,16.0,MEDIUM,16.0,46.420979020979026,72.754
Austria,17.0,MEDIUM,17.0,46.420979020979026,72.437
Austria,18.0,MEDIUM,18.0,46.420979020979026,72.538
Austria,19.0,MEDIUM,19.0,46.420979020979026,76.062
Austria,20.0,HARD,1.0,46.420979020979026,88.202
Austria,21.0,HARD,2.0,46.420979020979026,71.308
Austria,22.0,HARD,3.0,46.420979020979026,71.777
Austria,23.0,HARD,4.0,46.420979020979026,71.607
Austria,24.0,HARD,5.0,46.420979020979026,71.358
Austria,25.0,HARD,6.0,46.420979020979026,71.562
Austria,26.0,HARD,7.0,46.420979020979026,71.128
Austria,27.0,HARD,8.0,46.420979020979026,71.533
Austria,28.0,HARD,9.0,46.420979020979026,71.642
Austria,29.0,HARD,10.0,46.420979020979026,71.633
Austria,30.0,HARD,11.0,46.420979020979026,71.569
Austria,31.0,HARD,12.0,46.420979020979026,71.37
Austria,32.0,HARD,13.0,46.420979020979026,71.459
Austria,33.0,HARD,14.0,46.420979020979026,71.432
Austria,34.0,HARD,15.0,46.420979020979026,71.604
Austria,35.0,HARD,16.0,46.420979020979026,71.653
Austria,36.0,HARD,17.0,46.420979020979026,71.815
Austria,37.0,HARD,18.0,46.420979020979026,71.797
Austria,38.0,HARD,19.0,46.420979020979026,71.921
Austria,39.0,HARD,20.0,46.420979020979026,72.135
Austria,40.0,HARD,21.0,46.420979020979026,72.199
Austria,41.0,HARD,22.0,46.420979020979026,72.103
Austria,42.0,HARD,23.0,46.420979020979026,75.36
Austria,43.0,HARD,1.0,46.420979020979026,89.593
Austria,44.0,HARD,2.0,46.420979020979026,71.193
Austria,45.0,HARD,3.0,46.420979020979026,71.074
Austria,46.0,HARD,4.0,46.420979020979026,71.958
Austria,47.0,HARD,5.0,46.420979020979026,70.711
Austria,48.0,HARD,6.0,46.420979020979026,70.449
Austria,49.0,HARD,7.0,46.420979020979026,70.726
Austria,50.0,HARD,8.0,46.420979020979026,70.736
Austria,51.0,HARD,9.0,46.420979020979026,71.229
Austria,52.0,HARD,10.0,46.420979020979026,72.04
Austria,53.0,HARD,11.0,46.420979020979026,71.0
Austria,54.0,HARD,12.0,46.420979020979026,70.902
Austria,55.0,HARD,13.0,46.420979020979026,70.536
Austria,56.0,HARD,14.0,46.420979020979026,71.177
Austria,57.0,HARD,15.0,46.420979020979026,71.473
Austria,58.0,HARD,16.0,46.420979020979026,72.808
Austria,59.0,HARD,17.0,46.420979020979026,73.607
Austria,60.0,HARD,18.0,46.420979020979026,70.778
Austria,61.0,HARD,19.0,46.420979020979026,71.21
Austria,62.0,HARD,20.0,46.420979020979026,71.356
Austria,64.0,HARD,22.0,46.420979020979026,71.574
Austria,66.0,HARD,24.0,46.420979020979026,71.464
Austria,67.0,HARD,25.0,46.420979020979026,71.11
Austria,68.0,HARD,26.0,46.420979020979026,71.085
Austria,69.0,HARD,27.0,46.420979020979026,71.174
Austria,70.0,HARD,28.0,46.420979020979026,71.022
Austria,1.0,HARD,1.0,46.420979020979026,84.058
Austria,2.0,HARD,2.0,46.420979020979026,71.66
Austria,3.0,HARD,3.0,46.420979020979026,71.793
Austria,4.0,HARD,4.0,46.420979020979026,72.269
Austria,5.0,HARD,5.0,46.420979020979026,71.779
Austria,6.0,HARD,6.0,46.420979020979026,71.973
Austria,7.0,HARD,7.0,46.420979020979026,72.045
Austria,8.0,HARD,8.0,46.420979020979026,72.089
Austria,9.0,HARD,9.0,46.420979020979026,72.16
Austria,10.0,HARD,10.0,46.420979020979026,72.335
Austria,11.0,HARD,11.0,46.420979020979026,72.068
Austria,12.0,HARD,12.0,46.420979020979026,72.397
Austria,13.0,HARD,13.0,46.420979020979026,72.211
Austria,14.0,HARD,14.0,46.420979020979026,72.337
Austria,15.0,HARD,15.0,46.420979020979026,72.239
Austria,16.0,HARD,16.0,46.420979020979026,72.441
Austria,17.0,HARD,17.0,46.420979020979026,72.852
Austria,18.0,HARD,18.0,46.420979020979026,73.866
Austria,19.0,HARD,19.0,46.420979020979026,72.597
Austria,20.0,HARD,20.0,46.420979020979026,75.649
Austria,21.0,HARD,21.0,46.420979020979026,73.624
Austria,22.0,HARD,22.0,46.420979020979026,73.307
Austria,23.0,HARD,23.0,46.420979020979026,72.674
Austria,24.0,HARD,24.0,46.420979020979026,72.726
Austria,25.0,HARD,25.0,46.420979020979026,74.091
Austria,26.0,HARD,26.0,46.420979020979026,73.839
Austria,27.0,HARD,27.0,46.420979020979026,72.905
Austria,28.0,HARD,28.0,46.420979020979026,76.494
Austria,29.0,MEDIUM,1.0,46.420979020979026,90.496
Austria,30.0,MEDIUM,2.0,46.420979020979026,70.915
Austria,31.0,MEDIUM,3.0,46.420979020979026,70.713
Austria,32.0,MEDIUM,4.0,46.420979020979026,72.217
Austria,33.0,MEDIUM,5.0,46.420979020979026,70.748
Austria,34.0,MEDIUM,6.0,46.420979020979026,71.224
Austria,35.0,MEDIUM,7.0,46.420979020979026,71.692
Austria,36.0,MEDIUM,8.0,46.420979020979026,72.638
Austria,37.0,MEDIUM,9.0,46.420979020979026,72.234
Austria,38.0,MEDIUM,10.0,46.420979020979026,72.77
Austria,39.0,MEDIUM,11.0,46.420979020979026,70.987
Austria,40.0,MEDIUM,12.0,46.420979020979026,71.298
Austria,41.0,MEDIUM,13.0,46.420979020979026,74.79
Austria,42.0,MEDIUM,14.0,46.420979020979026,71.54
Austria,43.0,MEDIUM,15.0,46.420979020979026,71.821
Austria,44.0,MEDIUM,16.0,46.420979020979026,71.336
Austria,45.0,MEDIUM,17.0,46.420979020979026,71.291
Austria,46.0,MEDIUM,18.0,46.420979020979026,71.231
Austria,47.0,MEDIUM,19.0,46.420979020979026,71.714
Austria,48.0,MEDIUM,20.0,46.420979020979026,71.663
Austria,49.0,MEDIUM,21.0,46.420979020979026,71.385
Austria,50.0,MEDIUM,22.0,46.420979020979026,73.529
Austria,51.0,MEDIUM,23.0,46.420979020979026,75.549
Austria,52.0,HARD,1.0,46.420979020979026,88.633
Austria,53.0,HARD,2.0,46.420979020979026,70.726
Austria,54.0,HARD,3.0,46.420979020979026,70.47
Austria,55.0,HARD,4.0,46.420979020979026,70.809
Austria,56.0,HARD,5.0,46.420979020979026,71.042
Austria,57.0,HARD,6.0,46.420979020979026,71.155
Austria,58.0,HARD,7.0,46.420979020979026,71.225
Austria,59.0,HARD,8.0,46.420979020979026,70.977
Austria,60.0,HARD,9.0,46.420979020979026,70.765
Austria,61.0,HARD,10.0,46.420979020979026,70.976
Austria,63.0,HARD,12.0,46.420979020979026,71.171
Austria,66.0,HARD,15.0,46.420979020979026,71.016
Austria,67.0,HARD,16.0,46.420979020979026,70.958
Austria,68.0,HARD,17.0,46.420979020979026,71.114
Austria,69.0,HARD,18.0,46.420979020979026,70.769
Austria,70.0,HARD,19.0,46.420979020979026,70.777
Austria,1.0,MEDIUM,4.0,46.420979020979026,79.908
Austria,2.0,MEDIUM,5.0,46.420979020979026,72.316
Austria,3.0,MEDIUM,6.0,46.420979020979026,71.424
Austria,4.0,MEDIUM,7.0,46.420979020979026,71.555
Austria,5.0,MEDIUM,8.0,46.420979020979026,71.505
Austria,6.0,MEDIUM,9.0,46.420979020979026,71.32
Austria,7.0,MEDIUM,10.0,46.420979020979026,71.712
Austria,8.0,MEDIUM,11.0,46.420979020979026,71.608
Austria,9.0,MEDIUM,12.0,46.420979020979026,71.485
Austria,10.0,MEDIUM,13.0,46.420979020979026,71.902
Austria,11.0,MEDIUM,14.0,46.420979020979026,75.343
Austria,12.0,MEDIUM,2.0,46.420979020979026,87.668
Austria,13.0,MEDIUM,3.0,46.420979020979026,70.912
Austria,14.0,MEDIUM,4.0,46.420979020979026,71.382
Austria,15.0,MEDIUM,5.0,46.420979020979026,71.189
Austria,16.0,MEDIUM,6.0,46.420979020979026,71.141
Austria,17.0,MEDIUM,7.0,46.420979020979026,71.285
Austria,18.0,MEDIUM,8.0,46.420979020979026,71.483
Austria,19.0,MEDIUM,9.0,46.420979020979026,71.38
Austria,20.0,MEDIUM,10.0,46.420979020979026,71.521
Austria,21.0,MEDIUM,11.0,46.420979020979026,71.425
Austria,22.0,MEDIUM,12.0,46.420979020979026,72.107
Austria,23.0,MEDIUM,13.0,46.420979020979026,71.324
Austria,24.0,MEDIUM,14.0,46.420979020979026,71.348
Austria,25.0,MEDIUM,15.0,46.420979020979026,71.516
Austria,26.0,MEDIUM,16.0,46.420979020979026,71.741
Austria,27.0,MEDIUM,17.0,46.420979020979026,71.72
Austria,28.0,MEDIUM,18.0,46.420979020979026,71.693
Austria,29.0,MEDIUM,19.0,46.420979020979026,72.079
Austria,30.0,MEDIUM,20.0,46.420979020979026,71.771
Austria,31.0,MEDIUM,21.0,46.420979020979026,71.845
Austria,32.0,MEDIUM,22.0,46.420979020979026,72.0
Austria,33.0,MEDIUM,23.0,46.420979020979026,71.501
Austria,34.0,MEDIUM,24.0,46.420979020979026,72.44
Austria,35.0,MEDIUM,25.0,46.420979020979026,78.118
Austria,36.0,HARD,2.0,46.420979020979026,100.992
Austria,37.0,HARD,3.0,46.420979020979026,70.871
Austria,38.0,HARD,4.0,46.420979020979026,70.908
Austria,39.0,HARD,5.0,46.420979020979026,70.594
Austria,40.0,HARD,6.0,46.420979020979026,70.861
Austria,41.0,HARD,7.0,46.420979020979026,70.737
Austria,42.0,HARD,8.0,46.420979020979026,70.588
Austria,43.0,HARD,9.0,46.420979020979026,70.94
Austria,44.0,HARD,10.0,46.420979020979026,71.365
Austria,45.0,HARD,11.0,46.420979020979026,72.15
Austria,46.0,HARD,12.0,46.420979020979026,71.329
Austria,47.0,HARD,13.0,46.420979020979026,71.119
Austria,48.0,HARD,14.0,46.420979020979026,70.576
Austria,49.0,HARD,15.0,46.420979020979026,70.731
Austria,50.0,HARD,16.0,46.420979020979026,70.914
Austria,51.0,HARD,17.0,46.420979020979026,72.431
Austria,52.0,HARD,18.0,46.420979020979026,71.568
Austria,53.0,HARD,19.0,46.420979020979026,71.336
Austria,54.0,HARD,20.0,46.420979020979026,72.38
Austria,55.0,HARD,21.0,46.420979020979026,70.693
Austria,56.0,HARD,22.0,46.420979020979026,71.399
Austria,57.0,HARD,23.0,46.420979020979026,72.992
Austria,58.0,HARD,24.0,46.420979020979026,72.769
Austria,59.0,HARD,25.0,46.420979020979026,72.403
Austria,60.0,HARD,26.0,46.420979020979026,71.964
Austria,61.0,HARD,27.0,46.420979020979026,71.617
Austria,66.0,HARD,32.0,46.420979020979026,72.709
Austria,67.0,HARD,33.0,46.420979020979026,71.295
Austria,68.0,HARD,34.0,46.420979020979026,75.636
Austria,69.0,SOFT,1.0,46.420979020979026,90.361
Austria,70.0,SOFT,2.0,46.420979020979026,67.694
Austria,1.0,MEDIUM,1.0,46.420979020979026,84.605
Austria,2.0,MEDIUM,7.0,46.420979020979026,99.346
Austria,3.0,MEDIUM,8.0,46.420979020979026,71.686
Austria,4.0,MEDIUM,9.0,46.420979020979026,71.76
Austria,5.0,MEDIUM,10.0,46.420979020979026,71.895
Austria,6.0,MEDIUM,11.0,46.420979020979026,71.968
Austria,7.0,MEDIUM,12.0,46.420979020979026,71.954
Austria,8.0,MEDIUM,13.0,46.420979020979026,72.104
Austria,9.0,MEDIUM,14.0,46.420979020979026,72.297
Austria,10.0,MEDIUM,15.0,46.420979020979026,72.429
Austria,11.0,MEDIUM,16.0,46.420979020979026,72.332
Austria,12.0,MEDIUM,17.0,46.420979020979026,72.701
Austria,13.0,MEDIUM,18.0,46.420979020979026,72.669
Austria,14.0,MEDIUM,19.0,46.420979020979026,72.642
Austria,15.0,MEDIUM,20.0,46.420979020979026,72.561
Austria,16.0,MEDIUM,21.0,46.420979020979026,72.858
Austria,17.0,MEDIUM,22.0,46.420979020979026,73.584
Austria,18.0,MEDIUM,23.0,46.420979020979026,74.433
Austria,19.0,MEDIUM,24.0,46.420979020979026,72.772
Austria,20.0,MEDIUM,25.0,46.420979020979026,76.433
Austria,21.0,HARD,1.0,46.420979020979026,90.282
Austria,22.0,HARD,2.0,46.420979020979026,71.128
Austria,23.0,HARD,3.0,46.420979020979026,73.689
Austria,24.0,HARD,4.0,46.420979020979026,70.753
Austria,25.0,HARD,5.0,46.420979020979026,72.872
Austria,26.0,HARD,6.0,46.420979020979026,72.961
Austria,27.0,HARD,7.0,46.420979020979026,71.549
Austria,28.0,HARD,8.0,46.420979020979026,71.795
Austria,29.0,HARD,9.0,46.420979020979026,72.662
Austria,30.0,HARD,10.0,46.420979020979026,71.427
Austria,31.0,HARD,11.0,46.420979020979026,71.943
Austria,32.0,HARD,12.0,46.420979020979026,71.733
Austria,33.0,HARD,13.0,46.420979020979026,73.633
Austria,34.0,HARD,14.0,46.420979020979026,71.821
Austria,35.0,HARD,15.0,46.420979020979026,72.035
Austria,36.0,HARD,16.0,46.420979020979026,71.802
Austria,37.0,HARD,17.0,46.420979020979026,71.778
Austria,38.0,HARD,18.0,46.420979020979026,71.889
Austria,39.0,HARD,19.0,46.420979020979026,72.015
Austria,40.0,HARD,20.0,46.420979020979026,72.322
Austria,41.0,HARD,21.0,46.420979020979026,72.077
Austria,42.0,HARD,22.0,46.420979020979026,72.177
Austria,43.0,HARD,23.0,46.420979020979026,72.175
Austria,44.0,HARD,24.0,46.420979020979026,72.287
Austria,45.0,HARD,25.0,46.420979020979026,72.42
Austria,46.0,HARD,26.0,46.420979020979026,72.051
Austria,47.0,HARD,27.0,46.420979020979026,71.899
Austria,48.0,HARD,28.0,46.420979020979026,71.902
Austria,49.0,HARD,29.0,46.420979020979026,75.384
Austria,50.0,MEDIUM,2.0,46.420979020979026,89.412
Austria,51.0,MEDIUM,3.0,46.420979020979026,70.498
Austria,52.0,MEDIUM,4.0,46.420979020979026,70.774
Austria,53.0,MEDIUM,5.0,46.420979020979026,70.667
Austria,54.0,MEDIUM,6.0,46.420979020979026,70.629
Austria,55.0,MEDIUM,7.0,46.420979020979026,70.776
Austria,56.0,MEDIUM,8.0,46.420979020979026,70.644
Austria,57.0,MEDIUM,9.0,46.420979020979026,74.583
Austria,58.0,MEDIUM,10.0,46.420979020979026,70.755
Austria,59.0,MEDIUM,11.0,46.420979020979026,70.657
Austria,60.0,MEDIUM,12.0,46.420979020979026,70.406
Austria,61.0,MEDIUM,13.0,46.420979020979026,71.008
Austria,63.0,MEDIUM,15.0,46.420979020979026,71.949
Austria,65.0,MEDIUM,17.0,46.420979020979026,70.742
Austria,66.0,MEDIUM,18.0,46.420979020979026,70.855
Austria,67.0,MEDIUM,19.0,46.420979020979026,72.454
Austria,68.0,MEDIUM,20.0,46.420979020979026,73.607
Austria,69.0,MEDIUM,21.0,46.420979020979026,71.489
Austria,1.0,MEDIUM,1.0,46.420979020979026,73.371
Austria,2.0,MEDIUM,2.0,46.420979020979026,69.813
Austria,3.0,MEDIUM,3.0,46.420979020979026,70.528
Austria,4.0,MEDIUM,4.0,46.420979020979026,70.389
Austria,5.0,MEDIUM,5.0,46.420979020979026,70.424
Austria,6.0,MEDIUM,6.0,46.420979020979026,70.329
Austria,7.0,MEDIUM,7.0,46.420979020979026,70.539
Austria,8.0,MEDIUM,8.0,46.420979020979026,70.512
Austria,9.0,MEDIUM,9.0,46.420979020979026,70.446
Austria,10.0,MEDIUM,10.0,46.420979020979026,71.751
Austria,11.0,MEDIUM,11.0,46.420979020979026,70.844
Austria,12.0,MEDIUM,12.0,46.420979020979026,70.885
Austria,13.0,MEDIUM,13.0,46.420979020979026,71.064
Austria,14.0,MEDIUM,14.0,46.420979020979026,71.103
Austria,15.0,MEDIUM,15.0,46.420979020979026,71.004
Austria,16.0,MEDIUM,16.0,46.420979020979026,71.333
Austria,17.0,MEDIUM,17.0,46.420979020979026,71.149
Austria,18.0,MEDIUM,18.0,46.420979020979026,71.258
Austria,19.0,MEDIUM,19.0,46.420979020979026,71.658
Austria,20.0,MEDIUM,20.0,46.420979020979026,71.288
Austria,21.0,MEDIUM,21.0,46.420979020979026,71.407
Austria,22.0,MEDIUM,22.0,46.420979020979026,71.229
Austria,23.0,MEDIUM,23.0,46.420979020979026,75.037
Austria,24.0,HARD,1.0,46.420979020979026,88.259
Austria,25.0,HARD,2.0,46.420979020979026,69.434
Austria,26.0,HARD,3.0,46.420979020979026,69.692
Austria,27.0,HARD,4.0,46.420979020979026,69.68
Austria,28.0,HARD,5.0,46.420979020979026,69.716
Austria,29.0,HARD,6.0,46.420979020979026,69.604
Austria,30.0,HARD,7.0,46.420979020979026,69.851
Austria,31.0,HARD,8.0,46.420979020979026,70.1
Austria,32.0,HARD,9.0,46.420979020979026,69.919
Austria,33.0,HARD,10.0,46.420979020979026,69.4
Austria,34.0,HARD,11.0,46.420979020979026,69.755
Austria,35.0,HARD,12.0,46.420979020979026,69.908
Austria,36.0,HARD,13.0,46.420979020979026,70.106
Austria,37.0,HARD,14.0,46.420979020979026,69.883
Austria,38.0,HARD,15.0,46.420979020979026,70.161
Austria,39.0,HARD,16.0,46.420979020979026,70.388
Austria,40.0,HARD,17.0,46.420979020979026,70.102
Austria,41.0,HARD,18.0,46.420979020979026,70.441
Austria,42.0,HARD,19.0,46.420979020979026,70.47
Austria,43.0,HARD,20.0,46.420979020979026,70.141
Austria,44.0,HARD,21.0,46.420979020979026,70.777
Austria,45.0,HARD,22.0,46.420979020979026,70.171
Austria,46.0,HARD,23.0,46.420979020979026,70.411
Austria,47.0,HARD,24.0,46.420979020979026,70.73
Austria,48.0,HARD,25.0,46.420979020979026,70.774
Austria,49.0,HARD,26.0,46.420979020979026,70.444
Austria,50.0,HARD,27.0,46.420979020979026,70.546
Austria,51.0,HARD,28.0,46.420979020979026,74.573
Austria,52.0,MEDIUM,1.0,46.420979020979026,85.763
Austria,53.0,MEDIUM,2.0,46.420979020979026,68.016
Austria,54.0,MEDIUM,3.0,46.420979020979026,68.429
Austria,55.0,MEDIUM,4.0,46.420979020979026,69.348
Austria,56.0,MEDIUM,5.0,46.420979020979026,68.77
Austria,57.0,MEDIUM,6.0,46.420979020979026,68.751
Austria,58.0,MEDIUM,7.0,46.420979020979026,69.161
Austria,59.0,MEDIUM,8.0,46.420979020979026,70.626
Austria,60.0,MEDIUM,9.0,46.420979020979026,69.356
Austria,61.0,MEDIUM,10.0,46.420979020979026,70.037
Austria,62.0,MEDIUM,11.0,46.420979020979026,69.509
Austria,63.0,MEDIUM,12.0,46.420979020979026,70.234
Silverstone,1.0,MEDIUM,1.0,27.670068027210885,96.034
Silverstone,2.0,MEDIUM,2.0,27.670068027210885,91.42
Silverstone,3.0,MEDIUM,3.0,27.670068027210885,91.716
Silverstone,4.0,MEDIUM,4.0,27.670068027210885,91.988
Silverstone,5.0,MEDIUM,5.0,27.670068027210885,91.677
Silverstone,6.0,MEDIUM,6.0,27.670068027210885,91.746
Silverstone,7.0,MEDIUM,7.0,27.670068027210885,91.675
Silverstone,8.0,MEDIUM,8.0,27.670068027210885,91.76
Silverstone,9.0,MEDIUM,9.0,27.670068027210885,91.564
Silverstone,10.0,MEDIUM,10.0,27.670068027210885,91.515
Silverstone,11.0,MEDIUM,11.0,27.670068027210885,91.487
Silverstone,12.0,MEDIUM,12.0,27.670068027210885,91.563
Silverstone,13.0,MEDIUM,13.0,27.670068027210885,91.881
Silverstone,14.0,MEDIUM,14.0,27.670068027210885,91.609
Silverstone,15.0,MEDIUM,15.0,27.670068027210885,91.563
Silverstone,16.0,MEDIUM,16.0,27.670068027210885,91.931
Silverstone,17.0,MEDIUM,17.0,27.670068027210885,93.721
Silverstone,18.0,MEDIUM,18.0,27.670068027210885,95.071
Silverstone,19.0,MEDIUM,19.0,27.670068027210885,103.711
Silverstone,20.0,MEDIUM,20.0,27.670068027210885,100.021
Silverstone,21.0,MEDIUM,21.0,27.670068027210885,92.156
Silverstone,22.0,MEDIUM,22.0,27.670068027210885,91.095
Silverstone,23.0,MEDIUM,23.0,27.670068027210885,91.107
Silverstone,24.0,MEDIUM,24.0,27.670068027210885,91.635
Silverstone,25.0,MEDIUM,25.0,27.670068027210885,94.988
Silverstone,26.0,MEDIUM,26.0,27.670068027210885,100.792
Silverstone,27.0,MEDIUM,27.0,27.670068027210885,105.183
Silverstone,28.0,INTERMEDIATE,1.0,27.670068027210885,120.866
Silverstone,29.0,INTERMEDIATE,2.0,27.670068027210885,100.42
Silverstone,30.0,INTERMEDIATE,3.0,27.670068027210885,100.467
Silverstone,31.0,INTERMEDIATE,4.0,27.670068027210885,101.538
Silverstone,32.0,INTERMEDIATE,5.0,27.670068027210885,102.475
Silverstone,33.0,INTERMEDIATE,6.0,27.670068027210885,102.435
Silverstone,34.0,INTERMEDIATE,7.0,27.670068027210885,102.757
Silverstone,35.0,INTERMEDIATE,8.0,27.670068027210885,102.271
Silverstone,36.0,INTERMEDIATE,9.0,27.670068027210885,101.924
Silverstone,37.0,INTERMEDIATE,10.0,27.670068027210885,99.711
Silverstone,38.0,INTERMEDIATE,11.0,27.670068027210885,97.22
Silverstone,39.0,SOFT,2.0,27.670068027210885,117.389
Silverstone,40.0,SOFT,3.0,27.670068027210885,90.318
Silverstone,41.0,SOFT,4.0,27.670068027210885,90.118
Silverstone,42.0,SOFT,5.0,27.670068027210885,89.617
Silverstone,43.0,SOFT,6.0,27.670068027210885,89.793
Silverstone,44.0,SOFT,7.0,27.670068027210885,89.697
Silverstone,45.0,SOFT,8.0,27.670068027210885,89.438
Silverstone,46.0,SOFT,9.0,27.670068027210885,89.641
Silverstone,47.0,SOFT,10.0,27.670068027210885,89.538
Silverstone,48.0,SOFT,11.0,27.670068027210885,89.579
Silverstone,49.0,SOFT,12.0,27.670068027210885,89.667
Silverstone,50.0,SOFT,13.0,27.670068027210885,89.682
Silverstone,51.0,SOFT,14.0,27.670068027210885,89.743
Silverstone,52.0,SOFT,15.0,27.670068027210885,90.146
Silverstone,1.0,MEDIUM,1.0,27.670068027210885,96.711
Silverstone,2.0,MEDIUM,2.0,27.670068027210885,91.773
Silverstone,3.0,MEDIUM,3.0,27.670068027210885,92.2
Silverstone,4.0,MEDIUM,4.0,27.670068027210885,91.933
Silverstone,5.0,MEDIUM,5.0,27.670068027210885,91.778
Silverstone,6.0,MEDIUM,6.0,27.670068027210885,91.711
Silverstone,7.0,MEDIUM,7.0,27.670068027210885,91.935
Silverstone,8.0,MEDIUM,8.0,27.670068027210885,92.038
Silverstone,9.0,MEDIUM,9.0,27.670068027210885,91.883
Silverstone,10.0,MEDIUM,10.0,27.670068027210885,91.661
Silverstone,11.0,MEDIUM,11.0,27.670068027210885,91.81
Silverstone,12.0,MEDIUM,12.0,27.670068027210885,91.894
Silverstone,13.0,MEDIUM,13.0,27.670068027210885,91.759
Silverstone,14.0,MEDIUM,14.0,27.670068027210885,91.7
Silverstone,15.0,MEDIUM,15.0,27.670068027210885,92.249
Silverstone,16.0,MEDIUM,16.0,27.670068027210885,92.504
Silverstone,17.0,MEDIUM,17.0,27.670068027210885,95.359
Silverstone,18.0,MEDIUM,18.0,27.670068027210885,96.172
Silverstone,19.0,MEDIUM,19.0,27.670068027210885,102.485
Silverstone,20.0,MEDIUM,20.0,27.670068027210885,97.108
Silverstone,21.0,MEDIUM,21.0,27.670068027210885,93.488
Silverstone,22.0,MEDIUM,22.0,27.670068027210885,91.904
Silverstone,23.0,MEDIUM,23.0,27.670068027210885,92.143
Silverstone,24.0,MEDIUM,24.0,27.670068027210885,93.02
Silverstone,25.0,MEDIUM,25.0,27.670068027210885,96.063
Silverstone,26.0,MEDIUM,26.0,27.670068027210885,101.491
Silverstone,27.0,INTERMEDIATE,1.0,27.670068027210885,119.169
Silverstone,28.0,INTERMEDIATE,2.0,27.670068027210885,101.176
Silverstone,29.0,INTERMEDIATE,3.0,27.670068027210885,101.533
Silverstone,30.0,INTERMEDIATE,4.0,27.670068027210885,102.098
Silverstone,31.0,INTERMEDIATE,5.0,27.670068027210885,102.025
Silverstone,32.0,INTERMEDIATE,6.0,27.670068027210885,102.538
Silverstone,33.0,INTERMEDIATE,7.0,27.670068027210885,102.606
Silverstone,34.0,INTERMEDIATE,8.0,27.670068027210885,102.447
Silverstone,35.0,INTERMEDIATE,9.0,27.670068027210885,103.029
Silverstone,36.0,INTERMEDIATE,10.0,27.670068027210885,101.958
Silverstone,37.0,INTERMEDIATE,11.0,27.670068027210885,98.869
Silverstone,38.0,INTERMEDIATE,12.0,27.670068027210885,95.963
Silverstone,39.0,HARD,1.0,27.670068027210885,118.311
Silverstone,40.0,HARD,2.0,27.670068027210885,90.056
Silverstone,41.0,HARD,3.0,27.670068027210885,89.604
Silverstone,42.0,HARD,4.0,27.670068027210885,89.472
Silverstone,43.0,HARD,5.0,27.670068027210885,89.105
Silverstone,44.0,HARD,6.0,27.670068027210885,89.372
Silverstone,45.0,HARD,7.0,27.670068027210885,89.137
Silverstone,46.0,HARD,8.0,27.670068027210885,89.543
Silverstone,47.0,HARD,9.0,27.670068027210885,89.411
Silverstone,48.0,HARD,10.0,27.670068027210885,88.952
Silverstone,49.0,HARD,11.0,27.670068027210885,89.56
Silverstone,50.0,HARD,12.0,27.670068027210885,89.286
Silverstone,51.0,HARD,13.0,27.670068027210885,89.443
Silverstone,52.0,HARD,14.0,27.670068027210885,89.089
Silverstone,1.0,MEDIUM,1.0,27.670068027210885,97.347
Silverstone,2.0,MEDIUM,2.0,27.670068027210885,92.188
Silverstone,3.0,MEDIUM,3.0,27.670068027210885,91.991
Silverstone,4.0,MEDIUM,4.0,27.670068027210885,91.976
Silverstone,5.0,MEDIUM,5.0,27.670068027210885,91.716
Silverstone,6.0,MEDIUM,6.0,27.670068027210885,91.896
Silverstone,7.0,MEDIUM,7.0,27.670068027210885,92.071
Silverstone,8.0,MEDIUM,8.0,27.670068027210885,92.018
Silverstone,9.0,MEDIUM,9.0,27.670068027210885,91.976
Silverstone,10.0,MEDIUM,10.0,27.670068027210885,91.83
Silverstone,11.0,MEDIUM,11.0,27.670068027210885,91.748
Silverstone,12.0,MEDIUM,12.0,27.670068027210885,91.718
Silverstone,13.0,MEDIUM,13.0,27.670068027210885,91.472
Silverstone,14.0,MEDIUM,14.0,27.670068027210885,91.407
Silverstone,15.0,MEDIUM,15.0,27.670068027210885,90.946
Silverstone,16.0,MEDIUM,16.0,27.670068027210885,91.69
Silverstone,17.0,MEDIUM,17.0,27.670068027210885,94.304
Silverstone,18.0,MEDIUM,18.0,27.670068027210885,94.125
Silverstone,19.0,MEDIUM,19.0,27.670068027210885,101.436
Silverstone,20.0,MEDIUM,20.0,27.670068027210885,97.704
Silverstone,21.0,MEDIUM,21.0,27.670068027210885,91.513
Silverstone,22.0,MEDIUM,22.0,27.670068027210885,90.86
Silverstone,23.0,MEDIUM,23.0,27.670068027210885,91.176
Silverstone,24.0,MEDIUM,24.0,27.670068027210885,91.629
Silverstone,25.0,MEDIUM,25.0,27.670068027210885,94.307
Silverstone,26.0,MEDIUM,26.0,27.670068027210885,101.515
Silverstone,27.0,MEDIUM,27.0,27.670068027210885,104.806
Silverstone,28.0,INTERMEDIATE,1.0,27.670068027210885,120.915
Silverstone,29.0,INTERMEDIATE,2.0,27.670068027210885,100.266
Silverstone,30.0,INTERMEDIATE,3.0,27.670068027210885,100.717
Silverstone,31.0,INTERMEDIATE,4.0,27.670068027210885,101.313
Silverstone,32.0,INTERMEDIATE,5.0,27.670068027210885,102.216
Silverstone,33.0,INTERMEDIATE,6.0,27.670068027210885,102.607
Silverstone,34.0,INTERMEDIATE,7.0,27.670068027210885,103.078
Silverstone,35.0,INTERMEDIATE,8.0,27.670068027210885,102.935
Silverstone,36.0,INTERMEDIATE,9.0,27.670068027210885,102.34
Silverstone,37.0,INTERMEDIATE,10.0,27.670068027210885,99.786
Silverstone,38.0,INTERMEDIATE,11.0,27.670068027210885,97.999
Silverstone,39.0,INTERMEDIATE,12.0,27.670068027210885,96.746
Silverstone,40.0,SOFT,3.0,27.670068027210885,114.84
Silverstone,41.0,SOFT,4.0,27.670068027210885,89.733
Silverstone,42.0,SOFT,5.0,27.670068027210885,90.006
Silverstone,43.0,SOFT,6.0,27.670068027210885,89.262
Silverstone,44.0,SOFT,7.0,27.670068027210885,89.752
Silverstone,45.0,SOFT,8.0,27.670068027210885,89.635
Silverstone,46.0,SOFT,9.0,27.670068027210885,89.96
Silverstone,47.0,SOFT,10.0,27.670068027210885,89.838
Silverstone,48.0,SOFT,11.0,27.670068027210885,90.556
Silverstone,49.0,SOFT,12.0,27.670068027210885,90.515
Silverstone,50.0,SOFT,13.0,27.670068027210885,90.544
Silverstone,51.0,SOFT,14.0,27.670068027210885,90.769
Silverstone,52.0,SOFT,15.0,27.670068027210885,90.913
Silverstone,1.0,MEDIUM,1.0,27.670068027210885,98.008
Silverstone,2.0,MEDIUM,2.0,27.670068027210885,92.361
Silverstone,3.0,MEDIUM,3.0,27.670068027210885,91.927
Silverstone,4.0,MEDIUM,4.0,27.670068027210885,91.919
Silverstone,5.0,MEDIUM,5.0,27.670068027210885,91.832
Silverstone,6.0,MEDIUM,6.0,27.670068027210885,92.062
Silverstone,7.0,MEDIUM,7.0,27.670068027210885,91.925
Silverstone,8.0,MEDIUM,8.0,27.670068027210885,91.994
Silverstone,9.0,MEDIUM,9.0,27.670068027210885,92.0
Silverstone,10.0,MEDIUM,10.0,27.670068027210885,91.811
Silverstone,11.0,MEDIUM,11.0,27.670068027210885,91.855
Silverstone,12.0,MEDIUM,12.0,27.670068027210885,91.663
Silverstone,13.0,MEDIUM,13.0,27.670068027210885,91.896
Silverstone,14.0,MEDIUM,14.0,27.670068027210885,91.697
Silverstone,15.0,MEDIUM,15.0,27.670068027210885,91.514
Silverstone,16.0,MEDIUM,16.0,27.670068027210885,92.118
Silverstone,17.0,MEDIUM,17.0,27.670068027210885,93.988
Silverstone,18.0,MEDIUM,18.0,27.670068027210885,94.269
Silverstone,19.0,MEDIUM,19.0,27.670068027210885,100.728
Silverstone,20.0,MEDIUM,20.0,27.670068027210885,97.348
Silverstone,21.0,MEDIUM,21.0,27.670068027210885,91.819
Silverstone,22.0,MEDIUM,22.0,27.670068027210885,91.169
Silverstone,23.0,MEDIUM,23.0,27.670068027210885,90.976
Silverstone,24.0,MEDIUM,24.0,27.670068027210885,91.392
Silverstone,25.0,MEDIUM,25.0,27.670068027210885,94.271
Silverstone,26.0,MEDIUM,26.0,27.670068027210885,100.622
Silverstone,27.0,MEDIUM,27.0,27.670068027210885,109.747
Silverstone,28.0,MEDIUM,28.0,27.670068027210885,112.976
Silverstone,29.0,INTERMEDIATE,1.0,27.670068027210885,121.184
Silverstone,30.0,INTERMEDIATE,2.0,27.670068027210885,100.492
Silverstone,31.0,INTERMEDIATE,3.0,27.670068027210885,102.161
Silverstone,32.0,INTERMEDIATE,4.0,27.670068027210885,103.137
Silverstone,33.0,INTERMEDIATE,5.0,27.670068027210885,103.325
Silverstone,34.0,INTERMEDIATE,6.0,27.670068027210885,103.954
Silverstone,35.0,INTERMEDIATE,7.0,27.670068027210885,103.309
Silverstone,36.0,INTERMEDIATE,8.0,27.670068027210885,102.52
Silverstone,37.0,INTERMEDIATE,9.0,27.670068027210885,99.635
Silverstone,38.0,INTERMEDIATE,10.0,27.670068027210885,97.106
Silverstone,39.0,MEDIUM,1.0,27.670068027210885,114.658
Silverstone,40.0,MEDIUM,2.0,27.670068027210885,89.913
Silverstone,41.0,MEDIUM,3.0,27.670068027210885,89.574
Silverstone,42.0,MEDIUM,4.0,27.670068027210885,89.581
Silverstone,43.0,MEDIUM,5.0,27.670068027210885,89.286
Silverstone,44.0,MEDIUM,6.0,27.670068027210885,89.221
Silverstone,45.0,MEDIUM,7.0,27.670068027210885,89.222
Silverstone,46.0,MEDIUM,8.0,27.670068027210885,89.233
Silverstone,47.0,MEDIUM,9.0,27.670068027210885,89.049
Silverstone,48.0,MEDIUM,10.0,27.670068027210885,89.124
Silverstone,49.0,MEDIUM,11.0,27.670068027210885,89.283
Silverstone,50.0,MEDIUM,12.0,27.670068027210885,89.958
Silverstone,51.0,MEDIUM,13.0,27.670068027210885,88.748
Silverstone,52.0,MEDIUM,14.0,27.670068027210885,89.928
Silverstone,1.0,MEDIUM,1.0,27.670068027210885,98.699
Silverstone,2.0,MEDIUM,2.0,27.670068027210885,92.359
Silverstone,3.0,MEDIUM,3.0,27.670068027210885,92.102
Silverstone,4.0,MEDIUM,4.0,27.670068027210885,92.045
Silverstone,5.0,MEDIUM,5.0,27.670068027210885,91.939
Silverstone,6.0,MEDIUM,6.0,27.670068027210885,91.9
Silverstone,7.0,MEDIUM,7.0,27.670068027210885,92.702
Silverstone,8.0,MEDIUM,8.0,27.670068027210885,92.372
Silverstone,9.0,MEDIUM,9.0,27.670068027210885,92.484
Silverstone,10.0,MEDIUM,10.0,27.670068027210885,92.362
Silverstone,11.0,MEDIUM,11.0,27.670068027210885,92.123
Silverstone,12.0,MEDIUM,12.0,27.670068027210885,92.358
Silverstone,13.0,MEDIUM,13.0,27.670068027210885,92.251
Silverstone,14.0,MEDIUM,14.0,27.670068027210885,92.106
Silverstone,15.0,MEDIUM,15.0,27.670068027210885,91.916
Silverstone,16.0,MEDIUM,16.0,27.670068027210885,92.455
Silverstone,17.0,MEDIUM,17.0,27.670068027210885,94.228
Silverstone,18.0,MEDIUM,18.0,27.670068027210885,94.31
Silverstone,19.0,MEDIUM,19.0,27.670068027210885,100.51
Silverstone,20.0,MEDIUM,20.0,27.670068027210885,96.538
Silverstone,21.0,MEDIUM,21.0,27.670068027210885,93.507
Silverstone,22.0,MEDIUM,22.0,27.670068027210885,92.157
Silverstone,23.0,MEDIUM,23.0,27.670068027210885,92.297
Silverstone,24.0,MEDIUM,24.0,27.670068027210885,92.734
Silverstone,25.0,MEDIUM,25.0,27.670068027210885,95.143
Silverstone,26.0,MEDIUM,26.0,27.670068027210885,102.481
Silverstone,27.0,INTERMEDIATE,1.0,27.670068027210885,121.664
Silverstone,28.0,INTERMEDIATE,2.0,27.670068027210885,102.641
Silverstone,29.0,INTERMEDIATE,3.0,27.670068027210885,102.447
Silverstone,30.0,INTERMEDIATE,4.0,27.670068027210885,102.737
Silverstone,31.0,INTERMEDIATE,5.0,27.670068027210885,103.007
Silverstone,32.0,INTERMEDIATE,6.0,27.670068027210885,103.298
Silverstone,33.0,INTERMEDIATE,7.0,27.670068027210885,103.201
Silverstone,34.0,INTERMEDIATE,8.0,27.670068027210885,102.794
Silverstone,35.0,INTERMEDIATE,9.0,27.670068027210885,103.59
Silverstone,36.0,INTERMEDIATE,10.0,27.670068027210885,102.748
Silverstone,37.0,INTERMEDIATE,11.0,27.670068027210885,100.432
Silverstone,38.0,INTERMEDIATE,12.0,27.670068027210885,98.37
Silverstone,39.0,INTERMEDIATE,13.0,27.670068027210885,96.802
Silverstone,40.0,HARD,1.0,27.670068027210885,116.753
Silverstone,41.0,HARD,2.0,27.670068027210885,90.475
Silverstone,42.0,HARD,3.0,27.670068027210885,89.872
Silverstone,43.0,HARD,4.0,27.670068027210885,89.872
Silverstone,44.0,HARD,5.0,27.670068027210885,89.739
Silverstone,45.0,HARD,6.0,27.670068027210885,89.589
Silverstone,46.0,HARD,7.0,27.670068027210885,89.588
Silverstone,47.0,HARD,8.0,27.670068027210885,89.553
Silverstone,48.0,HARD,9.0,27.670068027210885,89.415
Silverstone,49.0,HARD,10.0,27.670068027210885,89.439
Silverstone,50.0,HARD,11.0,27.670068027210885,89.434
Silverstone,51.0,SOFT,4.0,27.670068027210885,112.546
Silverstone,52.0,SOFT,5.0,27.670068027210885,88.293
Silverstone,1.0,MEDIUM,1.0,27.670068027210885,100.166
Silverstone,2.0,MEDIUM,2.0,27.670068027210885,92.844
Silverstone,3.0,MEDIUM,3.0,27.670068027210885,92.605
Silverstone,4.0,MEDIUM,4.0,27.670068027210885,92.563
Silverstone,5.0,MEDIUM,5.0,27.670068027210885,92.768
Silverstone,6.0,MEDIUM,6.0,27.670068027210885,92.697
Silverstone,7.0,MEDIUM,7.0,27.670068027210885,92.733
Silverstone,8.0,MEDIUM,8.0,27.670068027210885,92.802
Silverstone,9.0,MEDIUM,9.0,27.670068027210885,92.396
Silverstone,10.0,MEDIUM,10.0,27.670068027210885,92.439
Silverstone,11.0,MEDIUM,11.0,27.670068027210885,92.428
Silverstone,12.0,MEDIUM,12.0,27.670068027210885,92.401
Silverstone,13.0,MEDIUM,13.0,27.670068027210885,92.468
Silverstone,14.0,MEDIUM,14.0,27.670068027210885,92.621
Silverstone,15.0,MEDIUM,15.0,27.670068027210885,92.672
Silverstone,16.0,MEDIUM,16.0,27.670068027210885,93.194
Silverstone,17.0,MEDIUM,17.0,27.670068027210885,95.447
Silverstone,18.0,MEDIUM,18.0,27.670068027210885,95.834
Silverstone,19.0,MEDIUM,19.0,27.670068027210885,105.752
Silverstone,20.0,MEDIUM,20.0,27.670068027210885,97.529
Silverstone,21.0,MEDIUM,21.0,27.670068027210885,92.649
Silverstone,22.0,MEDIUM,22.0,27.670068027210885,92.233
Silverstone,23.0,MEDIUM,23.0,27.670068027210885,92.612
Silverstone,24.0,MEDIUM,24.0,27.670068027210885,93.352
Silverstone,25.0,MEDIUM,25.0,27.670068027210885,95.918
Silverstone,26.0,MEDIUM,26.0,27.670068027210885,101.853
Silverstone,27.0,INTERMEDIATE,1.0,27.670068027210885,122.727
Silverstone,28.0,INTERMEDIATE,2.0,27.670068027210885,101.897
Silverstone,29.0,INTERMEDIATE,3.0,27.670068027210885,102.641
Silverstone,30.0,INTERMEDIATE,4.0,27.670068027210885,102.811
Silverstone,31.0,INTERMEDIATE,5.0,27.670068027210885,103.274
Silverstone,32.0,INTERMEDIATE,6.0,27.670068027210885,104.134
Silverstone,33.0,INTERMEDIATE,7.0,27.670068027210885,103.685
Silverstone,34.0,INTERMEDIATE,8.0,27.670068027210885,104.263
Silverstone,35.0,INTERMEDIATE,9.0,27.670068027210885,104.042
Silverstone,36.0,INTERMEDIATE,10.0,27.670068027210885,103.044
Silverstone,37.0,INTERMEDIATE,11.0,27.670068027210885,100.657
Silverstone,38.0,INTERMEDIATE,12.0,27.670068027210885,98.854
Silverstone,39.0,INTERMEDIATE,13.0,27.670068027210885,97.245
Silverstone,40.0,SOFT,4.0,27.670068027210885,115.659
Silverstone,41.0,SOFT,5.0,27.670068027210885,91.097
Silverstone,42.0,SOFT,6.0,27.670068027210885,90.701
Silverstone,43.0,SOFT,7.0,27.670068027210885,89.836
Silverstone,44.0,SOFT,8.0,27.670068027210885,90.392
Silverstone,45.0,SOFT,9.0,27.670068027210885,90.048
Silverstone,46.0,SOFT,10.0,27.670068027210885,90.185
Silverstone,47.0,SOFT,11.0,27.670068027210885,89.864
Silverstone,48.0,SOFT,12.0,27.670068027210885,90.365
Silverstone,49.0,SOFT,13.0,27.670068027210885,90.371
Silverstone,50.0,SOFT,14.0,27.670068027210885,90.47
Silverstone,51.0,SOFT,15.0,27.670068027210885,90.696
Silverstone,52.0,SOFT,16.0,27.670068027210885,90.847
Silverstone,1.0,MEDIUM,1.0,27.670068027210885,99.108
Silverstone,2.0,MEDIUM,2.0,27.670068027210885,92.683
Silverstone,3.0,MEDIUM,3.0,27.670068027210885,92.307
Silverstone,4.0,MEDIUM,4.0,27.670068027210885,92.968
Silverstone,5.0,MEDIUM,5.0,27.670068027210885,92.706
Silverstone,6.0,MEDIUM,6.0,27.670068027210885,92.788
Silverstone,7.0,MEDIUM,7.0,27.670068027210885,92.716
Silverstone,8.0,MEDIUM,8.0,27.670068027210885,92.648
Silverstone,9.0,MEDIUM,9.0,27.670068027210885,92.291
Silverstone,10.0,MEDIUM,10.0,27.670068027210885,92.619
Silverstone,11.0,MEDIUM,11.0,27.670068027210885,92.273
Silverstone,12.0,MEDIUM,12.0,27.670068027210885,92.362
Silverstone,13.0,MEDIUM,13.0,27.670068027210885,93.092
Silverstone,14.0,MEDIUM,14.0,27.670068027210885,92.641
Silverstone,15.0,MEDIUM,15.0,27.670068027210885,92.649
Silverstone,16.0,MEDIUM,16.0,27.670068027210885,93.091
Silverstone,17.0,MEDIUM,17.0,27.670068027210885,95.713
Silverstone,18.0,MEDIUM,18.0,27.670068027210885,95.789
Silverstone,19.0,MEDIUM,19.0,27.670068027210885,107.568
Silverstone,20.0,MEDIUM,20.0,27.670068027210885,97.491
Silverstone,21.0,MEDIUM,21.0,27.670068027210885,93.291
Silverstone,22.0,MEDIUM,22.0,27.670068027210885,92.495
Silverstone,23.0,MEDIUM,23.0,27.670068027210885,93.062
Silverstone,24.0,MEDIUM,24.0,27.670068027210885,94.585
Silverstone,25.0,MEDIUM,25.0,27.670068027210885,95.351
Silverstone,26.0,MEDIUM,26.0,27.670068027210885,100.784
Silverstone,27.0,INTERMEDIATE,1.0,27.670068027210885,121.611
Silverstone,28.0,INTERMEDIATE,2.0,27.670068027210885,102.187
Silverstone,29.0,INTERMEDIATE,3.0,27.670068027210885,102.992
Silverstone,30.0,INTERMEDIATE,4.0,27.670068027210885,103.066
Silverstone,31.0,INTERMEDIATE,5.0,27.670068027210885,103.714
Silverstone,32.0,INTERMEDIATE,6.0,27.670068027210885,104.545
Silverstone,33.0,INTERMEDIATE,7.0,27.670068027210885,104.213
Silverstone,34.0,INTERMEDIATE,8.0,27.670068027210885,104.171
Silverstone,35.0,INTERMEDIATE,9.0,27.670068027210885,104.422
Silverstone,36.0,INTERMEDIATE,10.0,27.670068027210885,103.0
Silverstone,37.0,INTERMEDIATE,11.0,27.670068027210885,100.825
Silverstone,38.0,INTERMEDIATE,12.0,27.670068027210885,99.373
Silverstone,39.0,INTERMEDIATE,13.0,27.670068027210885,97.759
Silverstone,40.0,MEDIUM,1.0,27.670068027210885,116.032
Silverstone,41.0,MEDIUM,2.0,27.670068027210885,90.098
Silverstone,42.0,MEDIUM,3.0,27.670068027210885,90.161
Silverstone,43.0,MEDIUM,4.0,27.670068027210885,90.196
Silverstone,44.0,MEDIUM,5.0,27.670068027210885,90.03
Silverstone,45.0,MEDIUM,6.0,27.670068027210885,90.025
Silverstone,46.0,MEDIUM,7.0,27.670068027210885,89.897
Silverstone,47.0,MEDIUM,8.0,27.670068027210885,89.925
Silverstone,48.0,MEDIUM,9.0,27.670068027210885,90.237
Silverstone,49.0,MEDIUM,10.0,27.670068027210885,89.969
Silverstone,50.0,MEDIUM,11.0,27.670068027210885,90.03
Silverstone,51.0,MEDIUM,12.0,27.670068027210885,90.026
Silverstone,52.0,MEDIUM,13.0,27.670068027210885,90.053
Silverstone,1.0,MEDIUM,1.0,27.670068027210885,100.474
Silverstone,2.0,MEDIUM,2.0,27.670068027210885,93.202
Silverstone,3.0,MEDIUM,3.0,27.670068027210885,92.951
Silverstone,4.0,MEDIUM,4.0,27.670068027210885,93.192
Silverstone,5.0,MEDIUM,5.0,27.670068027210885,92.617
Silverstone,6.0,MEDIUM,6.0,27.670068027210885,92.673
Silverstone,7.0,MEDIUM,7.0,27.670068027210885,92.712
Silverstone,8.0,MEDIUM,8.0,27.670068027210885,92.496
Silverstone,9.0,MEDIUM,9.0,27.670068027210885,92.579
Silverstone,10.0,MEDIUM,10.0,27.670068027210885,92.741
Silverstone,11.0,MEDIUM,11.0,27.670068027210885,92.548
Silverstone,12.0,MEDIUM,12.0,27.670068027210885,92.427
Silverstone,13.0,MEDIUM,13.0,27.670068027210885,92.517
Silverstone,14.0,MEDIUM,14.0,27.670068027210885,92.383
Silverstone,15.0,MEDIUM,15.0,27.670068027210885,92.259
Silverstone,16.0,MEDIUM,16.0,27.670068027210885,92.59
Silverstone,17.0,MEDIUM,17.0,27.670068027210885,95.014
Silverstone,18.0,MEDIUM,18.0,27.670068027210885,95.88
Silverstone,19.0,MEDIUM,19.0,27.670068027210885,107.27
Silverstone,20.0,MEDIUM,20.0,27.670068027210885,96.48
Silverstone,21.0,MEDIUM,21.0,27.670068027210885,92.999
Silverstone,22.0,MEDIUM,22.0,27.670068027210885,92.673
Silverstone,23.0,MEDIUM,23.0,27.670068027210885,92.593
Silverstone,24.0,MEDIUM,24.0,27.670068027210885,94.088
Silverstone,25.0,MEDIUM,25.0,27.670068027210885,95.687
Silverstone,26.0,MEDIUM,26.0,27.670068027210885,103.618
Silverstone,27.0,MEDIUM,27.0,27.670068027210885,108.513
Silverstone,28.0,INTERMEDIATE,1.0,27.670068027210885,124.427
Silverstone,29.0,INTERMEDIATE,2.0,27.670068027210885,103.072
Silverstone,30.0,INTERMEDIATE,3.0,27.670068027210885,102.577
Silverstone,31.0,INTERMEDIATE,4.0,27.670068027210885,102.796
Silverstone,32.0,INTERMEDIATE,5.0,27.670068027210885,103.69
Silverstone,33.0,INTERMEDIATE,6.0,27.670068027210885,104.262
Silverstone,34.0,INTERMEDIATE,7.0,27.670068027210885,104.375
Silverstone,35.0,INTERMEDIATE,8.0,27.670068027210885,104.251
Silverstone,36.0,INTERMEDIATE,9.0,27.670068027210885,102.513
Silverstone,37.0,INTERMEDIATE,10.0,27.670068027210885,100.747
Silverstone,38.0,INTERMEDIATE,11.0,27.670068027210885,98.684
Silverstone,39.0,MEDIUM,1.0,27.670068027210885,119.234
Silverstone,40.0,MEDIUM,2.0,27.670068027210885,91.146
Silverstone,41.0,MEDIUM,3.0,27.670068027210885,90.594
Silverstone,42.0,MEDIUM,4.0,27.670068027210885,90.167
Silverstone,43.0,MEDIUM,5.0,27.670068027210885,90.098
Silverstone,44.0,MEDIUM,6.0,27.670068027210885,89.93
Silverstone,45.0,MEDIUM,7.0,27.670068027210885,89.871
Silverstone,46.0,MEDIUM,8.0,27.670068027210885,89.753
Silverstone,47.0,MEDIUM,9.0,27.670068027210885,89.71
Silverstone,48.0,MEDIUM,10.0,27.670068027210885,90.114
Silverstone,49.0,MEDIUM,11.0,27.670068027210885,90.7
Silverstone,50.0,MEDIUM,12.0,27.670068027210885,90.727
Silverstone,51.0,MEDIUM,13.0,27.670068027210885,90.592
Silverstone,52.0,MEDIUM,14.0,27.670068027210885,91.43
Silverstone,1.0,MEDIUM,1.0,27.670068027210885,101.588
Silverstone,2.0,MEDIUM,2.0,27.670068027210885,93.158
Silverstone,3.0,MEDIUM,3.0,27.670068027210885,93.373
Silverstone,4.0,MEDIUM,4.0,27.670068027210885,93.059
Silverstone,5.0,MEDIUM,5.0,27.670068027210885,92.846
Silverstone,6.0,MEDIUM,6.0,27.670068027210885,93.014
Silverstone,7.0,MEDIUM,7.0,27.670068027210885,92.939
Silverstone,8.0,MEDIUM,8.0,27.670068027210885,92.798
Silverstone,9.0,MEDIUM,9.0,27.670068027210885,92.933
Silverstone,10.0,MEDIUM,10.0,27.670068027210885,93.073
Silverstone,11.0,MEDIUM,11.0,27.670068027210885,92.981
Silverstone,12.0,MEDIUM,12.0,27.670068027210885,92.567
Silverstone,13.0,MEDIUM,13.0,27.670068027210885,92.769
Silverstone,14.0,MEDIUM,14.0,27.670068027210885,92.538
Silverstone,15.0,MEDIUM,15.0,27.670068027210885,92.265
Silverstone,16.0,MEDIUM,16.0,27.670068027210885,93.178
Silverstone,17.0,MEDIUM,17.0,27.670068027210885,94.873
Silverstone,18.0,MEDIUM,18.0,27.670068027210885,95.323
Silverstone,19.0,MEDIUM,19.0,27.670068027210885,104.619
Silverstone,20.0,MEDIUM,20.0,27.670068027210885,96.53
Silverstone,21.0,MEDIUM,21.0,27.670068027210885,93.646
Silverstone,22.0,MEDIUM,22.0,27.670068027210885,93.086
Silverstone,23.0,MEDIUM,23.0,27.670068027210885,92.891
Silverstone,24.0,MEDIUM,24.0,27.670068027210885,93.96
Silverstone,25.0,MEDIUM,25.0,27.670068027210885,95.612
Silverstone,26.0,MEDIUM,26.0,27.670068027210885,103.771
Silverstone,27.0,MEDIUM,27.0,27.670068027210885,107.754
Silverstone,28.0,INTERMEDIATE,1.0,27.670068027210885,128.459
Silverstone,29.0,INTERMEDIATE,2.0,27.670068027210885,101.726
Silverstone,30.0,INTERMEDIATE,3.0,27.670068027210885,103.271
Silverstone,31.0,INTERMEDIATE,4.0,27.670068027210885,103.229
Silverstone,32.0,INTERMEDIATE,5.0,27.670068027210885,104.304
Silverstone,33.0,INTERMEDIATE,6.0,27.670068027210885,104.82
Silverstone,34.0,INTERMEDIATE,7.0,27.670068027210885,105.216
Silverstone,35.0,INTERMEDIATE,8.0,27.670068027210885,105.202
Silverstone,36.0,INTERMEDIATE,9.0,27.670068027210885,103.075
Silverstone,37.0,INTERMEDIATE,10.0,27.670068027210885,100.273
Silverstone,38.0,INTERMEDIATE,11.0,27.670068027210885,97.843
Silverstone,39.0,MEDIUM,1.0,27.670068027210885,117.678
Silverstone,40.0,MEDIUM,2.0,27.670068027210885,90.889
Silverstone,41.0,MEDIUM,3.0,27.670068027210885,90.715
Silverstone,42.0,MEDIUM,4.0,27.670068027210885,90.458
Silverstone,43.0,MEDIUM,5.0,27.670068027210885,90.126
Silverstone,44.0,MEDIUM,6.0,27.670068027210885,90.74
Silverstone,45.0,MEDIUM,7.0,27.670068027210885,90.406
Silverstone,46.0,MEDIUM,8.0,27.670068027210885,90.234
Silverstone,47.0,MEDIUM,9.0,27.670068027210885,90.148
Silverstone,48.0,MEDIUM,10.0,27.670068027210885,90.068
Silverstone,49.0,MEDIUM,11.0,27.670068027210885,89.96
Silverstone,50.0,MEDIUM,12.0,27.670068027210885,89.828
Silverstone,51.0,MEDIUM,13.0,27.670068027210885,89.916
Silverstone,52.0,MEDIUM,14.0,27.670068027210885,89.718
Silverstone,1.0,MEDIUM,1.0,27.670068027210885,101.109
Silverstone,2.0,MEDIUM,2.0,27.670068027210885,93.214
Silverstone,3.0,MEDIUM,3.0,27.670068027210885,93.062
Silverstone,4.0,MEDIUM,4.0,27.670068027210885,93.164
Silverstone,5.0,MEDIUM,5.0,27.670068027210885,92.607
Silverstone,6.0,MEDIUM,6.0,27.670068027210885,92.614
Silverstone,7.0,MEDIUM,7.0,27.670068027210885,92.817
Silverstone,8.0,MEDIUM,8.0,27.670068027210885,92.623
Silverstone,9.0,MEDIUM,9.0,27.670068027210885,92.57
Silverstone,10.0,MEDIUM,10.0,27.670068027210885,93.438
Silverstone,11.0,MEDIUM,11.0,27.670068027210885,92.805
Silverstone,12.0,MEDIUM,12.0,27.670068027210885,92.782
Silverstone,13.0,MEDIUM,13.0,27.670068027210885,93.031
Silverstone,14.0,MEDIUM,14.0,27.670068027210885,92.731
Silverstone,15.0,MEDIUM,15.0,27.670068027210885,92.589
Silverstone,16.0,MEDIUM,16.0,27.670068027210885,93.209
Silverstone,17.0,MEDIUM,17.0,27.670068027210885,94.738
Silverstone,18.0,MEDIUM,18.0,27.670068027210885,95.392
Silverstone,19.0,MEDIUM,19.0,27.670068027210885,104.585
Silverstone,20.0,MEDIUM,20.0,27.670068027210885,96.875
Silverstone,21.0,MEDIUM,21.0,27.670068027210885,93.724
Silverstone,22.0,MEDIUM,22.0,27.670068027210885,92.681
Silverstone,23.0,MEDIUM,23.0,27.670068027210885,93.106
Silverstone,24.0,MEDIUM,24.0,27.670068027210885,94.106
Silverstone,25.0,MEDIUM,25.0,27.670068027210885,95.473
Silverstone,26.0,MEDIUM,26.0,27.670068027210885,103.26
Silverstone,27.0,MEDIUM,27.0,27.670068027210885,108.126
Silverstone,28.0,INTERMEDIATE,1.0,27.670068027210885,123.448
Silverstone,29.0,INTERMEDIATE,2.0,27.670068027210885,103.749
Silverstone,30.0,INTERMEDIATE,3.0,27.670068027210885,102.967
Silverstone,31.0,INTERMEDIATE,4.0,27.670068027210885,103.355
Silverstone,32.0,INTERMEDIATE,5.0,27.670068027210885,104.456
Silverstone,33.0,INTERMEDIATE,6.0,27.670068027210885,104.979
Silverstone,34.0,INTERMEDIATE,7.0,27.670068027210885,104.923
Silverstone,35.0,INTERMEDIATE,8.0,27.670068027210885,104.782
Silverstone,36.0,INTERMEDIATE,9.0,27.670068027210885,102.726
Silverstone,37.0,INTERMEDIATE,10.0,27.670068027210885,101.098
Silverstone,38.0,INTERMEDIATE,11.0,27.670068027210885,98.67
Silverstone,39.0,SOFT,1.0,27.670068027210885,118.637
Silverstone,40.0,SOFT,2.0,27.670068027210885,92.318
Silverstone,41.0,SOFT,3.0,27.670068027210885,90.812
Silverstone,42.0,SOFT,4.0,27.670068027210885,90.319
Silverstone,43.0,SOFT,5.0,27.670068027210885,90.229
Silverstone,44.0,SOFT,6.0,27.670068027210885,90.882
Silverstone,45.0,SOFT,7.0,27.670068027210885,91.438
Silverstone,46.0,SOFT,8.0,27.670068027210885,91.688
Silverstone,47.0,SOFT,9.0,27.670068027210885,90.982
Silverstone,48.0,SOFT,10.0,27.670068027210885,91.367
Silverstone,49.0,SOFT,11.0,27.670068027210885,91.08
Silverstone,50.0,SOFT,12.0,27.670068027210885,91.407
Silverstone,51.0,SOFT,13.0,27.670068027210885,91.529
Silverstone,52.0,SOFT,14.0,27.670068027210885,92.09
Silverstone,1.0,MEDIUM,1.0,27.670068027210885,101.772
Silverstone,2.0,MEDIUM,2.0,27.670068027210885,93.435
Silverstone,3.0,MEDIUM,3.0,27.670068027210885,93.319
Silverstone,4.0,MEDIUM,4.0,27.670068027210885,93.11
Silverstone,5.0,MEDIUM,5.0,27.670068027210885,93.139
Silverstone,6.0,MEDIUM,6.0,27.670068027210885,92.904
Silverstone,7.0,MEDIUM,7.0,27.670068027210885,93.002
Silverstone,8.0,MEDIUM,8.0,27.670068027210885,92.806
Silverstone,9.0,MEDIUM,9.0,27.670068027210885,93.019
Silverstone,10.0,MEDIUM,10.0,27.670068027210885,92.956
Silverstone,11.0,MEDIUM,11.0,27.670068027210885,92.897
Silverstone,12.0,MEDIUM,12.0,27.670068027210885,92.748
Silverstone,13.0,MEDIUM,13.0,27.670068027210885,93.04
Silverstone,14.0,MEDIUM,14.0,27.670068027210885,92.607
Silverstone,15.0,MEDIUM,15.0,27.670068027210885,92.543
Silverstone,16.0,MEDIUM,16.0,27.670068027210885,93.701
Silverstone,17.0,MEDIUM,17.0,27.670068027210885,95.258
Silverstone,18.0,MEDIUM,18.0,27.670068027210885,94.9
Silverstone,19.0,MEDIUM,19.0,27.670068027210885,104.09
Silverstone,20.0,MEDIUM,20.0,27.670068027210885,96.116
Silverstone,21.0,MEDIUM,21.0,27.670068027210885,93.632
Silverstone,22.0,MEDIUM,22.0,27.670068027210885,92.826
Silverstone,23.0,MEDIUM,23.0,27.670068027210885,94.494
Silverstone,24.0,MEDIUM,24.0,27.670068027210885,94.037
Silverstone,25.0,MEDIUM,25.0,27.670068027210885,96.166
Silverstone,26.0,MEDIUM,26.0,27.670068027210885,104.642
Silverstone,27.0,MEDIUM,27.0,27.670068027210885,112.246
Silverstone,28.0,INTERMEDIATE,1.0,27.670068027210885,125.981
Silverstone,29.0,INTERMEDIATE,2.0,27.670068027210885,102.215
Silverstone,30.0,INTERMEDIATE,3.0,27.670068027210885,102.476
Silverstone,31.0,INTERMEDIATE,4.0,27.670068027210885,104.332
Silverstone,32.0,INTERMEDIATE,5.0,27.670068027210885,104.912
Silverstone,33.0,INTERMEDIATE,6.0,27.670068027210885,105.684
Silverstone,34.0,INTERMEDIATE,7.0,27.670068027210885,106.095
Silverstone,35.0,INTERMEDIATE,8.0,27.670068027210885,105.851
Silverstone,36.0,INTERMEDIATE,9.0,27.670068027210885,103.365
Silverstone,37.0,INTERMEDIATE,10.0,27.670068027210885,102.207
Silverstone,38.0,INTERMEDIATE,11.0,27.670068027210885,98.811
Silverstone,39.0,SOFT,1.0,27.670068027210885,116.256
Silverstone,40.0,SOFT,2.0,27.670068027210885,91.353
Silverstone,41.0,SOFT,3.0,27.670068027210885,90.875
Silverstone,42.0,SOFT,4.0,27.670068027210885,89.972
Silverstone,43.0,SOFT,5.0,27.670068027210885,90.162
Silverstone,44.0,SOFT,6.0,27.670068027210885,90.003
Silverstone,45.0,SOFT,7.0,27.670068027210885,90.613
Silverstone,46.0,SOFT,8.0,27.670068027210885,90.826
Silverstone,47.0,SOFT,9.0,27.670068027210885,91.25
Silverstone,48.0,SOFT,10.0,27.670068027210885,91.201
Silverstone,49.0,SOFT,11.0,27.670068027210885,91.175
Silverstone,50.0,SOFT,12.0,27.670068027210885,91.249
Silverstone,51.0,SOFT,13.0,27.670068027210885,91.662
Silverstone,52.0,SOFT,14.0,27.670068027210885,92.088
Silverstone,1.0,MEDIUM,1.0,27.670068027210885,103.681
Silverstone,2.0,MEDIUM,2.0,27.670068027210885,94.216
Silverstone,3.0,MEDIUM,3.0,27.670068027210885,93.259
Silverstone,4.0,MEDIUM,4.0,27.670068027210885,93.11
Silverstone,5.0,MEDIUM,5.0,27.670068027210885,92.999
Silverstone,6.0,MEDIUM,6.0,27.670068027210885,93.544
Silverstone,7.0,MEDIUM,7.0,27.670068027210885,93.734
Silverstone,8.0,MEDIUM,8.0,27.670068027210885,93.204
Silverstone,9.0,MEDIUM,9.0,27.670068027210885,92.783
Silverstone,10.0,MEDIUM,10.0,27.670068027210885,92.647
Silverstone,11.0,MEDIUM,11.0,27.670068027210885,92.671
Silverstone,12.0,MEDIUM,12.0,27.670068027210885,92.531
Silverstone,13.0,MEDIUM,13.0,27.670068027210885,92.74
Silverstone,14.0,MEDIUM,14.0,27.670068027210885,92.506
Silverstone,15.0,MEDIUM,15.0,27.670068027210885,92.953
Silverstone,16.0,MEDIUM,16.0,27.670068027210885,93.486
Silverstone,17.0,MEDIUM,17.0,27.670068027210885,94.661
Silverstone,18.0,MEDIUM,18.0,27.670068027210885,94.73
Silverstone,19.0,MEDIUM,19.0,27.670068027210885,103.505
Silverstone,20.0,MEDIUM,20.0,27.670068027210885,95.181
Silverstone,21.0,MEDIUM,21.0,27.670068027210885,93.484
Silverstone,22.0,MEDIUM,22.0,27.670068027210885,92.766
Silverstone,23.0,MEDIUM,23.0,27.670068027210885,93.278
Silverstone,24.0,MEDIUM,24.0,27.670068027210885,93.625
Silverstone,25.0,MEDIUM,25.0,27.670068027210885,95.15
Silverstone,26.0,MEDIUM,26.0,27.670068027210885,105.466
Silverstone,27.0,MEDIUM,27.0,27.670068027210885,111.325
Silverstone,28.0,INTERMEDIATE,1.0,27.670068027210885,125.299
Silverstone,29.0,INTERMEDIATE,2.0,27.670068027210885,102.842
Silverstone,30.0,INTERMEDIATE,3.0,27.670068027210885,102.133
Silverstone,31.0,INTERMEDIATE,4.0,27.670068027210885,104.06
Silverstone,32.0,INTERMEDIATE,5.0,27.670068027210885,105.084
Silverstone,33.0,INTERMEDIATE,6.0,27.670068027210885,105.266
Silverstone,34.0,INTERMEDIATE,7.0,27.670068027210885,106.135
Silverstone,35.0,INTERMEDIATE,8.0,27.670068027210885,105.557
Silverstone,36.0,INTERMEDIATE,9.0,27.670068027210885,103.611
Silverstone,37.0,INTERMEDIATE,10.0,27.670068027210885,102.038
Silverstone,38.0,SOFT,1.0,27.670068027210885,123.931
Silverstone,39.0,SOFT,2.0,27.670068027210885,93.212
Silverstone,40.0,SOFT,3.0,27.670068027210885,92.071
Silverstone,41.0,SOFT,4.0,27.670068027210885,90.61
Silverstone,42.0,SOFT,5.0,27.670068027210885,90.093
Silverstone,43.0,SOFT,6.0,27.670068027210885,90.454
Silverstone,44.0,SOFT,7.0,27.670068027210885,91.342
Silverstone,45.0,SOFT,8.0,27.670068027210885,91.722
Silverstone,46.0,SOFT,9.0,27.670068027210885,91.131
Silverstone,47.0,SOFT,10.0,27.670068027210885,91.036
Silverstone,48.0,SOFT,11.0,27.670068027210885,90.953
Silverstone,49.0,SOFT,12.0,27.670068027210885,90.803
Silverstone,50.0,SOFT,13.0,27.670068027210885,91.143
Silverstone,51.0,SOFT,14.0,27.670068027210885,91.469
Silverstone,52.0,SOFT,15.0,27.670068027210885,91.982
Silverstone,1.0,MEDIUM,1.0,27.670068027210885,102.715
Silverstone,2.0,MEDIUM,2.0,27.670068027210885,93.709
Silverstone,3.0,MEDIUM,3.0,27.670068027210885,93.429
Silverstone,4.0,MEDIUM,4.0,27.670068027210885,93.253
Silverstone,5.0,MEDIUM,5.0,27.670068027210885,93.263
Silverstone,6.0,MEDIUM,6.0,27.670068027210885,93.666
Silverstone,7.0,MEDIUM,7.0,27.670068027210885,92.952
Silverstone,8.0,MEDIUM,8.0,27.670068027210885,93.095
Silverstone,9.0,MEDIUM,9.0,27.670068027210885,92.762
Silverstone,10.0,MEDIUM,10.0,27.670068027210885,92.721
Silverstone,11.0,MEDIUM,11.0,27.670068027210885,92.804
Silverstone,12.0,MEDIUM,12.0,27.670068027210885,92.797
Silverstone,13.0,MEDIUM,13.0,27.670068027210885,92.88
Silverstone,14.0,MEDIUM,14.0,27.670068027210885,92.933
Silverstone,15.0,MEDIUM,15.0,27.670068027210885,93.171
Silverstone,16.0,MEDIUM,16.0,27.670068027210885,94.437
Silverstone,17.0,MEDIUM,17.0,27.670068027210885,95.885
Silverstone,18.0,MEDIUM,18.0,27.670068027210885,96.827
Silverstone,19.0,MEDIUM,19.0,27.670068027210885,104.922
Silverstone,20.0,MEDIUM,20.0,27.670068027210885,97.33
Silverstone,21.0,MEDIUM,21.0,27.670068027210885,94.722
Silverstone,22.0,MEDIUM,22.0,27.670068027210885,93.015
Silverstone,23.0,MEDIUM,23.0,27.670068027210885,94.224
Silverstone,24.0,MEDIUM,24.0,27.670068027210885,96.483
Silverstone,25.0,MEDIUM,25.0,27.670068027210885,98.725
Silverstone,26.0,MEDIUM,26.0,27.670068027210885,104.813
Silverstone,27.0,INTERMEDIATE,1.0,27.670068027210885,122.788
Silverstone,28.0,INTERMEDIATE,2.0,27.670068027210885,103.338
Silverstone,29.0,INTERMEDIATE,3.0,27.670068027210885,103.377
Silverstone,30.0,INTERMEDIATE,4.0,27.670068027210885,103.298
Silverstone,31.0,INTERMEDIATE,5.0,27.670068027210885,103.699
Silverstone,32.0,INTERMEDIATE,6.0,27.670068027210885,104.144
Silverstone,33.0,INTERMEDIATE,7.0,27.670068027210885,104.855
Silverstone,34.0,INTERMEDIATE,8.0,27.670068027210885,105.969
Silverstone,35.0,INTERMEDIATE,9.0,27.670068027210885,105.535
Silverstone,36.0,INTERMEDIATE,10.0,27.670068027210885,103.213
Silverstone,37.0,INTERMEDIATE,11.0,27.670068027210885,100.483
Silverstone,38.0,SOFT,1.0,27.670068027210885,123.328
Silverstone,39.0,SOFT,2.0,27.670068027210885,93.138
Silverstone,40.0,SOFT,3.0,27.670068027210885,92.428
Silverstone,41.0,SOFT,4.0,27.670068027210885,91.289
Silverstone,42.0,SOFT,5.0,27.670068027210885,90.765
Silverstone,43.0,SOFT,6.0,27.670068027210885,91.198
Silverstone,44.0,SOFT,7.0,27.670068027210885,91.08
Silverstone,45.0,SOFT,8.0,27.670068027210885,90.955
Silverstone,46.0,SOFT,9.0,27.670068027210885,90.849
Silverstone,47.0,SOFT,10.0,27.670068027210885,90.735
Silverstone,48.0,SOFT,11.0,27.670068027210885,91.109
Silverstone,49.0,SOFT,12.0,27.670068027210885,92.926
Silverstone,50.0,SOFT,13.0,27.670068027210885,94.15
Silverstone,51.0,SOFT,14.0,27.670068027210885,94.814
Silverstone,1.0,MEDIUM,1.0,27.670068027210885,99.663
Silverstone,2.0,MEDIUM,2.0,27.670068027210885,92.858
Silverstone,3.0,MEDIUM,3.0,27.670068027210885,92.369
Silverstone,4.0,MEDIUM,4.0,27.670068027210885,92.705
Silverstone,5.0,MEDIUM,5.0,27.670068027210885,92.697
Silverstone,6.0,MEDIUM,6.0,27.670068027210885,92.758
Silverstone,7.0,MEDIUM,7.0,27.670068027210885,92.662
Silverstone,8.0,MEDIUM,8.0,27.670068027210885,92.86
Silverstone,9.0,MEDIUM,9.0,27.670068027210885,92.326
Silverstone,10.0,MEDIUM,10.0,27.670068027210885,92.496
Silverstone,11.0,MEDIUM,11.0,27.670068027210885,92.348
Silverstone,12.0,MEDIUM,12.0,27.670068027210885,92.236
Silverstone,13.0,MEDIUM,13.0,27.670068027210885,91.989
Silverstone,14.0,MEDIUM,14.0,27.670068027210885,92.396
Silverstone,15.0,MEDIUM,15.0,27.670068027210885,92.755
Silverstone,16.0,MEDIUM,16.0,27.670068027210885,92.923
Silverstone,17.0,MEDIUM,17.0,27.670068027210885,95.28
Silverstone,18.0,MEDIUM,18.0,27.670068027210885,95.951
Silverstone,19.0,MEDIUM,19.0,27.670068027210885,105.868
Silverstone,20.0,INTERMEDIATE,1.0,27.670068027210885,120.269
Silverstone,21.0,INTERMEDIATE,2.0,27.670068027210885,102.846
Silverstone,22.0,INTERMEDIATE,3.0,27.670068027210885,104.352
Silverstone,23.0,INTERMEDIATE,4.0,27.670068027210885,106.593
Silverstone,24.0,INTERMEDIATE,5.0,27.670068027210885,111.732
Silverstone,25.0,INTERMEDIATE,6.0,27.670068027210885,109.301
Silverstone,26.0,INTERMEDIATE,7.0,27.670068027210885,105.655
Silverstone,27.0,INTERMEDIATE,8.0,27.670068027210885,105.912
Silverstone,28.0,INTERMEDIATE,1.0,27.670068027210885,123.138
Silverstone,29.0,INTERMEDIATE,2.0,27.670068027210885,101.602
Silverstone,30.0,INTERMEDIATE,3.0,27.670068027210885,102.299
Silverstone,31.0,INTERMEDIATE,4.0,27.670068027210885,103.95
Silverstone,32.0,INTERMEDIATE,5.0,27.670068027210885,103.795
Silverstone,33.0,INTERMEDIATE,6.0,27.670068027210885,103.217
Silverstone,34.0,INTERMEDIATE,7.0,27.670068027210885,103.604
Silverstone,35.0,INTERMEDIATE,8.0,27.670068027210885,102.415
Silverstone,36.0,INTERMEDIATE,9.0,27.670068027210885,100.091
Silverstone,37.0,INTERMEDIATE,10.0,27.670068027210885,98.357
Silverstone,38.0,SOFT,1.0,27.670068027210885,117.811
Silverstone,39.0,SOFT,2.0,27.670068027210885,91.481
Silverstone,40.0,SOFT,3.0,27.670068027210885,90.878
Silverstone,41.0,SOFT,4.0,27.670068027210885,90.035
Silverstone,42.0,SOFT,5.0,27.670068027210885,89.832
Silverstone,43.0,SOFT,6.0,27.670068027210885,89.748
Silverstone,44.0,SOFT,7.0,27.670068027210885,89.933
Silverstone,45.0,SOFT,8.0,27.670068027210885,89.911
Silverstone,46.0,SOFT,9.0,27.670068027210885,90.051
Silverstone,47.0,SOFT,10.0,27.670068027210885,90.289
Silverstone,48.0,SOFT,11.0,27.670068027210885,90.204
Silverstone,49.0,SOFT,12.0,27.670068027210885,90.929
Silverstone,50.0,SOFT,13.0,27.670068027210885,90.488
Silverstone,51.0,SOFT,14.0,27.670068027210885,91.674
Silverstone,1.0,MEDIUM,1.0,27.670068027210885,104.29
Silverstone,2.0,MEDIUM,2.0,27.670068027210885,95.368
Silverstone,3.0,MEDIUM,3.0,27.670068027210885,94.447
Silverstone,4.0,MEDIUM,4.0,27.670068027210885,94.322
Silverstone,5.0,MEDIUM,5.0,27.670068027210885,93.768
Silverstone,6.0,MEDIUM,6.0,27.670068027210885,93.46
Silverstone,7.0,MEDIUM,7.0,27.670068027210885,93.648
Silverstone,8.0,MEDIUM,8.0,27.670068027210885,93.561
Silverstone,9.0,MEDIUM,9.0,27.670068027210885,93.645
Silverstone,10.0,MEDIUM,10.0,27.670068027210885,93.787
Silverstone,11.0,MEDIUM,11.0,27.670068027210885,93.561
Silverstone,12.0,MEDIUM,12.0,27.670068027210885,93.269
Silverstone,13.0,MEDIUM,13.0,27.670068027210885,93.65
Silverstone,14.0,MEDIUM,14.0,27.670068027210885,93.156
Silverstone,15.0,MEDIUM,15.0,27.670068027210885,93.228
Silverstone,16.0,MEDIUM,16.0,27.670068027210885,93.967
Silverstone,17.0,MEDIUM,17.0,27.670068027210885,95.498
Silverstone,18.0,MEDIUM,18.0,27.670068027210885,96.075
Silverstone,19.0,MEDIUM,19.0,27.670068027210885,104.426
Silverstone,20.0,MEDIUM,20.0,27.670068027210885,98.542
Silverstone,21.0,MEDIUM,21.0,27.670068027210885,95.235
Silverstone,22.0,MEDIUM,22.0,27.670068027210885,94.03
Silverstone,23.0,MEDIUM,23.0,27.670068027210885,94.076
Silverstone,24.0,MEDIUM,24.0,27.670068027210885,97.35
Silverstone,25.0,MEDIUM,25.0,27.670068027210885,99.761
Silverstone,26.0,MEDIUM,26.0,27.670068027210885,109.533
Silverstone,27.0,INTERMEDIATE,1.0,27.670068027210885,125.367
Silverstone,28.0,INTERMEDIATE,2.0,27.670068027210885,102.562
Silverstone,29.0,INTERMEDIATE,3.0,27.670068027210885,103.302
Silverstone,30.0,INTERMEDIATE,4.0,27.670068027210885,103.472
Silverstone,31.0,INTERMEDIATE,5.0,27.670068027210885,104.51
Silverstone,32.0,INTERMEDIATE,6.0,27.670068027210885,105.199
Silverstone,33.0,INTERMEDIATE,7.0,27.670068027210885,105.552
Silverstone,34.0,INTERMEDIATE,8.0,27.670068027210885,105.199
Silverstone,35.0,INTERMEDIATE,9.0,27.670068027210885,105.476
Silverstone,36.0,INTERMEDIATE,10.0,27.670068027210885,102.968
Silverstone,37.0,INTERMEDIATE,11.0,27.670068027210885,99.987
Silverstone,38.0,SOFT,1.0,27.670068027210885,126.628
Silverstone,39.0,SOFT,2.0,27.670068027210885,97.114
Silverstone,40.0,SOFT,3.0,27.670068027210885,92.973
Silverstone,41.0,SOFT,4.0,27.670068027210885,93.344
Silverstone,42.0,SOFT,5.0,27.670068027210885,92.348
Silverstone,43.0,SOFT,6.0,27.670068027210885,91.732
Silverstone,44.0,SOFT,7.0,27.670068027210885,91.277
Silverstone,45.0,SOFT,8.0,27.670068027210885,93.159
Silverstone,46.0,SOFT,9.0,27.670068027210885,91.396
Silverstone,47.0,SOFT,10.0,27.670068027210885,91.431
Silverstone,48.0,SOFT,11.0,27.670068027210885,92.006
Silverstone,49.0,SOFT,12.0,27.670068027210885,91.688
Silverstone,50.0,SOFT,13.0,27.670068027210885,92.32
Silverstone,51.0,SOFT,14.0,27.670068027210885,92.217
Silverstone,1.0,SOFT,1.0,27.670068027210885,103.052
Silverstone,2.0,SOFT,2.0,27.670068027210885,93.846
Silverstone,3.0,SOFT,3.0,27.670068027210885,93.479
Silverstone,4.0,SOFT,4.0,27.670068027210885,93.316
Silverstone,5.0,SOFT,5.0,27.670068027210885,93.21
Silverstone,6.0,SOFT,6.0,27.670068027210885,93.616
Silverstone,7.0,SOFT,7.0,27.670068027210885,95.183
Silverstone,8.0,SOFT,8.0,27.670068027210885,93.79
Silverstone,9.0,SOFT,9.0,27.670068027210885,93.898
Silverstone,10.0,SOFT,10.0,27.670068027210885,93.843
Silverstone,11.0,SOFT,11.0,27.670068027210885,93.846
Silverstone,12.0,SOFT,12.0,27.670068027210885,94.071
Silverstone,13.0,SOFT,13.0,27.670068027210885,94.491
Silverstone,14.0,SOFT,14.0,27.670068027210885,95.293
Silverstone,15.0,SOFT,15.0,27.670068027210885,94.884
Silverstone,16.0,SOFT,16.0,27.670068027210885,96.522
Silverstone,17.0,SOFT,17.0,27.670068027210885,98.735
Silverstone,18.0,SOFT,18.0,27.670068027210885,98.497
Silverstone,19.0,SOFT,19.0,27.670068027210885,101.731
Silverstone,20.0,INTERMEDIATE,1.0,27.670068027210885,121.025
Silverstone,21.0,INTERMEDIATE,2.0,27.670068027210885,99.736
Silverstone,22.0,MEDIUM,1.0,27.670068027210885,115.208
Silverstone,23.0,MEDIUM,2.0,27.670068027210885,95.488
Silverstone,24.0,MEDIUM,3.0,27.670068027210885,98.005
Silverstone,25.0,MEDIUM,4.0,27.670068027210885,107.432
Silverstone,26.0,MEDIUM,5.0,27.670068027210885,118.71
Silverstone,27.0,INTERMEDIATE,1.0,27.670068027210885,122.736
Silverstone,28.0,INTERMEDIATE,2.0,27.670068027210885,101.716
Silverstone,29.0,INTERMEDIATE,3.0,27.670068027210885,102.362
Silverstone,30.0,INTERMEDIATE,4.0,27.670068027210885,103.336
Silverstone,31.0,INTERMEDIATE,5.0,27.670068027210885,104.019
Silverstone,32.0,INTERMEDIATE,6.0,27.670068027210885,104.673
Silverstone,33.0,INTERMEDIATE,7.0,27.670068027210885,105.29
Silverstone,34.0,INTERMEDIATE,8.0,27.670068027210885,105.511
Silverstone,35.0,INTERMEDIATE,9.0,27.670068027210885,102.995
Silverstone,36.0,INTERMEDIATE,10.0,27.670068027210885,101.215
Silverstone,37.0,INTERMEDIATE,11.0,27.670068027210885,102.235
Silverstone,38.0,INTERMEDIATE,12.0,27.670068027210885,99.44
Silverstone,39.0,MEDIUM,1.0,27.670068027210885,120.13
Silverstone,40.0,MEDIUM,2.0,27.670068027210885,92.838
Silverstone,41.0,MEDIUM,3.0,27.670068027210885,91.114
Silverstone,42.0,MEDIUM,4.0,27.670068027210885,91.187
Silverstone,43.0,MEDIUM,5.0,27.670068027210885,91.084
Silverstone,44.0,MEDIUM,6.0,27.670068027210885,90.928
Silverstone,45.0,MEDIUM,7.0,27.670068027210885,90.952
Silverstone,46.0,MEDIUM,8.0,27.670068027210885,90.875
Silverstone,47.0,MEDIUM,9.0,27.670068027210885,93.599
Silverstone,48.0,MEDIUM,10.0,27.670068027210885,95.931
Silverstone,49.0,MEDIUM,11.0,27.670068027210885,91.06
Silverstone,50.0,MEDIUM,12.0,27.670068027210885,91.608
Silverstone,1.0,HARD,1.0,27.670068027210885,109.458
Silverstone,2.0,HARD,2.0,27.670068027210885,92.942
Silverstone,3.0,HARD,3.0,27.670068027210885,92.34
Silverstone,4.0,HARD,4.0,27.670068027210885,92.57
Silverstone,5.0,HARD,5.0,27.670068027210885,92.111
Silverstone,6.0,HARD,6.0,27.670068027210885,92.25
Silverstone,7.0,HARD,7.0,27.670068027210885,93.313
Silverstone,8.0,HARD,8.0,27.670068027210885,93.407
Silverstone,9.0,HARD,9.0,27.670068027210885,92.8
Silverstone,10.0,HARD,10.0,27.670068027210885,92.709
Silverstone,11.0,HARD,11.0,27.670068027210885,92.491
Silverstone,12.0,HARD,12.0,27.670068027210885,92.509
Silverstone,13.0,HARD,13.0,27.670068027210885,92.772
Silverstone,14.0,HARD,14.0,27.670068027210885,92.488
Silverstone,15.0,HARD,15.0,27.670068027210885,92.702
Silverstone,16.0,HARD,16.0,27.670068027210885,94.231
Silverstone,17.0,HARD,17.0,27.670068027210885,94.829
Silverstone,18.0,HARD,18.0,27.670068027210885,95.384
Silverstone,19.0,HARD,19.0,27.670068027210885,101.868
Silverstone,20.0,INTERMEDIATE,1.0,27.670068027210885,119.15
Silverstone,21.0,INTERMEDIATE,2.0,27.670068027210885,101.997
Silverstone,22.0,INTERMEDIATE,3.0,27.670068027210885,104.936
Silverstone,23.0,INTERMEDIATE,4.0,27.670068027210885,106.214
Silverstone,24.0,INTERMEDIATE,5.0,27.670068027210885,110.729
Silverstone,25.0,INTERMEDIATE,6.0,27.670068027210885,107.327
Silverstone,26.0,INTERMEDIATE,7.0,27.670068027210885,105.736
Silverstone,27.0,INTERMEDIATE,8.0,27.670068027210885,112.538
Silverstone,28.0,INTERMEDIATE,9.0,27.670068027210885,105.224
Silverstone,29.0,INTERMEDIATE,1.0,27.670068027210885,124.385
Silverstone,30.0,INTERMEDIATE,2.0,27.670068027210885,100.021
Silverstone,31.0,INTERMEDIATE,3.0,27.670068027210885,102.676
Silverstone,32.0,INTERMEDIATE,4.0,27.670068027210885,104.035
Silverstone,33.0,INTERMEDIATE,5.0,27.670068027210885,104.641
Silverstone,34.0,INTERMEDIATE,6.0,27.670068027210885,105.045
Silverstone,35.0,INTERMEDIATE,7.0,27.670068027210885,103.534
Silverstone,36.0,INTERMEDIATE,8.0,27.670068027210885,101.845
Silverstone,37.0,INTERMEDIATE,9.0,27.670068027210885,99.697
Silverstone,38.0,MEDIUM,1.0,27.670068027210885,120.171
Silverstone,39.0,MEDIUM,2.0,27.670068027210885,92.722
Silverstone,40.0,MEDIUM,3.0,27.670068027210885,93.219
Silverstone,41.0,MEDIUM,4.0,27.670068027210885,90.689
Silverstone,42.0,MEDIUM,5.0,27.670068027210885,90.542
Silverstone,43.0,MEDIUM,6.0,27.670068027210885,90.229
Silverstone,44.0,MEDIUM,7.0,27.670068027210885,90.518
Silverstone,45.0,MEDIUM,8.0,27.670068027210885,90.565
Silverstone,46.0,MEDIUM,9.0,27.670068027210885,90.136
Silverstone,47.0,MEDIUM,10.0,27.670068027210885,90.795
Silverstone,48.0,SOFT,1.0,27.670068027210885,125.507
Silverstone,49.0,SOFT,2.0,27.670068027210885,97.36
Silverstone,50.0,SOFT,3.0,27.670068027210885,89.707
Silverstone,1.0,SOFT,1.0,27.670068027210885,102.231
Silverstone,2.0,SOFT,2.0,27.670068027210885,93.563
Silverstone,3.0,SOFT,3.0,27.670068027210885,93.487
Silverstone,4.0,SOFT,4.0,27.670068027210885,93.221
Silverstone,5.0,SOFT,5.0,27.670068027210885,93.271
Silverstone,6.0,SOFT,6.0,27.670068027210885,93.788
Silverstone,7.0,SOFT,7.0,27.670068027210885,94.51
Silverstone,8.0,SOFT,8.0,27.670068027210885,96.323
Silverstone,9.0,SOFT,9.0,27.670068027210885,95.322
Silverstone,10.0,SOFT,10.0,27.670068027210885,95.828
Silverstone,11.0,SOFT,11.0,27.670068027210885,95.012
Silverstone,12.0,SOFT,12.0,27.670068027210885,94.235
Silverstone,13.0,MEDIUM,1.0,27.670068027210885,115.049
Silverstone,14.0,MEDIUM,2.0,27.670068027210885,92.45
Silverstone,15.0,MEDIUM,3.0,27.670068027210885,92.479
Silverstone,16.0,MEDIUM,4.0,27.670068027210885,95.202
Silverstone,17.0,MEDIUM,5.0,27.670068027210885,98.106
Silverstone,18.0,MEDIUM,6.0,27.670068027210885,99.637
Silverstone,19.0,MEDIUM,7.0,27.670068027210885,106.313
Silverstone,20.0,INTERMEDIATE,1.0,27.670068027210885,125.955
Silverstone,21.0,INTERMEDIATE,2.0,27.670068027210885,104.56
Silverstone,22.0,INTERMEDIATE,3.0,27.670068027210885,110.248
Silverstone,23.0,INTERMEDIATE,4.0,27.670068027210885,110.081
Silverstone,24.0,INTERMEDIATE,5.0,27.670068027210885,108.867
Silverstone,25.0,INTERMEDIATE,6.0,27.670068027210885,108.245
Silverstone,26.0,INTERMEDIATE,7.0,27.670068027210885,105.113
Silverstone,27.0,INTERMEDIATE,1.0,27.670068027210885,124.515
Silverstone,28.0,INTERMEDIATE,2.0,27.670068027210885,101.866
Silverstone,29.0,INTERMEDIATE,3.0,27.670068027210885,101.993
Silverstone,30.0,INTERMEDIATE,4.0,27.670068027210885,103.157
Silverstone,31.0,INTERMEDIATE,5.0,27.670068027210885,104.316
Silverstone,32.0,INTERMEDIATE,6.0,27.670068027210885,105.029
Silverstone,33.0,INTERMEDIATE,7.0,27.670068027210885,105.412
Silverstone,34.0,INTERMEDIATE,8.0,27.670068027210885,108.01
Silverstone,35.0,INTERMEDIATE,9.0,27.670068027210885,102.569
Silverstone,36.0,INTERMEDIATE,10.0,27.670068027210885,102.823
Silverstone,37.0,INTERMEDIATE,11.0,27.670068027210885,101.608
Silverstone,38.0,SOFT,2.0,27.670068027210885,126.729
Silverstone,39.0,SOFT,3.0,27.670068027210885,92.696
Silverstone,40.0,SOFT,4.0,27.670068027210885,93.17
Silverstone,41.0,SOFT,5.0,27.670068027210885,91.151
Silverstone,42.0,SOFT,6.0,27.670068027210885,91.121
Silverstone,43.0,SOFT,7.0,27.670068027210885,91.014
Silverstone,44.0,SOFT,8.0,27.670068027210885,91.378
Silverstone,45.0,SOFT,9.0,27.670068027210885,91.36
Silverstone,46.0,SOFT,10.0,27.670068027210885,91.43
Silverstone,47.0,SOFT,11.0,27.670068027210885,91.283
Silverstone,48.0,SOFT,12.0,27.670068027210885,91.556
Silverstone,49.0,SOFT,13.0,27.670068027210885,92.504
Silverstone,50.0,SOFT,14.0,27.670068027210885,91.749
Silverstone,1.0,MEDIUM,1.0,27.670068027210885,95.211
Silverstone,2.0,MEDIUM,2.0,27.670068027210885,91.418
Silverstone,3.0,MEDIUM,3.0,27.670068027210885,91.298
Silverstone,4.0,MEDIUM,4.0,27.670068027210885,91.799
Silverstone,5.0,MEDIUM,5.0,27.670068027210885,91.628
Silverstone,6.0,MEDIUM,6.0,27.670068027210885,91.625
Silverstone,7.0,MEDIUM,7.0,27.670068027210885,91.663
Silverstone,8.0,MEDIUM,8.0,27.670068027210885,91.731
Silverstone,9.0,MEDIUM,9.0,27.670068027210885,91.621
Silverstone,10.0,MEDIUM,10.0,27.670068027210885,91.639
Silverstone,11.0,MEDIUM,11.0,27.670068027210885,91.586
Silverstone,12.0,MEDIUM,12.0,27.670068027210885,91.619
Silverstone,13.0,MEDIUM,13.0,27.670068027210885,91.716
Silverstone,14.0,MEDIUM,14.0,27.670068027210885,91.478
Silverstone,15.0,MEDIUM,15.0,27.670068027210885,91.566
Silverstone,16.0,MEDIUM,16.0,27.670068027210885,91.626
Silverstone,17.0,MEDIUM,17.0,27.670068027210885,94.793
Silverstone,18.0,MEDIUM,18.0,27.670068027210885,96.365
Silverstone,19.0,MEDIUM,19.0,27.670068027210885,104.151
Silverstone,20.0,MEDIUM,20.0,27.670068027210885,99.962
Silverstone,21.0,MEDIUM,21.0,27.670068027210885,92.753
Silverstone,22.0,MEDIUM,22.0,27.670068027210885,91.344
Silverstone,23.0,MEDIUM,23.0,27.670068027210885,91.497
Silverstone,24.0,MEDIUM,24.0,27.670068027210885,91.968
Silverstone,25.0,MEDIUM,25.0,27.670068027210885,94.781
Silverstone,26.0,MEDIUM,26.0,27.670068027210885,99.949
Silverstone,27.0,MEDIUM,27.0,27.670068027210885,107.698
Silverstone,28.0,INTERMEDIATE,1.0,27.670068027210885,124.342
Silverstone,29.0,INTERMEDIATE,2.0,27.670068027210885,100.405
Silverstone,30.0,INTERMEDIATE,3.0,27.670068027210885,101.237
Silverstone,31.0,INTERMEDIATE,4.0,27.670068027210885,101.902
Silverstone,32.0,INTERMEDIATE,5.0,27.670068027210885,103.085
Silverstone,33.0,INTERMEDIATE,6.0,27.670068027210885,106.221
