GrandPrix,Driver,LapNumber,Compound,TyreLife,TrackTemp,LapTime_Seconds
Bahrain,VER,1.0,SOFT,4.0,23.652866242038222,97.284
Bahrain,VER,2.0,SOFT,5.0,23.652866242038222,96.296
Bahrain,VER,3.0,SOFT,6.0,23.652866242038222,96.753
Bahrain,VER,4.0,SOFT,7.0,23.652866242038222,96.647
Bahrain,VER,5.0,SOFT,8.0,23.652866242038222,97.173
Bahrain,VER,6.0,SOFT,9.0,23.652866242038222,97.092
Bahrain,VER,7.0,SOFT,10.0,23.652866242038222,97.038
Bahrain,VER,8.0,SOFT,11.0,23.652866242038222,97.024
Bahrain,VER,9.0,SOFT,12.0,23.652866242038222,97.229
Bahrain,VER,10.0,SOFT,13.0,23.652866242038222,96.96
Bahrain,VER,11.0,SOFT,14.0,23.652866242038222,97.085
Bahrain,VER,12.0,SOFT,15.0,23.652866242038222,97.045
Bahrain,VER,13.0,SOFT,16.0,23.652866242038222,97.03
Bahrain,VER,14.0,SOFT,17.0,23.652866242038222,97.028
Bahrain,VER,15.0,SOFT,18.0,23.652866242038222,97.011
Bahrain,VER,16.0,SOFT,19.0,23.652866242038222,97.168
Bahrain,VER,17.0,SOFT,20.0,23.652866242038222,99.896
Bahrain,VER,19.0,HARD,2.0,23.652866242038222,95.283
Bahrain,VER,20.0,HARD,3.0,23.652866242038222,95.16
Bahrain,VER,21.0,HARD,4.0,23.652866242038222,95.316
Bahrain,VER,22.0,HARD,5.0,23.652866242038222,95.204
Bahrain,VER,23.0,HARD,6.0,23.652866242038222,95.216
Bahrain,VER,24.0,HARD,7.0,23.652866242038222,95.289
Bahrain,VER,25.0,HARD,8.0,23.652866242038222,95.342
Bahrain,VER,26.0,HARD,9.0,23.652866242038222,95.223
Bahrain,VER,27.0,HARD,10.0,23.652866242038222,95.581
Bahrain,VER,28.0,HARD,11.0,23.652866242038222,95.477
Bahrain,VER,29.0,HARD,12.0,23.652866242038222,95.793
Bahrain,VER,30.0,HARD,13.0,23.652866242038222,95.771
Bahrain,VER,31.0,HARD,14.0,23.652866242038222,95.679
Bahrain,VER,32.0,HARD,15.0,23.652866242038222,95.886
Bahrain,VER,33.0,HARD,16.0,23.652866242038222,95.863
Bahrain,VER,34.0,HARD,17.0,23.652866242038222,96.133
Bahrain,VER,35.0,HARD,18.0,23.652866242038222,96.018
Bahrain,VER,36.0,HARD,19.0,23.652866242038222,96.205
Bahrain,VER,37.0,HARD,20.0,23.652866242038222,99.234
Bahrain,VER,39.0,SOFT,2.0,23.652866242038222,92.608
Bahrain,VER,40.0,SOFT,3.0,23.652866242038222,96.589
Bahrain,VER,41.0,SOFT,4.0,23.652866242038222,95.29
Bahrain,VER,42.0,SOFT,5.0,23.652866242038222,94.667
Bahrain,VER,43.0,SOFT,6.0,23.652866242038222,94.151
Bahrain,VER,44.0,SOFT,7.0,23.652866242038222,94.531
Bahrain,VER,45.0,SOFT,8.0,23.652866242038222,94.249
Bahrain,VER,46.0,SOFT,9.0,23.652866242038222,94.193
Bahrain,VER,47.0,SOFT,10.0,23.652866242038222,94.239
Bahrain,VER,48.0,SOFT,11.0,23.652866242038222,94.35
Bahrain,VER,49.0,SOFT,12.0,23.652866242038222,94.403
Bahrain,VER,50.0,SOFT,13.0,23.652866242038222,94.783
Bahrain,VER,51.0,SOFT,14.0,23.652866242038222,94.34
Bahrain,VER,52.0,SOFT,15.0,23.652866242038222,94.906
Bahrain,VER,53.0,SOFT,16.0,23.652866242038222,95.6
Bahrain,VER,54.0,SOFT,17.0,23.652866242038222,95.334
Bahrain,VER,55.0,SOFT,18.0,23.652866242038222,95.184
Bahrain,VER,56.0,SOFT,19.0,23.652866242038222,94.671
Bahrain,VER,57.0,SOFT,20.0,23.652866242038222,94.923
Bahrain,PER,1.0,SOFT,4.0,23.652866242038222,100.053
Bahrain,PER,2.0,SOFT,5.0,23.652866242038222,96.541
Bahrain,PER,3.0,SOFT,6.0,23.652866242038222,97.297
Bahrain,PER,4.0,SOFT,7.0,23.652866242038222,97.722
Bahrain,PER,5.0,SOFT,8.0,23.652866242038222,98.044
Bahrain,PER,6.0,SOFT,9.0,23.652866242038222,97.823
Bahrain,PER,7.0,SOFT,10.0,23.652866242038222,97.821
Bahrain,PER,8.0,SOFT,11.0,23.652866242038222,97.838
Bahrain,PER,9.0,SOFT,12.0,23.652866242038222,97.596
Bahrain,PER,10.0,SOFT,13.0,23.652866242038222,97.63
Bahrain,PER,11.0,SOFT,14.0,23.652866242038222,97.836
Bahrain,PER,12.0,SOFT,15.0,23.652866242038222,100.277
Bahrain,PER,14.0,HARD,2.0,23.652866242038222,95.606
Bahrain,PER,15.0,HARD,3.0,23.652866242038222,96.815
Bahrain,PER,16.0,HARD,4.0,23.652866242038222,95.783
Bahrain,PER,17.0,HARD,5.0,23.652866242038222,96.454
Bahrain,PER,18.0,HARD,6.0,23.652866242038222,96.311
Bahrain,PER,19.0,HARD,7.0,23.652866242038222,96.038
Bahrain,PER,20.0,HARD,8.0,23.652866242038222,96.278
Bahrain,PER,21.0,HARD,9.0,23.652866242038222,96.165
Bahrain,PER,22.0,HARD,10.0,23.652866242038222,96.037
Bahrain,PER,23.0,HARD,11.0,23.652866242038222,96.249
Bahrain,PER,24.0,HARD,12.0,23.652866242038222,96.211
Bahrain,PER,25.0,HARD,13.0,23.652866242038222,96.344
Bahrain,PER,26.0,HARD,14.0,23.652866242038222,96.347
Bahrain,PER,27.0,HARD,15.0,23.652866242038222,96.233
Bahrain,PER,28.0,HARD,16.0,23.652866242038222,96.226
Bahrain,PER,29.0,HARD,17.0,23.652866242038222,96.437
Bahrain,PER,30.0,HARD,18.0,23.652866242038222,96.313
Bahrain,PER,31.0,HARD,19.0,23.652866242038222,96.339
Bahrain,PER,32.0,HARD,20.0,23.652866242038222,96.276
Bahrain,PER,33.0,HARD,21.0,23.652866242038222,96.564
Bahrain,PER,34.0,HARD,22.0,23.652866242038222,96.378
Bahrain,PER,35.0,HARD,23.0,23.652866242038222,96.776
Bahrain,PER,36.0,HARD,24.0,23.652866242038222,99.365
Bahrain,PER,38.0,SOFT,2.0,23.652866242038222,94.804
Bahrain,PER,39.0,SOFT,3.0,23.652866242038222,94.607
Bahrain,PER,40.0,SOFT,4.0,23.652866242038222,94.364
Bahrain,PER,41.0,SOFT,5.0,23.652866242038222,94.4
Bahrain,PER,42.0,SOFT,6.0,23.652866242038222,94.525
Bahrain,PER,43.0,SOFT,7.0,23.652866242038222,94.797
Bahrain,PER,44.0,SOFT,8.0,23.652866242038222,94.799
Bahrain,PER,45.0,SOFT,9.0,23.652866242038222,94.592
Bahrain,PER,46.0,SOFT,10.0,23.652866242038222,94.844
Bahrain,PER,47.0,SOFT,11.0,23.652866242038222,94.73
Bahrain,PER,48.0,SOFT,12.0,23.652866242038222,94.885
Bahrain,PER,49.0,SOFT,13.0,23.652866242038222,94.966
Bahrain,PER,50.0,SOFT,14.0,23.652866242038222,95.082
Bahrain,PER,51.0,SOFT,15.0,23.652866242038222,94.94
Bahrain,PER,52.0,SOFT,16.0,23.652866242038222,95.183
Bahrain,PER,53.0,SOFT,17.0,23.652866242038222,95.842
Bahrain,PER,54.0,SOFT,18.0,23.652866242038222,95.459
Bahrain,PER,55.0,SOFT,19.0,23.652866242038222,95.611
Bahrain,PER,56.0,SOFT,20.0,23.652866242038222,95.568
Bahrain,PER,57.0,SOFT,21.0,23.652866242038222,95.746
Bahrain,SAI,1.0,SOFT,4.0,23.652866242038222,100.62
Bahrain,SAI,2.0,SOFT,5.0,23.652866242038222,97.236
Bahrain,SAI,3.0,SOFT,6.0,23.652866242038222,97.08
Bahrain,SAI,4.0,SOFT,7.0,23.652866242038222,97.264
Bahrain,SAI,5.0,SOFT,8.0,23.652866242038222,98.032
Bahrain,SAI,6.0,SOFT,9.0,23.652866242038222,97.741
Bahrain,SAI,7.0,SOFT,10.0,23.652866242038222,98.26
Bahrain,SAI,8.0,SOFT,11.0,23.652866242038222,98.183
Bahrain,SAI,9.0,SOFT,12.0,23.652866242038222,98.03
Bahrain,SAI,10.0,SOFT,13.0,23.652866242038222,97.608
Bahrain,SAI,11.0,SOFT,14.0,23.652866242038222,97.656
Bahrain,SAI,12.0,SOFT,15.0,23.652866242038222,97.65
Bahrain,SAI,13.0,SOFT,16.0,23.652866242038222,97.243
Bahrain,SAI,14.0,SOFT,17.0,23.652866242038222,99.753
Bahrain,SAI,16.0,HARD,2.0,23.652866242038222,96.376
Bahrain,SAI,17.0,HARD,3.0,23.652866242038222,95.507
Bahrain,SAI,18.0,HARD,4.0,23.652866242038222,96.088
Bahrain,SAI,19.0,HARD,5.0,23.652866242038222,96.236
Bahrain,SAI,20.0,HARD,6.0,23.652866242038222,96.034
Bahrain,SAI,21.0,HARD,7.0,23.652866242038222,96.104
Bahrain,SAI,22.0,HARD,8.0,23.652866242038222,96.008
Bahrain,SAI,23.0,HARD,9.0,23.652866242038222,96.149
Bahrain,SAI,24.0,HARD,10.0,23.652866242038222,96.2
Bahrain,SAI,25.0,HARD,11.0,23.652866242038222,96.22
Bahrain,SAI,26.0,HARD,12.0,23.652866242038222,96.221
Bahrain,SAI,27.0,HARD,13.0,23.652866242038222,96.272
Bahrain,SAI,28.0,HARD,14.0,23.652866242038222,96.534
Bahrain,SAI,29.0,HARD,15.0,23.652866242038222,96.6
Bahrain,SAI,30.0,HARD,16.0,23.652866242038222,96.337
Bahrain,SAI,31.0,HARD,17.0,23.652866242038222,96.537
Bahrain,SAI,32.0,HARD,18.0,23.652866242038222,96.762
Bahrain,SAI,33.0,HARD,19.0,23.652866242038222,96.556
Bahrain,SAI,34.0,HARD,20.0,23.652866242038222,96.551
Bahrain,SAI,35.0,HARD,21.0,23.652866242038222,99.274
Bahrain,SAI,37.0,HARD,2.0,23.652866242038222,95.302
Bahrain,SAI,38.0,HARD,3.0,23.652866242038222,95.1
Bahrain,SAI,39.0,HARD,4.0,23.652866242038222,94.709
Bahrain,SAI,40.0,HARD,5.0,23.652866242038222,94.739
Bahrain,SAI,41.0,HARD,6.0,23.652866242038222,95.041
Bahrain,SAI,42.0,HARD,7.0,23.652866242038222,94.861
Bahrain,SAI,43.0,HARD,8.0,23.652866242038222,94.795
Bahrain,SAI,44.0,HARD,9.0,23.652866242038222,94.507
Bahrain,SAI,45.0,HARD,10.0,23.652866242038222,94.79
Bahrain,SAI,46.0,HARD,11.0,23.652866242038222,94.853
Bahrain,SAI,47.0,HARD,12.0,23.652866242038222,94.901
Bahrain,SAI,48.0,HARD,13.0,23.652866242038222,94.981
Bahrain,SAI,49.0,HARD,14.0,23.652866242038222,95.44
Bahrain,SAI,50.0,HARD,15.0,23.652866242038222,95.142
Bahrain,SAI,51.0,HARD,16.0,23.652866242038222,95.282
Bahrain,SAI,52.0,HARD,17.0,23.652866242038222,95.083
Bahrain,SAI,53.0,HARD,18.0,23.652866242038222,95.211
Bahrain,SAI,54.0,HARD,19.0,23.652866242038222,95.309
Bahrain,SAI,55.0,HARD,20.0,23.652866242038222,95.407
Bahrain,SAI,56.0,HARD,21.0,23.652866242038222,95.305
Bahrain,SAI,57.0,HARD,22.0,23.652866242038222,95.327
Bahrain,LEC,1.0,SOFT,4.0,23.652866242038222,98.271
Bahrain,LEC,2.0,SOFT,5.0,23.652866242038222,96.862
Bahrain,LEC,3.0,SOFT,6.0,23.652866242038222,98.062
Bahrain,LEC,4.0,SOFT,7.0,23.652866242038222,97.752
Bahrain,LEC,5.0,SOFT,8.0,23.652866242038222,98.131
Bahrain,LEC,6.0,SOFT,9.0,23.652866242038222,97.782
Bahrain,LEC,7.0,SOFT,10.0,23.652866242038222,98.957
Bahrain,LEC,8.0,SOFT,11.0,23.652866242038222,98.136
Bahrain,LEC,9.0,SOFT,12.0,23.652866242038222,97.844
Bahrain,LEC,10.0,SOFT,13.0,23.652866242038222,97.884
Bahrain,LEC,11.0,SOFT,14.0,23.652866242038222,101.737
Bahrain,LEC,13.0,HARD,2.0,23.652866242038222,96.432
Bahrain,LEC,14.0,HARD,3.0,23.652866242038222,96.756
Bahrain,LEC,15.0,HARD,4.0,23.652866242038222,96.813
Bahrain,LEC,16.0,HARD,5.0,23.652866242038222,96.673
Bahrain,LEC,17.0,HARD,6.0,23.652866242038222,97.302
Bahrain,LEC,18.0,HARD,7.0,23.652866242038222,97.438
Bahrain,LEC,19.0,HARD,8.0,23.652866242038222,96.821
Bahrain,LEC,20.0,HARD,9.0,23.652866242038222,96.794
Bahrain,LEC,21.0,HARD,10.0,23.652866242038222,96.977
Bahrain,LEC,22.0,HARD,11.0,23.652866242038222,96.796
Bahrain,LEC,23.0,HARD,12.0,23.652866242038222,96.987
Bahrain,LEC,24.0,HARD,13.0,23.652866242038222,96.924
Bahrain,LEC,25.0,HARD,14.0,23.652866242038222,96.76
Bahrain,LEC,26.0,HARD,15.0,23.652866242038222,96.81
Bahrain,LEC,27.0,HARD,16.0,23.652866242038222,96.831
Bahrain,LEC,28.0,HARD,17.0,23.652866242038222,96.907
Bahrain,LEC,29.0,HARD,18.0,23.652866242038222,96.963
Bahrain,LEC,30.0,HARD,19.0,23.652866242038222,97.158
Bahrain,LEC,31.0,HARD,20.0,23.652866242038222,97.031
Bahrain,LEC,32.0,HARD,21.0,23.652866242038222,96.941
Bahrain,LEC,33.0,HARD,22.0,23.652866242038222,96.741
Bahrain,LEC,34.0,HARD,23.0,23.652866242038222,99.614
Bahrain,LEC,36.0,HARD,2.0,23.652866242038222,94.09
Bahrain,LEC,37.0,HARD,3.0,23.652866242038222,94.897
Bahrain,LEC,38.0,HARD,4.0,23.652866242038222,94.783
Bahrain,LEC,39.0,HARD,5.0,23.652866242038222,95.087
Bahrain,LEC,40.0,HARD,6.0,23.652866242038222,94.859
Bahrain,LEC,41.0,HARD,7.0,23.652866242038222,95.028
Bahrain,LEC,42.0,HARD,8.0,23.652866242038222,94.982
Bahrain,LEC,43.0,HARD,9.0,23.652866242038222,95.192
Bahrain,LEC,44.0,HARD,10.0,23.652866242038222,95.051
Bahrain,LEC,45.0,HARD,11.0,23.652866242038222,95.22
Bahrain,LEC,46.0,HARD,12.0,23.652866242038222,95.058
Bahrain,LEC,47.0,HARD,13.0,23.652866242038222,95.057
Bahrain,LEC,48.0,HARD,14.0,23.652866242038222,95.308
Bahrain,LEC,49.0,HARD,15.0,23.652866242038222,95.302
Bahrain,LEC,50.0,HARD,16.0,23.652866242038222,95.383
Bahrain,LEC,51.0,HARD,17.0,23.652866242038222,95.418
Bahrain,LEC,52.0,HARD,18.0,23.652866242038222,95.394
Bahrain,LEC,53.0,HARD,19.0,23.652866242038222,95.48
Bahrain,LEC,54.0,HARD,20.0,23.652866242038222,95.265
Bahrain,LEC,55.0,HARD,21.0,23.652866242038222,95.785
Bahrain,LEC,56.0,HARD,22.0,23.652866242038222,95.924
Bahrain,LEC,57.0,HARD,23.0,23.652866242038222,96.324
Bahrain,RUS,1.0,SOFT,4.0,23.652866242038222,99.228
Bahrain,RUS,2.0,SOFT,5.0,23.652866242038222,96.635
Bahrain,RUS,3.0,SOFT,6.0,23.652866242038222,96.406
Bahrain,RUS,4.0,SOFT,7.0,23.652866242038222,97.738
Bahrain,RUS,5.0,SOFT,8.0,23.652866242038222,98.116
Bahrain,RUS,6.0,SOFT,9.0,23.652866242038222,97.784
Bahrain,RUS,7.0,SOFT,10.0,23.652866242038222,98.082
Bahrain,RUS,8.0,SOFT,11.0,23.652866242038222,97.862
Bahrain,RUS,9.0,SOFT,12.0,23.652866242038222,97.73
Bahrain,RUS,10.0,SOFT,13.0,23.652866242038222,97.782
Bahrain,RUS,11.0,SOFT,14.0,23.652866242038222,100.515
Bahrain,RUS,13.0,HARD,2.0,23.652866242038222,97.167
Bahrain,RUS,14.0,HARD,3.0,23.652866242038222,97.571
Bahrain,RUS,15.0,HARD,4.0,23.652866242038222,96.922
Bahrain,RUS,16.0,HARD,5.0,23.652866242038222,96.683
Bahrain,RUS,17.0,HARD,6.0,23.652866242038222,96.234
Bahrain,RUS,18.0,HARD,7.0,23.652866242038222,97.819
Bahrain,RUS,19.0,HARD,8.0,23.652866242038222,97.233
Bahrain,RUS,20.0,HARD,9.0,23.652866242038222,96.732
Bahrain,RUS,21.0,HARD,10.0,23.652866242038222,96.769
Bahrain,RUS,22.0,HARD,11.0,23.652866242038222,96.992
Bahrain,RUS,23.0,HARD,12.0,23.652866242038222,96.954
Bahrain,RUS,24.0,HARD,13.0,23.652866242038222,96.736
Bahrain,RUS,25.0,HARD,14.0,23.652866242038222,96.928
Bahrain,RUS,26.0,HARD,15.0,23.652866242038222,96.801
Bahrain,RUS,27.0,HARD,16.0,23.652866242038222,96.815
Bahrain,RUS,28.0,HARD,17.0,23.652866242038222,96.911
Bahrain,RUS,29.0,HARD,18.0,23.652866242038222,97.066
Bahrain,RUS,30.0,HARD,19.0,23.652866242038222,97.186
Bahrain,RUS,31.0,HARD,20.0,23.652866242038222,99.405
Bahrain,RUS,33.0,HARD,2.0,23.652866242038222,95.838
Bahrain,RUS,34.0,HARD,3.0,23.652866242038222,95.241
Bahrain,RUS,35.0,HARD,4.0,23.652866242038222,95.772
Bahrain,RUS,36.0,HARD,5.0,23.652866242038222,95.434
Bahrain,RUS,37.0,HARD,6.0,23.652866242038222,95.481
Bahrain,RUS,38.0,HARD,7.0,23.652866242038222,95.479
Bahrain,RUS,39.0,HARD,8.0,23.652866242038222,95.204
Bahrain,RUS,40.0,HARD,9.0,23.652866242038222,95.065
Bahrain,RUS,41.0,HARD,10.0,23.652866242038222,95.093
Bahrain,RUS,42.0,HARD,11.0,23.652866242038222,95.136
Bahrain,RUS,43.0,HARD,12.0,23.652866242038222,95.193
Bahrain,RUS,44.0,HARD,13.0,23.652866242038222,95.162
Bahrain,RUS,45.0,HARD,14.0,23.652866242038222,95.276
Bahrain,RUS,46.0,HARD,15.0,23.652866242038222,96.657
Bahrain,RUS,47.0,HARD,16.0,23.652866242038222,95.805
Bahrain,RUS,48.0,HARD,17.0,23.652866242038222,96.059
Bahrain,RUS,49.0,HARD,18.0,23.652866242038222,95.954
Bahrain,RUS,50.0,HARD,19.0,23.652866242038222,96.181
Bahrain,RUS,51.0,HARD,20.0,23.652866242038222,95.852
Bahrain,RUS,52.0,HARD,21.0,23.652866242038222,96.186
Bahrain,RUS,53.0,HARD,22.0,23.652866242038222,95.979
Bahrain,RUS,54.0,HARD,23.0,23.652866242038222,96.013
Bahrain,RUS,55.0,HARD,24.0,23.652866242038222,96.151
Bahrain,RUS,56.0,HARD,25.0,23.652866242038222,96.35
Bahrain,RUS,57.0,HARD,26.0,23.652866242038222,96.44
Bahrain,NOR,2.0,SOFT,5.0,23.652866242038222,98.01
Bahrain,NOR,3.0,SOFT,6.0,23.652866242038222,97.787
Bahrain,NOR,4.0,SOFT,7.0,23.652866242038222,97.45
Bahrain,NOR,5.0,SOFT,8.0,23.652866242038222,97.794
Bahrain,NOR,6.0,SOFT,9.0,23.652866242038222,97.896
Bahrain,NOR,7.0,SOFT,10.0,23.652866242038222,97.86
Bahrain,NOR,8.0,SOFT,11.0,23.652866242038222,98.134
Bahrain,NOR,9.0,SOFT,12.0,23.652866242038222,98.064
Bahrain,NOR,10.0,SOFT,13.0,23.652866242038222,97.936
Bahrain,NOR,11.0,SOFT,14.0,23.652866242038222,98.172
Bahrain,NOR,12.0,SOFT,15.0,23.652866242038222,98.082
Bahrain,NOR,13.0,SOFT,16.0,23.652866242038222,100.635
Bahrain,NOR,15.0,HARD,2.0,23.652866242038222,96.912
Bahrain,NOR,16.0,HARD,3.0,23.652866242038222,96.565
Bahrain,NOR,17.0,HARD,4.0,23.652866242038222,96.776
Bahrain,NOR,18.0,HARD,5.0,23.652866242038222,96.508
Bahrain,NOR,19.0,HARD,6.0,23.652866242038222,96.416
Bahrain,NOR,20.0,HARD,7.0,23.652866242038222,96.501
Bahrain,NOR,21.0,HARD,8.0,23.652866242038222,96.62
Bahrain,NOR,22.0,HARD,9.0,23.652866242038222,96.668
Bahrain,NOR,23.0,HARD,10.0,23.652866242038222,96.696
Bahrain,NOR,24.0,HARD,11.0,23.652866242038222,96.823
Bahrain,NOR,25.0,HARD,12.0,23.652866242038222,96.73
Bahrain,NOR,26.0,HARD,13.0,23.652866242038222,96.566
Bahrain,NOR,27.0,HARD,14.0,23.652866242038222,96.726
Bahrain,NOR,28.0,HARD,15.0,23.652866242038222,97.018
Bahrain,NOR,29.0,HARD,16.0,23.652866242038222,97.041
Bahrain,NOR,30.0,HARD,17.0,23.652866242038222,96.986
Bahrain,NOR,31.0,HARD,18.0,23.652866242038222,97.083
Bahrain,NOR,32.0,HARD,19.0,23.652866242038222,97.171
Bahrain,NOR,33.0,HARD,20.0,23.652866242038222,99.626
Bahrain,NOR,35.0,HARD,2.0,23.652866242038222,94.476
Bahrain,NOR,36.0,HARD,3.0,23.652866242038222,95.69
Bahrain,NOR,37.0,HARD,4.0,23.652866242038222,95.067
Bahrain,NOR,38.0,HARD,5.0,23.652866242038222,95.149
Bahrain,NOR,39.0,HARD,6.0,23.652866242038222,94.88
Bahrain,NOR,40.0,HARD,7.0,23.652866242038222,95.276
Bahrain,NOR,41.0,HARD,8.0,23.652866242038222,95.069
Bahrain,NOR,42.0,HARD,9.0,23.652866242038222,95.165
Bahrain,NOR,43.0,HARD,10.0,23.652866242038222,95.295
Bahrain,NOR,44.0,HARD,11.0,23.652866242038222,95.346
Bahrain,NOR,45.0,HARD,12.0,23.652866242038222,95.338
Bahrain,NOR,46.0,HARD,13.0,23.652866242038222,95.371
Bahrain,NOR,47.0,HARD,14.0,23.652866242038222,95.485
Bahrain,NOR,48.0,HARD,15.0,23.652866242038222,95.717
Bahrain,NOR,49.0,HARD,16.0,23.652866242038222,95.674
Bahrain,NOR,50.0,HARD,17.0,23.652866242038222,95.657
Bahrain,NOR,51.0,HARD,18.0,23.652866242038222,96.038
Bahrain,NOR,52.0,HARD,19.0,23.652866242038222,95.922
Bahrain,NOR,53.0,HARD,20.0,23.652866242038222,95.782
Bahrain,NOR,54.0,HARD,21.0,23.652866242038222,95.934
Bahrain,NOR,55.0,HARD,22.0,23.652866242038222,96.223
Bahrain,NOR,56.0,HARD,23.0,23.652866242038222,95.976
Bahrain,NOR,57.0,HARD,24.0,23.652866242038222,96.582
Bahrain,HAM,2.0,SOFT,5.0,23.652866242038222,98.273
Bahrain,HAM,3.0,SOFT,6.0,23.652866242038222,98.303
Bahrain,HAM,4.0,SOFT,7.0,23.652866242038222,98.287
Bahrain,HAM,5.0,SOFT,8.0,23.652866242038222,98.35
Bahrain,HAM,6.0,SOFT,9.0,23.652866242038222,98.183
Bahrain,HAM,7.0,SOFT,10.0,23.652866242038222,97.839
Bahrain,HAM,8.0,SOFT,11.0,23.652866242038222,98.221
Bahrain,HAM,9.0,SOFT,12.0,23.652866242038222,98.645
Bahrain,HAM,10.0,SOFT,13.0,23.652866242038222,98.037
Bahrain,HAM,11.0,SOFT,14.0,23.652866242038222,98.236
Bahrain,HAM,12.0,SOFT,15.0,23.652866242038222,100.889
Bahrain,HAM,14.0,HARD,2.0,23.652866242038222,97.178
Bahrain,HAM,15.0,HARD,3.0,23.652866242038222,97.264
Bahrain,HAM,16.0,HARD,4.0,23.652866242038222,97.091
Bahrain,HAM,17.0,HARD,5.0,23.652866242038222,97.111
Bahrain,HAM,18.0,HARD,6.0,23.652866242038222,96.85
Bahrain,HAM,19.0,HARD,7.0,23.652866242038222,96.694
Bahrain,HAM,20.0,HARD,8.0,23.652866242038222,96.264
Bahrain,HAM,21.0,HARD,9.0,23.652866242038222,96.51
Bahrain,HAM,22.0,HARD,10.0,23.652866242038222,96.633
Bahrain,HAM,23.0,HARD,11.0,23.652866242038222,96.717
Bahrain,HAM,24.0,HARD,12.0,23.652866242038222,96.666
Bahrain,HAM,25.0,HARD,13.0,23.652866242038222,96.919
Bahrain,HAM,26.0,HARD,14.0,23.652866242038222,96.714
Bahrain,HAM,27.0,HARD,15.0,23.652866242038222,97.201
Bahrain,HAM,28.0,HARD,16.0,23.652866242038222,96.692
Bahrain,HAM,29.0,HARD,17.0,23.652866242038222,96.786
Bahrain,HAM,30.0,HARD,18.0,23.652866242038222,97.244
Bahrain,HAM,31.0,HARD,19.0,23.652866242038222,96.975
Bahrain,HAM,32.0,HARD,20.0,23.652866242038222,97.325
Bahrain,HAM,33.0,HARD,21.0,23.652866242038222,99.696
Bahrain,HAM,35.0,HARD,2.0,23.652866242038222,95.489
Bahrain,HAM,36.0,HARD,3.0,23.652866242038222,95.279
Bahrain,HAM,37.0,HARD,4.0,23.652866242038222,95.597
Bahrain,HAM,38.0,HARD,5.0,23.652866242038222,94.966
Bahrain,HAM,39.0,HARD,6.0,23.652866242038222,94.722
Bahrain,HAM,40.0,HARD,7.0,23.652866242038222,95.041
Bahrain,HAM,41.0,HARD,8.0,23.652866242038222,94.94
Bahrain,HAM,42.0,HARD,9.0,23.652866242038222,94.996
Bahrain,HAM,43.0,HARD,10.0,23.652866242038222,94.935
Bahrain,HAM,44.0,HARD,11.0,23.652866242038222,95.169
Bahrain,HAM,45.0,HARD,12.0,23.652866242038222,95.184
Bahrain,HAM,46.0,HARD,13.0,23.652866242038222,95.285
Bahrain,HAM,47.0,HARD,14.0,23.652866242038222,95.226
Bahrain,HAM,48.0,HARD,15.0,23.652866242038222,96.165
Bahrain,HAM,49.0,HARD,16.0,23.652866242038222,95.914
Bahrain,HAM,50.0,HARD,17.0,23.652866242038222,95.612
Bahrain,HAM,51.0,HARD,18.0,23.652866242038222,95.532
Bahrain,HAM,52.0,HARD,19.0,23.652866242038222,95.479
Bahrain,HAM,53.0,HARD,20.0,23.652866242038222,95.55
Bahrain,HAM,54.0,HARD,21.0,23.652866242038222,95.974
Bahrain,HAM,55.0,HARD,22.0,23.652866242038222,95.633
Bahrain,HAM,56.0,HARD,23.0,23.652866242038222,95.706
Bahrain,HAM,57.0,HARD,24.0,23.652866242038222,96.138
Bahrain,PIA,2.0,SOFT,5.0,23.652866242038222,98.382
Bahrain,PIA,3.0,SOFT,6.0,23.652866242038222,98.258
Bahrain,PIA,4.0,SOFT,7.0,23.652866242038222,97.897
Bahrain,PIA,5.0,SOFT,8.0,23.652866242038222,97.859
Bahrain,PIA,6.0,SOFT,9.0,23.652866242038222,97.955
Bahrain,PIA,7.0,SOFT,10.0,23.652866242038222,97.984
Bahrain,PIA,8.0,SOFT,11.0,23.652866242038222,97.956
Bahrain,PIA,9.0,SOFT,12.0,23.652866242038222,98.096
Bahrain,PIA,10.0,SOFT,13.0,23.652866242038222,98.073
Bahrain,PIA,11.0,SOFT,14.0,23.652866242038222,98.397
Bahrain,PIA,12.0,SOFT,15.0,23.652866242038222,100.739
Bahrain,PIA,14.0,HARD,2.0,23.652866242038222,96.796
Bahrain,PIA,15.0,HARD,3.0,23.652866242038222,96.823
Bahrain,PIA,16.0,HARD,4.0,23.652866242038222,96.427
Bahrain,PIA,17.0,HARD,5.0,23.652866242038222,96.872
Bahrain,PIA,18.0,HARD,6.0,23.652866242038222,97.095
Bahrain,PIA,19.0,HARD,7.0,23.652866242038222,96.577
Bahrain,PIA,20.0,HARD,8.0,23.652866242038222,96.644
Bahrain,PIA,21.0,HARD,9.0,23.652866242038222,96.733
Bahrain,PIA,22.0,HARD,10.0,23.652866242038222,96.555
Bahrain,PIA,23.0,HARD,11.0,23.652866242038222,96.68
Bahrain,PIA,24.0,HARD,12.0,23.652866242038222,96.884
Bahrain,PIA,25.0,HARD,13.0,23.652866242038222,97.008
Bahrain,PIA,26.0,HARD,14.0,23.652866242038222,96.882
Bahrain,PIA,27.0,HARD,15.0,23.652866242038222,96.905
Bahrain,PIA,28.0,HARD,16.0,23.652866242038222,96.905
Bahrain,PIA,29.0,HARD,17.0,23.652866242038222,97.179
Bahrain,PIA,30.0,HARD,18.0,23.652866242038222,97.177
Bahrain,PIA,31.0,HARD,19.0,23.652866242038222,97.57
Bahrain,PIA,32.0,HARD,20.0,23.652866242038222,97.163
Bahrain,PIA,33.0,HARD,21.0,23.652866242038222,97.088
Bahrain,PIA,34.0,HARD,22.0,23.652866242038222,99.211
Bahrain,PIA,36.0,HARD,2.0,23.652866242038222,95.153
Bahrain,PIA,37.0,HARD,3.0,23.652866242038222,94.774
Bahrain,PIA,38.0,HARD,4.0,23.652866242038222,95.298
Bahrain,PIA,39.0,HARD,5.0,23.652866242038222,94.983
Bahrain,PIA,40.0,HARD,6.0,23.652866242038222,95.005
Bahrain,PIA,41.0,HARD,7.0,23.652866242038222,95.109
Bahrain,PIA,42.0,HARD,8.0,23.652866242038222,95.341
Bahrain,PIA,43.0,HARD,9.0,23.652866242038222,95.258
Bahrain,PIA,44.0,HARD,10.0,23.652866242038222,95.238
Bahrain,PIA,45.0,HARD,11.0,23.652866242038222,95.306
Bahrain,PIA,46.0,HARD,12.0,23.652866242038222,95.296
Bahrain,PIA,47.0,HARD,13.0,23.652866242038222,95.376
Bahrain,PIA,48.0,HARD,14.0,23.652866242038222,95.702
Bahrain,PIA,49.0,HARD,15.0,23.652866242038222,95.653
Bahrain,PIA,50.0,HARD,16.0,23.652866242038222,95.984
Bahrain,PIA,51.0,HARD,17.0,23.652866242038222,95.8
Bahrain,PIA,52.0,HARD,18.0,23.652866242038222,96.024
Bahrain,PIA,53.0,HARD,19.0,23.652866242038222,95.739
Bahrain,PIA,54.0,HARD,20.0,23.652866242038222,96.107
Bahrain,PIA,55.0,HARD,21.0,23.652866242038222,95.973
Bahrain,PIA,56.0,HARD,22.0,23.652866242038222,96.1
Bahrain,PIA,57.0,HARD,23.0,23.652866242038222,95.92
Bahrain,ALO,1.0,SOFT,4.0,23.652866242038222,101.679
Bahrain,ALO,2.0,SOFT,5.0,23.652866242038222,98.02
Bahrain,ALO,3.0,SOFT,6.0,23.652866242038222,99.046
Bahrain,ALO,4.0,SOFT,7.0,23.652866242038222,97.776
Bahrain,ALO,5.0,SOFT,8.0,23.652866242038222,99.292
Bahrain,ALO,6.0,SOFT,9.0,23.652866242038222,98.053
Bahrain,ALO,7.0,SOFT,10.0,23.652866242038222,98.008
Bahrain,ALO,8.0,SOFT,11.0,23.652866242038222,98.103
Bahrain,ALO,9.0,SOFT,12.0,23.652866242038222,98.896
Bahrain,ALO,10.0,SOFT,13.0,23.652866242038222,99.325
Bahrain,ALO,11.0,SOFT,14.0,23.652866242038222,98.554
Bahrain,ALO,12.0,SOFT,15.0,23.652866242038222,98.543
Bahrain,ALO,13.0,SOFT,16.0,23.652866242038222,98.587
Bahrain,ALO,14.0,SOFT,17.0,23.652866242038222,98.612
Bahrain,ALO,15.0,SOFT,18.0,23.652866242038222,101.101
Bahrain,ALO,17.0,HARD,2.0,23.652866242038222,96.97
Bahrain,ALO,18.0,HARD,3.0,23.652866242038222,97.361
Bahrain,ALO,19.0,HARD,4.0,23.652866242038222,97.072
Bahrain,ALO,20.0,HARD,5.0,23.652866242038222,97.357
Bahrain,ALO,21.0,HARD,6.0,23.652866242038222,97.342
Bahrain,ALO,22.0,HARD,7.0,23.652866242038222,97.122
Bahrain,ALO,23.0,HARD,8.0,23.652866242038222,97.265
Bahrain,ALO,24.0,HARD,9.0,23.652866242038222,97.046
Bahrain,ALO,25.0,HARD,10.0,23.652866242038222,97.179
Bahrain,ALO,26.0,HARD,11.0,23.652866242038222,97.638
Bahrain,ALO,27.0,HARD,12.0,23.652866242038222,96.945
Bahrain,ALO,28.0,HARD,13.0,23.652866242038222,97.256
Bahrain,ALO,29.0,HARD,14.0,23.652866242038222,97.104
Bahrain,ALO,30.0,HARD,15.0,23.652866242038222,96.982
Bahrain,ALO,31.0,HARD,16.0,23.652866242038222,96.957
Bahrain,ALO,32.0,HARD,17.0,23.652866242038222,97.056
Bahrain,ALO,33.0,HARD,18.0,23.652866242038222,97.202
Bahrain,ALO,34.0,HARD,19.0,23.652866242038222,97.601
Bahrain,ALO,35.0,HARD,20.0,23.652866242038222,97.273
Bahrain,ALO,36.0,HARD,21.0,23.652866242038222,98.343
Bahrain,ALO,37.0,HARD,22.0,23.652866242038222,96.799
Bahrain,ALO,38.0,HARD,23.0,23.652866242038222,97.297
Bahrain,ALO,39.0,HARD,24.0,23.652866242038222,97.946
Bahrain,ALO,40.0,HARD,25.0,23.652866242038222,98.061
Bahrain,ALO,41.0,HARD,26.0,23.652866242038222,100.261
Bahrain,ALO,43.0,HARD,2.0,23.652866242038222,95.107
Bahrain,ALO,44.0,HARD,3.0,23.652866242038222,94.981
Bahrain,ALO,45.0,HARD,4.0,23.652866242038222,94.872
Bahrain,ALO,46.0,HARD,5.0,23.652866242038222,95.126
Bahrain,ALO,47.0,HARD,6.0,23.652866242038222,95.225
Bahrain,ALO,48.0,HARD,7.0,23.652866242038222,94.199
Bahrain,ALO,49.0,HARD,8.0,23.652866242038222,94.571
Bahrain,ALO,50.0,HARD,9.0,23.652866242038222,94.677
Bahrain,ALO,51.0,HARD,10.0,23.652866242038222,94.916
Bahrain,ALO,52.0,HARD,11.0,23.652866242038222,94.862
Bahrain,ALO,53.0,HARD,12.0,23.652866242038222,95.249
Bahrain,ALO,54.0,HARD,13.0,23.652866242038222,95.745
Bahrain,ALO,55.0,HARD,14.0,23.652866242038222,95.066
Bahrain,ALO,56.0,HARD,15.0,23.652866242038222,95.014
Bahrain,ALO,57.0,HARD,16.0,23.652866242038222,95.276
Bahrain,STR,2.0,SOFT,2.0,23.652866242038222,97.987
Bahrain,STR,3.0,SOFT,3.0,23.652866242038222,98.279
Bahrain,STR,4.0,SOFT,4.0,23.652866242038222,98.364
Bahrain,STR,5.0,SOFT,5.0,23.652866242038222,98.725
Bahrain,STR,6.0,SOFT,6.0,23.652866242038222,98.925
Bahrain,STR,7.0,SOFT,7.0,23.652866242038222,98.769
Bahrain,STR,8.0,SOFT,8.0,23.652866242038222,98.857
Bahrain,STR,11.0,HARD,2.0,23.652866242038222,96.494
Bahrain,STR,12.0,HARD,3.0,23.652866242038222,97.175
Bahrain,STR,13.0,HARD,4.0,23.652866242038222,97.289
Bahrain,STR,14.0,HARD,5.0,23.652866242038222,97.624
Bahrain,STR,15.0,HARD,6.0,23.652866242038222,97.533
Bahrain,STR,16.0,HARD,7.0,23.652866242038222,98.027
Bahrain,STR,17.0,HARD,8.0,23.652866242038222,98.777
Bahrain,STR,18.0,HARD,9.0,23.652866242038222,97.417
Bahrain,STR,19.0,HARD,10.0,23.652866242038222,97.554
Bahrain,STR,20.0,HARD,11.0,23.652866242038222,97.859
Bahrain,STR,21.0,HARD,12.0,23.652866242038222,98.022
Bahrain,STR,22.0,HARD,13.0,23.652866242038222,98.175
Bahrain,STR,23.0,HARD,14.0,23.652866242038222,97.826
Bahrain,STR,24.0,HARD,15.0,23.652866242038222,98.138
Bahrain,STR,25.0,HARD,16.0,23.652866242038222,97.994
Bahrain,STR,26.0,HARD,17.0,23.652866242038222,98.133
Bahrain,STR,27.0,HARD,18.0,23.652866242038222,100.71
Bahrain,STR,29.0,HARD,2.0,23.652866242038222,95.854
Bahrain,STR,30.0,HARD,3.0,23.652866242038222,95.632
Bahrain,STR,31.0,HARD,4.0,23.652866242038222,96.202
Bahrain,STR,32.0,HARD,5.0,23.652866242038222,95.821
Bahrain,STR,33.0,HARD,6.0,23.652866242038222,96.349
Bahrain,STR,34.0,HARD,7.0,23.652866242038222,96.332
Bahrain,STR,35.0,HARD,8.0,23.652866242038222,96.242
Bahrain,STR,36.0,HARD,9.0,23.652866242038222,96.086
Bahrain,STR,37.0,HARD,10.0,23.652866242038222,95.987
Bahrain,STR,38.0,HARD,11.0,23.652866242038222,96.364
Bahrain,STR,39.0,HARD,12.0,23.652866242038222,96.353
Bahrain,STR,40.0,HARD,13.0,23.652866242038222,96.485
Bahrain,STR,41.0,HARD,14.0,23.652866242038222,96.322
Bahrain,STR,42.0,HARD,15.0,23.652866242038222,96.343
Bahrain,STR,43.0,HARD,16.0,23.652866242038222,96.304
Bahrain,STR,44.0,HARD,17.0,23.652866242038222,96.564
Bahrain,STR,45.0,HARD,18.0,23.652866242038222,96.243
Bahrain,STR,46.0,HARD,19.0,23.652866242038222,96.379
Bahrain,STR,47.0,HARD,20.0,23.652866242038222,96.298
Bahrain,STR,48.0,HARD,21.0,23.652866242038222,97.325
Bahrain,STR,49.0,HARD,22.0,23.652866242038222,96.871
Bahrain,STR,50.0,HARD,23.0,23.652866242038222,96.541
Bahrain,STR,51.0,HARD,24.0,23.652866242038222,96.763
Bahrain,STR,52.0,HARD,25.0,23.652866242038222,96.934
Bahrain,STR,53.0,HARD,26.0,23.652866242038222,96.64
Bahrain,STR,54.0,HARD,27.0,23.652866242038222,96.693
Bahrain,STR,55.0,HARD,28.0,23.652866242038222,96.68
Bahrain,STR,56.0,HARD,29.0,23.652866242038222,96.582
Bahrain,STR,57.0,HARD,30.0,23.652866242038222,97.335
Bahrain,ZHO,2.0,SOFT,2.0,23.652866242038222,98.92
Bahrain,ZHO,3.0,SOFT,3.0,23.652866242038222,98.582
Bahrain,ZHO,4.0,SOFT,4.0,23.652866242038222,98.428
Bahrain,ZHO,5.0,SOFT,5.0,23.652866242038222,98.798
Bahrain,ZHO,6.0,SOFT,6.0,23.652866242038222,98.488
Bahrain,ZHO,7.0,SOFT,7.0,23.652866242038222,99.517
Bahrain,ZHO,8.0,SOFT,8.0,23.652866242038222,99.646
Bahrain,ZHO,9.0,SOFT,9.0,23.652866242038222,101.849
Bahrain,ZHO,11.0,HARD,2.0,23.652866242038222,96.365
Bahrain,ZHO,12.0,HARD,3.0,23.652866242038222,96.995
Bahrain,ZHO,13.0,HARD,4.0,23.652866242038222,97.436
Bahrain,ZHO,14.0,HARD,5.0,23.652866242038222,97.482
Bahrain,ZHO,15.0,HARD,6.0,23.652866242038222,97.5
Bahrain,ZHO,16.0,HARD,7.0,23.652866242038222,97.659
Bahrain,ZHO,17.0,HARD,8.0,23.652866242038222,98.475
Bahrain,ZHO,18.0,HARD,9.0,23.652866242038222,97.552
Bahrain,ZHO,19.0,HARD,10.0,23.652866242038222,97.652
Bahrain,ZHO,20.0,HARD,11.0,23.652866242038222,97.749
Bahrain,ZHO,21.0,HARD,12.0,23.652866242038222,97.947
Bahrain,ZHO,22.0,HARD,13.0,23.652866242038222,97.852
Bahrain,ZHO,23.0,HARD,14.0,23.652866242038222,97.788
Bahrain,ZHO,24.0,HARD,15.0,23.652866242038222,97.894
Bahrain,ZHO,25.0,HARD,16.0,23.652866242038222,97.883
Bahrain,ZHO,26.0,HARD,17.0,23.652866242038222,97.995
Bahrain,ZHO,27.0,HARD,18.0,23.652866242038222,98.053
Bahrain,ZHO,28.0,HARD,19.0,23.652866242038222,100.675
Bahrain,ZHO,30.0,HARD,2.0,23.652866242038222,95.458
Bahrain,ZHO,31.0,HARD,3.0,23.652866242038222,96.297
Bahrain,ZHO,32.0,HARD,4.0,23.652866242038222,96.048
Bahrain,ZHO,33.0,HARD,5.0,23.652866242038222,97.971
Bahrain,ZHO,34.0,HARD,6.0,23.652866242038222,96.518
Bahrain,ZHO,35.0,HARD,7.0,23.652866242038222,96.546
Bahrain,ZHO,36.0,HARD,8.0,23.652866242038222,96.931
Bahrain,ZHO,37.0,HARD,9.0,23.652866242038222,96.805
Bahrain,ZHO,38.0,HARD,10.0,23.652866242038222,96.857
Bahrain,ZHO,39.0,HARD,11.0,23.652866242038222,96.637
Bahrain,ZHO,40.0,HARD,12.0,23.652866242038222,96.683
Bahrain,ZHO,41.0,HARD,13.0,23.652866242038222,96.695
Bahrain,ZHO,42.0,HARD,14.0,23.652866242038222,96.652
Bahrain,ZHO,43.0,HARD,15.0,23.652866242038222,96.771
Bahrain,ZHO,44.0,HARD,16.0,23.652866242038222,97.417
Bahrain,ZHO,45.0,HARD,17.0,23.652866242038222,96.68
Bahrain,ZHO,46.0,HARD,18.0,23.652866242038222,96.741
Bahrain,ZHO,47.0,HARD,19.0,23.652866242038222,96.561
Bahrain,ZHO,48.0,HARD,20.0,23.652866242038222,96.654
Bahrain,ZHO,49.0,HARD,21.0,23.652866242038222,96.72
Bahrain,ZHO,50.0,HARD,22.0,23.652866242038222,96.792
Bahrain,ZHO,51.0,HARD,23.0,23.652866242038222,97.042
Bahrain,ZHO,52.0,HARD,24.0,23.652866242038222,97.394
Bahrain,ZHO,53.0,HARD,25.0,23.652866242038222,97.141
Bahrain,ZHO,54.0,HARD,26.0,23.652866242038222,98.389
Bahrain,ZHO,55.0,HARD,27.0,23.652866242038222,97.383
Bahrain,ZHO,56.0,HARD,28.0,23.652866242038222,97.333
Bahrain,MAG,2.0,SOFT,2.0,23.652866242038222,98.911
Bahrain,MAG,3.0,SOFT,3.0,23.652866242038222,98.399
Bahrain,MAG,4.0,SOFT,4.0,23.652866242038222,98.497
Bahrain,MAG,5.0,SOFT,5.0,23.652866242038222,98.576
Bahrain,MAG,6.0,SOFT,6.0,23.652866242038222,98.529
Bahrain,MAG,7.0,SOFT,7.0,23.652866242038222,100.058
Bahrain,MAG,8.0,SOFT,8.0,23.652866242038222,99.172
Bahrain,MAG,9.0,SOFT,9.0,23.652866242038222,98.861
Bahrain,MAG,10.0,SOFT,10.0,23.652866242038222,98.747
Bahrain,MAG,11.0,SOFT,11.0,23.652866242038222,101.088
Bahrain,MAG,13.0,HARD,2.0,23.652866242038222,96.89
Bahrain,MAG,14.0,HARD,3.0,23.652866242038222,97.59
Bahrain,MAG,15.0,HARD,4.0,23.652866242038222,98.332
Bahrain,MAG,16.0,HARD,5.0,23.652866242038222,97.749
Bahrain,MAG,17.0,HARD,6.0,23.652866242038222,98.282
Bahrain,MAG,18.0,HARD,7.0,23.652866242038222,97.583
Bahrain,MAG,19.0,HARD,8.0,23.652866242038222,97.792
Bahrain,MAG,20.0,HARD,9.0,23.652866242038222,98.062
Bahrain,MAG,21.0,HARD,10.0,23.652866242038222,98.01
Bahrain,MAG,22.0,HARD,11.0,23.652866242038222,98.147
Bahrain,MAG,23.0,HARD,12.0,23.652866242038222,98.293
Bahrain,MAG,24.0,HARD,13.0,23.652866242038222,98.156
Bahrain,MAG,25.0,HARD,14.0,23.652866242038222,98.29
Bahrain,MAG,26.0,HARD,15.0,23.652866242038222,98.093
Bahrain,MAG,27.0,HARD,16.0,23.652866242038222,98.226
Bahrain,MAG,28.0,HARD,17.0,23.652866242038222,97.936
Bahrain,MAG,29.0,HARD,18.0,23.652866242038222,97.965
Bahrain,MAG,30.0,HARD,19.0,23.652866242038222,98.04
Bahrain,MAG,31.0,HARD,20.0,23.652866242038222,98.0
Bahrain,MAG,32.0,HARD,21.0,23.652866242038222,100.565
Bahrain,MAG,34.0,HARD,2.0,23.652866242038222,95.57
Bahrain,MAG,35.0,HARD,3.0,23.652866242038222,95.698
Bahrain,MAG,36.0,HARD,4.0,23.652866242038222,95.851
Bahrain,MAG,37.0,HARD,5.0,23.652866242038222,95.741
Bahrain,MAG,38.0,HARD,6.0,23.652866242038222,96.042
Bahrain,MAG,39.0,HARD,7.0,23.652866242038222,95.876
Bahrain,MAG,40.0,HARD,8.0,23.652866242038222,96.071
Bahrain,MAG,41.0,HARD,9.0,23.652866242038222,96.34
Bahrain,MAG,42.0,HARD,10.0,23.652866242038222,96.31
Bahrain,MAG,43.0,HARD,11.0,23.652866242038222,96.232
Bahrain,MAG,44.0,HARD,12.0,23.652866242038222,96.249
Bahrain,MAG,45.0,HARD,13.0,23.652866242038222,96.349
Bahrain,MAG,46.0,HARD,14.0,23.652866242038222,96.446
Bahrain,MAG,47.0,HARD,15.0,23.652866242038222,96.454
Bahrain,MAG,48.0,HARD,16.0,23.652866242038222,96.679
Bahrain,MAG,49.0,HARD,17.0,23.652866242038222,96.842
Bahrain,MAG,50.0,HARD,18.0,23.652866242038222,97.035
Bahrain,MAG,51.0,HARD,19.0,23.652866242038222,96.929
Bahrain,MAG,52.0,HARD,20.0,23.652866242038222,96.93
Bahrain,MAG,53.0,HARD,21.0,23.652866242038222,97.958
Bahrain,MAG,54.0,HARD,22.0,23.652866242038222,96.89
Bahrain,MAG,55.0,HARD,23.0,23.652866242038222,97.457
Bahrain,MAG,56.0,HARD,24.0,23.652866242038222,97.584
Bahrain,RIC,2.0,SOFT,5.0,23.652866242038222,99.509
Bahrain,RIC,3.0,SOFT,6.0,23.652866242038222,98.76
Bahrain,RIC,4.0,SOFT,7.0,23.652866242038222,98.61
Bahrain,RIC,5.0,SOFT,8.0,23.652866242038222,98.704
Bahrain,RIC,6.0,SOFT,9.0,23.652866242038222,98.689
Bahrain,RIC,7.0,SOFT,10.0,23.652866242038222,99.193
Bahrain,RIC,8.0,SOFT,11.0,23.652866242038222,99.529
Bahrain,RIC,9.0,SOFT,12.0,23.652866242038222,99.338
Bahrain,RIC,10.0,SOFT,13.0,23.652866242038222,98.782
Bahrain,RIC,11.0,SOFT,14.0,23.652866242038222,99.033
Bahrain,RIC,12.0,SOFT,15.0,23.652866242038222,98.893
Bahrain,RIC,15.0,HARD,2.0,23.652866242038222,97.07
Bahrain,RIC,16.0,HARD,3.0,23.652866242038222,97.176
Bahrain,RIC,17.0,HARD,4.0,23.652866242038222,97.29
Bahrain,RIC,18.0,HARD,5.0,23.652866242038222,97.7
Bahrain,RIC,19.0,HARD,6.0,23.652866242038222,98.35
Bahrain,RIC,20.0,HARD,7.0,23.652866242038222,97.865
Bahrain,RIC,21.0,HARD,8.0,23.652866242038222,97.392
Bahrain,RIC,22.0,HARD,9.0,23.652866242038222,97.75
Bahrain,RIC,23.0,HARD,10.0,23.652866242038222,97.772
Bahrain,RIC,24.0,HARD,11.0,23.652866242038222,97.766
Bahrain,RIC,25.0,HARD,12.0,23.652866242038222,97.973
Bahrain,RIC,26.0,HARD,13.0,23.652866242038222,98.029
Bahrain,RIC,27.0,HARD,14.0,23.652866242038222,98.152
Bahrain,RIC,28.0,HARD,15.0,23.652866242038222,98.045
Bahrain,RIC,29.0,HARD,16.0,23.652866242038222,97.96
Bahrain,RIC,30.0,HARD,17.0,23.652866242038222,97.978
Bahrain,RIC,31.0,HARD,18.0,23.652866242038222,98.154
Bahrain,RIC,32.0,HARD,19.0,23.652866242038222,98.025
Bahrain,RIC,33.0,HARD,20.0,23.652866242038222,98.15
Bahrain,RIC,34.0,HARD,21.0,23.652866242038222,98.246
Bahrain,RIC,35.0,HARD,22.0,23.652866242038222,100.595
Bahrain,RIC,37.0,SOFT,2.0,23.652866242038222,95.163
Bahrain,RIC,38.0,SOFT,3.0,23.652866242038222,95.46
Bahrain,RIC,39.0,SOFT,4.0,23.652866242038222,95.475
Bahrain,RIC,40.0,SOFT,5.0,23.652866242038222,95.578
Bahrain,RIC,41.0,SOFT,6.0,23.652866242038222,95.644
Bahrain,RIC,42.0,SOFT,7.0,23.652866242038222,95.338
Bahrain,RIC,43.0,SOFT,8.0,23.652866242038222,95.56
Bahrain,RIC,44.0,SOFT,9.0,23.652866242038222,95.49
Bahrain,RIC,45.0,SOFT,10.0,23.652866242038222,95.57
Bahrain,RIC,46.0,SOFT,11.0,23.652866242038222,95.507
Bahrain,RIC,47.0,SOFT,12.0,23.652866242038222,95.831
Bahrain,RIC,48.0,SOFT,13.0,23.652866242038222,96.236
Bahrain,RIC,49.0,SOFT,14.0,23.652866242038222,96.442
Bahrain,RIC,50.0,SOFT,15.0,23.652866242038222,96.609
Bahrain,RIC,51.0,SOFT,16.0,23.652866242038222,97.103
Bahrain,RIC,52.0,SOFT,17.0,23.652866242038222,97.529
Bahrain,RIC,53.0,SOFT,18.0,23.652866242038222,96.745
Bahrain,RIC,54.0,SOFT,19.0,23.652866242038222,96.661
Bahrain,RIC,55.0,SOFT,20.0,23.652866242038222,97.375
Bahrain,RIC,56.0,SOFT,21.0,23.652866242038222,97.662
Bahrain,TSU,2.0,SOFT,2.0,23.652866242038222,98.689
Bahrain,TSU,3.0,SOFT,3.0,23.652866242038222,98.431
Bahrain,TSU,4.0,SOFT,4.0,23.652866242038222,98.31
Bahrain,TSU,5.0,SOFT,5.0,23.652866242038222,98.321
Bahrain,TSU,6.0,SOFT,6.0,23.652866242038222,98.361
Bahrain,TSU,7.0,SOFT,7.0,23.652866242038222,98.364
Bahrain,TSU,8.0,SOFT,8.0,23.652866242038222,98.513
Bahrain,TSU,9.0,SOFT,9.0,23.652866242038222,98.554
Bahrain,TSU,10.0,SOFT,10.0,23.652866242038222,98.912
Bahrain,TSU,11.0,SOFT,11.0,23.652866242038222,98.799
Bahrain,TSU,12.0,SOFT,12.0,23.652866242038222,98.769
Bahrain,TSU,13.0,SOFT,13.0,23.652866242038222,98.86
Bahrain,TSU,14.0,SOFT,14.0,23.652866242038222,101.138
Bahrain,TSU,16.0,HARD,2.0,23.652866242038222,97.516
Bahrain,TSU,17.0,HARD,3.0,23.652866242038222,97.482
Bahrain,TSU,18.0,HARD,4.0,23.652866242038222,97.359
Bahrain,TSU,19.0,HARD,5.0,23.652866242038222,97.396
Bahrain,TSU,20.0,HARD,6.0,23.652866242038222,97.766
Bahrain,TSU,21.0,HARD,7.0,23.652866242038222,97.777
Bahrain,TSU,22.0,HARD,8.0,23.652866242038222,97.837
Bahrain,TSU,23.0,HARD,9.0,23.652866242038222,97.671
Bahrain,TSU,24.0,HARD,10.0,23.652866242038222,97.634
Bahrain,TSU,25.0,HARD,11.0,23.652866242038222,97.851
Bahrain,TSU,26.0,HARD,12.0,23.652866242038222,98.058
Bahrain,TSU,27.0,HARD,13.0,23.652866242038222,98.083
Bahrain,TSU,28.0,HARD,14.0,23.652866242038222,98.164
Bahrain,TSU,29.0,HARD,15.0,23.652866242038222,97.777
Bahrain,TSU,30.0,HARD,16.0,23.652866242038222,97.477
Bahrain,TSU,31.0,HARD,17.0,23.652866242038222,97.468
Bahrain,TSU,32.0,HARD,18.0,23.652866242038222,97.847
Bahrain,TSU,33.0,HARD,19.0,23.652866242038222,97.498
Bahrain,TSU,34.0,HARD,20.0,23.652866242038222,100.835
Bahrain,TSU,36.0,HARD,2.0,23.652866242038222,97.706
Bahrain,TSU,37.0,HARD,3.0,23.652866242038222,95.833
Bahrain,TSU,38.0,HARD,4.0,23.652866242038222,97.046
Bahrain,TSU,39.0,HARD,5.0,23.652866242038222,96.125
Bahrain,TSU,40.0,HARD,6.0,23.652866242038222,96.263
Bahrain,TSU,41.0,HARD,7.0,23.652866242038222,96.179
Bahrain,TSU,42.0,HARD,8.0,23.652866242038222,95.981
Bahrain,TSU,43.0,HARD,9.0,23.652866242038222,95.956
Bahrain,TSU,44.0,HARD,10.0,23.652866242038222,96.144
Bahrain,TSU,45.0,HARD,11.0,23.652866242038222,95.964
Bahrain,TSU,46.0,HARD,12.0,23.652866242038222,96.187
Bahrain,TSU,47.0,HARD,13.0,23.652866242038222,96.396
Bahrain,TSU,48.0,HARD,14.0,23.652866242038222,96.554
Bahrain,TSU,49.0,HARD,15.0,23.652866242038222,96.695
Bahrain,TSU,50.0,HARD,16.0,23.652866242038222,96.827
Bahrain,TSU,51.0,HARD,17.0,23.652866242038222,97.067
Bahrain,TSU,52.0,HARD,18.0,23.652866242038222,99.042
Bahrain,TSU,53.0,HARD,19.0,23.652866242038222,96.838
Bahrain,TSU,54.0,HARD,20.0,23.652866242038222,96.672
Bahrain,TSU,55.0,HARD,21.0,23.652866242038222,97.269
Bahrain,TSU,56.0,HARD,22.0,23.652866242038222,97.473
Bahrain,ALB,2.0,SOFT,2.0,23.652866242038222,98.826
Bahrain,ALB,3.0,SOFT,3.0,23.652866242038222,98.507
Bahrain,ALB,4.0,SOFT,4.0,23.652866242038222,98.422
Bahrain,ALB,5.0,SOFT,5.0,23.652866242038222,98.509
Bahrain,ALB,6.0,SOFT,6.0,23.652866242038222,98.575
Bahrain,ALB,7.0,SOFT,7.0,23.652866242038222,98.971
Bahrain,ALB,8.0,SOFT,8.0,23.652866242038222,98.66
Bahrain,ALB,9.0,SOFT,9.0,23.652866242038222,98.652
Bahrain,ALB,10.0,SOFT,10.0,23.652866242038222,98.952
Bahrain,ALB,11.0,SOFT,11.0,23.652866242038222,98.835
Bahrain,ALB,12.0,SOFT,12.0,23.652866242038222,98.934
Bahrain,ALB,13.0,SOFT,13.0,23.652866242038222,98.823
Bahrain,ALB,14.0,SOFT,14.0,23.652866242038222,98.977
Bahrain,ALB,15.0,SOFT,15.0,23.652866242038222,101.171
Bahrain,ALB,17.0,HARD,2.0,23.652866242038222,97.392
Bahrain,ALB,18.0,HARD,3.0,23.652866242038222,97.59
Bahrain,ALB,19.0,HARD,4.0,23.652866242038222,97.763
Bahrain,ALB,20.0,HARD,5.0,23.652866242038222,97.701
Bahrain,ALB,21.0,HARD,6.0,23.652866242038222,97.918
Bahrain,ALB,22.0,HARD,7.0,23.652866242038222,98.031
Bahrain,ALB,23.0,HARD,8.0,23.652866242038222,97.869
Bahrain,ALB,24.0,HARD,9.0,23.652866242038222,98.204
Bahrain,ALB,25.0,HARD,10.0,23.652866242038222,98.226
Bahrain,ALB,26.0,HARD,11.0,23.652866242038222,98.1
Bahrain,ALB,27.0,HARD,12.0,23.652866242038222,98.296
Bahrain,ALB,28.0,HARD,13.0,23.652866242038222,98.048
Bahrain,ALB,29.0,HARD,14.0,23.652866242038222,97.879
Bahrain,ALB,30.0,HARD,15.0,23.652866242038222,97.968
Bahrain,ALB,31.0,HARD,16.0,23.652866242038222,98.135
Bahrain,ALB,32.0,HARD,17.0,23.652866242038222,98.183
Bahrain,ALB,33.0,HARD,18.0,23.652866242038222,98.346
Bahrain,ALB,34.0,HARD,19.0,23.652866242038222,97.75
Bahrain,ALB,35.0,HARD,20.0,23.652866242038222,97.767
Bahrain,ALB,36.0,HARD,21.0,23.652866242038222,100.333
Bahrain,ALB,38.0,HARD,2.0,23.652866242038222,96.129
Bahrain,ALB,39.0,HARD,3.0,23.652866242038222,95.856
Bahrain,ALB,40.0,HARD,4.0,23.652866242038222,95.723
Bahrain,ALB,41.0,HARD,5.0,23.652866242038222,95.885
Bahrain,ALB,42.0,HARD,6.0,23.652866242038222,95.799
Bahrain,ALB,43.0,HARD,7.0,23.652866242038222,95.766
Bahrain,ALB,44.0,HARD,8.0,23.652866242038222,95.783
Bahrain,ALB,45.0,HARD,9.0,23.652866242038222,95.758
Bahrain,ALB,46.0,HARD,10.0,23.652866242038222,96.008
Bahrain,ALB,47.0,HARD,11.0,23.652866242038222,96.026
Bahrain,ALB,48.0,HARD,12.0,23.652866242038222,96.135
Bahrain,ALB,49.0,HARD,13.0,23.652866242038222,97.102
Bahrain,ALB,50.0,HARD,14.0,23.652866242038222,97.616
Bahrain,ALB,51.0,HARD,15.0,23.652866242038222,97.493
Bahrain,ALB,52.0,HARD,16.0,23.652866242038222,96.218
Bahrain,ALB,53.0,HARD,17.0,23.652866242038222,96.308
Bahrain,ALB,54.0,HARD,18.0,23.652866242038222,96.334
Bahrain,ALB,55.0,HARD,19.0,23.652866242038222,96.593
Bahrain,ALB,56.0,HARD,20.0,23.652866242038222,96.922
Bahrain,HUL,3.0,HARD,2.0,23.652866242038222,97.317
Bahrain,HUL,4.0,HARD,3.0,23.652866242038222,97.349
Bahrain,HUL,5.0,HARD,4.0,23.652866242038222,97.663
Bahrain,HUL,6.0,HARD,5.0,23.652866242038222,97.896
Bahrain,HUL,7.0,HARD,6.0,23.652866242038222,97.682
Bahrain,HUL,8.0,HARD,7.0,23.652866242038222,97.82
Bahrain,HUL,9.0,HARD,8.0,23.652866242038222,97.883
Bahrain,HUL,10.0,HARD,9.0,23.652866242038222,98.37
Bahrain,HUL,11.0,HARD,10.0,23.652866242038222,97.638
Bahrain,HUL,12.0,HARD,11.0,23.652866242038222,97.706
Bahrain,HUL,13.0,HARD,12.0,23.652866242038222,97.801
Bahrain,HUL,14.0,HARD,13.0,23.652866242038222,97.879
Bahrain,HUL,15.0,HARD,14.0,23.652866242038222,98.11
Bahrain,HUL,16.0,HARD,15.0,23.652866242038222,97.796
Bahrain,HUL,17.0,HARD,16.0,23.652866242038222,97.891
Bahrain,HUL,18.0,HARD,17.0,23.652866242038222,98.216
Bahrain,HUL,19.0,HARD,18.0,23.652866242038222,97.862
Bahrain,HUL,20.0,HARD,19.0,23.652866242038222,100.798
Bahrain,HUL,22.0,HARD,2.0,23.652866242038222,96.858
Bahrain,HUL,23.0,HARD,3.0,23.652866242038222,96.725
Bahrain,HUL,24.0,HARD,4.0,23.652866242038222,96.626
Bahrain,HUL,25.0,HARD,5.0,23.652866242038222,96.652
Bahrain,HUL,26.0,HARD,6.0,23.652866242038222,96.548
Bahrain,HUL,27.0,HARD,7.0,23.652866242038222,96.647
Bahrain,HUL,28.0,HARD,8.0,23.652866242038222,97.254
Bahrain,HUL,29.0,HARD,9.0,23.652866242038222,96.837
Bahrain,HUL,30.0,HARD,10.0,23.652866242038222,96.691
Bahrain,HUL,31.0,HARD,11.0,23.652866242038222,96.578
Bahrain,HUL,32.0,HARD,12.0,23.652866242038222,96.935
Bahrain,HUL,33.0,HARD,13.0,23.652866242038222,96.784
Bahrain,HUL,34.0,HARD,14.0,23.652866242038222,96.692
Bahrain,HUL,35.0,HARD,15.0,23.652866242038222,96.959
Bahrain,HUL,36.0,HARD,16.0,23.652866242038222,96.795
Bahrain,HUL,37.0,HARD,17.0,23.652866242038222,96.723
Bahrain,HUL,38.0,HARD,18.0,23.652866242038222,100.083
Bahrain,HUL,39.0,HARD,19.0,23.652866242038222,97.476
Bahrain,HUL,40.0,HARD,20.0,23.652866242038222,97.088
Bahrain,HUL,41.0,HARD,21.0,23.652866242038222,99.569
Bahrain,HUL,43.0,SOFT,3.0,23.652866242038222,95.76
Bahrain,HUL,44.0,SOFT,4.0,23.652866242038222,95.59
Bahrain,HUL,45.0,SOFT,5.0,23.652866242038222,95.119
Bahrain,HUL,46.0,SOFT,6.0,23.652866242038222,94.834
Bahrain,HUL,47.0,SOFT,7.0,23.652866242038222,95.226
Bahrain,HUL,48.0,SOFT,8.0,23.652866242038222,95.146
Bahrain,HUL,49.0,SOFT,9.0,23.652866242038222,95.494
Bahrain,HUL,50.0,SOFT,10.0,23.652866242038222,95.167
Bahrain,HUL,51.0,SOFT,11.0,23.652866242038222,95.529
Bahrain,HUL,52.0,SOFT,12.0,23.652866242038222,95.921
Bahrain,HUL,53.0,SOFT,13.0,23.652866242038222,95.994
Bahrain,HUL,54.0,SOFT,14.0,23.652866242038222,95.786
Bahrain,HUL,55.0,SOFT,15.0,23.652866242038222,95.736
Bahrain,HUL,56.0,SOFT,16.0,23.652866242038222,95.602
Bahrain,OCO,2.0,SOFT,2.0,23.652866242038222,99.094
Bahrain,OCO,3.0,SOFT,3.0,23.652866242038222,98.771
Bahrain,OCO,4.0,SOFT,4.0,23.652866242038222,98.625
Bahrain,OCO,5.0,SOFT,5.0,23.652866242038222,98.64
Bahrain,OCO,6.0,SOFT,6.0,23.652866242038222,98.874
Bahrain,OCO,7.0,SOFT,7.0,23.652866242038222,99.152
Bahrain,OCO,8.0,SOFT,8.0,23.652866242038222,99.422
Bahrain,OCO,9.0,SOFT,9.0,23.652866242038222,99.312
Bahrain,OCO,10.0,SOFT,10.0,23.652866242038222,101.642
Bahrain,OCO,12.0,HARD,2.0,23.652866242038222,97.599
Bahrain,OCO,13.0,HARD,3.0,23.652866242038222,97.363
Bahrain,OCO,14.0,HARD,4.0,23.652866242038222,97.537
Bahrain,OCO,15.0,HARD,5.0,23.652866242038222,97.843
Bahrain,OCO,16.0,HARD,6.0,23.652866242038222,97.902
Bahrain,OCO,17.0,HARD,7.0,23.652866242038222,98.911
Bahrain,OCO,18.0,HARD,8.0,23.652866242038222,98.12
Bahrain,OCO,19.0,HARD,9.0,23.652866242038222,98.332
Bahrain,OCO,20.0,HARD,10.0,23.652866242038222,98.185
Bahrain,OCO,21.0,HARD,11.0,23.652866242038222,99.363
Bahrain,OCO,22.0,HARD,12.0,23.652866242038222,98.655
Bahrain,OCO,23.0,HARD,13.0,23.652866242038222,98.407
Bahrain,OCO,24.0,HARD,14.0,23.652866242038222,98.42
Bahrain,OCO,25.0,HARD,15.0,23.652866242038222,98.494
Bahrain,OCO,26.0,HARD,16.0,23.652866242038222,98.665
Bahrain,OCO,27.0,HARD,17.0,23.652866242038222,98.549
Bahrain,OCO,28.0,HARD,18.0,23.652866242038222,98.372
Bahrain,OCO,29.0,HARD,19.0,23.652866242038222,98.556
Bahrain,OCO,30.0,HARD,20.0,23.652866242038222,101.21
Bahrain,OCO,32.0,HARD,2.0,23.652866242038222,96.887
Bahrain,OCO,33.0,HARD,3.0,23.652866242038222,96.704
Bahrain,OCO,34.0,HARD,4.0,23.652866242038222,96.226
Bahrain,OCO,35.0,HARD,5.0,23.652866242038222,96.354
Bahrain,OCO,36.0,HARD,6.0,23.652866242038222,97.229
Bahrain,OCO,37.0,HARD,7.0,23.652866242038222,96.58
Bahrain,OCO,38.0,HARD,8.0,23.652866242038222,96.814
Bahrain,OCO,39.0,HARD,9.0,23.652866242038222,96.552
Bahrain,OCO,40.0,HARD,10.0,23.652866242038222,96.608
Bahrain,OCO,41.0,HARD,11.0,23.652866242038222,96.621
Bahrain,OCO,42.0,HARD,12.0,23.652866242038222,96.592
Bahrain,OCO,43.0,HARD,13.0,23.652866242038222,96.679
Bahrain,OCO,44.0,HARD,14.0,23.652866242038222,96.649
Bahrain,OCO,45.0,HARD,15.0,23.652866242038222,98.049
Bahrain,OCO,46.0,HARD,16.0,23.652866242038222,96.975
Bahrain,OCO,47.0,HARD,17.0,23.652866242038222,96.656
Bahrain,OCO,48.0,HARD,18.0,23.652866242038222,97.117
Bahrain,OCO,49.0,HARD,19.0,23.652866242038222,97.726
Bahrain,OCO,50.0,HARD,20.0,23.652866242038222,97.784
Bahrain,OCO,51.0,HARD,21.0,23.652866242038222,97.091
Bahrain,OCO,52.0,HARD,22.0,23.652866242038222,98.631
Bahrain,OCO,53.0,HARD,23.0,23.652866242038222,97.145
Bahrain,OCO,54.0,HARD,24.0,23.652866242038222,98.707
Bahrain,OCO,55.0,HARD,25.0,23.652866242038222,97.393
Bahrain,OCO,56.0,HARD,26.0,23.652866242038222,97.415
Bahrain,GAS,2.0,SOFT,2.0,23.652866242038222,99.059
Bahrain,GAS,3.0,SOFT,3.0,23.652866242038222,98.744
Bahrain,GAS,4.0,SOFT,4.0,23.652866242038222,98.503
Bahrain,GAS,5.0,SOFT,5.0,23.652866242038222,98.664
Bahrain,GAS,6.0,SOFT,6.0,23.652866242038222,99.099
Bahrain,GAS,7.0,SOFT,7.0,23.652866242038222,99.078
Bahrain,GAS,8.0,SOFT,8.0,23.652866242038222,99.287
Bahrain,GAS,9.0,SOFT,9.0,23.652866242038222,99.452
Bahrain,GAS,10.0,SOFT,10.0,23.652866242038222,98.929
Bahrain,GAS,11.0,SOFT,11.0,23.652866242038222,98.656
Bahrain,GAS,12.0,SOFT,12.0,23.652866242038222,101.456
Bahrain,GAS,14.0,HARD,2.0,23.652866242038222,97.689
Bahrain,GAS,15.0,HARD,3.0,23.652866242038222,97.492
Bahrain,GAS,16.0,HARD,4.0,23.652866242038222,97.521
Bahrain,GAS,17.0,HARD,5.0,23.652866242038222,97.949
Bahrain,GAS,18.0,HARD,6.0,23.652866242038222,97.791
Bahrain,GAS,19.0,HARD,7.0,23.652866242038222,97.702
Bahrain,GAS,20.0,HARD,8.0,23.652866242038222,98.036
Bahrain,GAS,21.0,HARD,9.0,23.652866242038222,98.094
Bahrain,GAS,22.0,HARD,10.0,23.652866242038222,97.868
Bahrain,GAS,23.0,HARD,11.0,23.652866242038222,98.104
Bahrain,GAS,24.0,HARD,12.0,23.652866242038222,98.192
Bahrain,GAS,25.0,HARD,13.0,23.652866242038222,98.16
Bahrain,GAS,26.0,HARD,14.0,23.652866242038222,98.379
Bahrain,GAS,27.0,HARD,15.0,23.652866242038222,98.4
Bahrain,GAS,28.0,HARD,16.0,23.652866242038222,98.615
Bahrain,GAS,29.0,HARD,17.0,23.652866242038222,98.55
Bahrain,GAS,30.0,HARD,18.0,23.652866242038222,98.832
Bahrain,GAS,31.0,HARD,19.0,23.652866242038222,100.432
Bahrain,GAS,33.0,HARD,2.0,23.652866242038222,96.112
Bahrain,GAS,34.0,HARD,3.0,23.652866242038222,96.622
Bahrain,GAS,35.0,HARD,4.0,23.652866242038222,96.313
Bahrain,GAS,36.0,HARD,5.0,23.652866242038222,96.45
Bahrain,GAS,37.0,HARD,6.0,23.652866242038222,96.629
Bahrain,GAS,38.0,HARD,7.0,23.652866242038222,96.802
Bahrain,GAS,39.0,HARD,8.0,23.652866242038222,96.537
Bahrain,GAS,40.0,HARD,9.0,23.652866242038222,96.742
Bahrain,GAS,41.0,HARD,10.0,23.652866242038222,96.571
Bahrain,GAS,42.0,HARD,11.0,23.652866242038222,96.631
Bahrain,GAS,43.0,HARD,12.0,23.652866242038222,99.291
Bahrain,GAS,45.0,SOFT,2.0,23.652866242038222,94.805
Bahrain,GAS,46.0,SOFT,3.0,23.652866242038222,95.293
Bahrain,GAS,47.0,SOFT,4.0,23.652866242038222,95.341
Bahrain,GAS,48.0,SOFT,5.0,23.652866242038222,95.411
Bahrain,GAS,49.0,SOFT,6.0,23.652866242038222,95.511
Bahrain,GAS,50.0,SOFT,7.0,23.652866242038222,95.228
Bahrain,GAS,51.0,SOFT,8.0,23.652866242038222,95.334
Bahrain,GAS,52.0,SOFT,9.0,23.652866242038222,95.511
Bahrain,GAS,53.0,SOFT,10.0,23.652866242038222,95.389
Bahrain,GAS,54.0,SOFT,11.0,23.652866242038222,95.853
Bahrain,GAS,55.0,SOFT,12.0,23.652866242038222,95.908
Bahrain,GAS,56.0,SOFT,13.0,23.652866242038222,96.086
Bahrain,BOT,2.0,SOFT,2.0,23.652866242038222,98.259
Bahrain,BOT,3.0,SOFT,3.0,23.652866242038222,98.837
Bahrain,BOT,4.0,SOFT,4.0,23.652866242038222,98.643
Bahrain,BOT,5.0,SOFT,5.0,23.652866242038222,100.087
Bahrain,BOT,6.0,SOFT,6.0,23.652866242038222,99.206
Bahrain,BOT,7.0,SOFT,7.0,23.652866242038222,98.654
Bahrain,BOT,8.0,SOFT,8.0,23.652866242038222,98.968
Bahrain,BOT,9.0,SOFT,9.0,23.652866242038222,99.425
Bahrain,BOT,10.0,SOFT,10.0,23.652866242038222,99.112
Bahrain,BOT,11.0,SOFT,11.0,23.652866242038222,99.187
Bahrain,BOT,14.0,HARD,2.0,23.652866242038222,96.454
Bahrain,BOT,15.0,HARD,3.0,23.652866242038222,97.287
Bahrain,BOT,16.0,HARD,4.0,23.652866242038222,97.718
Bahrain,BOT,17.0,HARD,5.0,23.652866242038222,97.765
Bahrain,BOT,18.0,HARD,6.0,23.652866242038222,97.918
Bahrain,BOT,19.0,HARD,7.0,23.652866242038222,97.662
Bahrain,BOT,20.0,HARD,8.0,23.652866242038222,98.285
Bahrain,BOT,21.0,HARD,9.0,23.652866242038222,97.73
Bahrain,BOT,22.0,HARD,10.0,23.652866242038222,97.998
Bahrain,BOT,23.0,HARD,11.0,23.652866242038222,98.18
Bahrain,BOT,24.0,HARD,12.0,23.652866242038222,98.146
Bahrain,BOT,25.0,HARD,13.0,23.652866242038222,98.262
Bahrain,BOT,26.0,HARD,14.0,23.652866242038222,98.308
Bahrain,BOT,27.0,HARD,15.0,23.652866242038222,98.426
Bahrain,BOT,28.0,HARD,16.0,23.652866242038222,98.595
Bahrain,BOT,29.0,HARD,17.0,23.652866242038222,98.654
Bahrain,BOT,30.0,HARD,18.0,23.652866242038222,101.252
Bahrain,BOT,32.0,HARD,2.0,23.652866242038222,96.763
Bahrain,BOT,33.0,HARD,3.0,23.652866242038222,96.202
Bahrain,BOT,34.0,HARD,4.0,23.652866242038222,98.009
Bahrain,BOT,35.0,HARD,5.0,23.652866242038222,96.578
Bahrain,BOT,36.0,HARD,6.0,23.652866242038222,96.792
Bahrain,BOT,37.0,HARD,7.0,23.652866242038222,98.008
Bahrain,BOT,38.0,HARD,8.0,23.652866242038222,97.774
Bahrain,BOT,39.0,HARD,9.0,23.652866242038222,97.189
Bahrain,BOT,40.0,HARD,10.0,23.652866242038222,97.393
Bahrain,BOT,41.0,HARD,11.0,23.652866242038222,96.437
Bahrain,BOT,42.0,HARD,12.0,23.652866242038222,96.374
Bahrain,BOT,43.0,HARD,13.0,23.652866242038222,96.569
Bahrain,BOT,44.0,HARD,14.0,23.652866242038222,96.63
Bahrain,BOT,45.0,HARD,15.0,23.652866242038222,96.663
Bahrain,BOT,46.0,HARD,16.0,23.652866242038222,96.297
Bahrain,BOT,47.0,HARD,17.0,23.652866242038222,96.604
Bahrain,BOT,48.0,HARD,18.0,23.652866242038222,96.765
Bahrain,BOT,49.0,HARD,19.0,23.652866242038222,96.91
Bahrain,BOT,50.0,HARD,20.0,23.652866242038222,96.91
Bahrain,BOT,51.0,HARD,21.0,23.652866242038222,96.819
Bahrain,BOT,52.0,HARD,22.0,23.652866242038222,96.949
Bahrain,BOT,53.0,HARD,23.0,23.652866242038222,99.035
Bahrain,BOT,54.0,HARD,24.0,23.652866242038222,97.095
Bahrain,BOT,55.0,HARD,25.0,23.652866242038222,97.205
Bahrain,BOT,56.0,HARD,26.0,23.652866242038222,97.956
Bahrain,SAR,2.0,SOFT,2.0,23.652866242038222,98.481
Bahrain,SAR,3.0,SOFT,3.0,23.652866242038222,98.707
Bahrain,SAR,4.0,SOFT,4.0,23.652866242038222,98.39
Bahrain,SAR,5.0,SOFT,5.0,23.652866242038222,98.757
Bahrain,SAR,6.0,SOFT,6.0,23.652866242038222,98.582
Bahrain,SAR,7.0,SOFT,7.0,23.652866242038222,99.464
Bahrain,SAR,8.0,SOFT,8.0,23.652866242038222,99.58
Bahrain,SAR,9.0,SOFT,9.0,23.652866242038222,99.366
Bahrain,SAR,12.0,HARD,2.0,23.652866242038222,98.493
Bahrain,SAR,13.0,HARD,3.0,23.652866242038222,100.989
Bahrain,SAR,14.0,HARD,4.0,23.652866242038222,101.47
Bahrain,SAR,15.0,HARD,5.0,23.652866242038222,97.594
Bahrain,SAR,16.0,HARD,6.0,23.652866242038222,101.37
Bahrain,SAR,17.0,HARD,7.0,23.652866242038222,99.758
Bahrain,SAR,18.0,HARD,8.0,23.652866242038222,98.077
Bahrain,SAR,19.0,HARD,9.0,23.652866242038222,97.742
Bahrain,SAR,20.0,HARD,10.0,23.652866242038222,97.82
Bahrain,SAR,21.0,HARD,11.0,23.652866242038222,98.009
Bahrain,SAR,22.0,HARD,12.0,23.652866242038222,97.728
Bahrain,SAR,23.0,HARD,13.0,23.652866242038222,97.621
Bahrain,SAR,24.0,HARD,14.0,23.652866242038222,99.437
Bahrain,SAR,25.0,HARD,15.0,23.652866242038222,99.093
Bahrain,SAR,26.0,HARD,16.0,23.652866242038222,97.859
Bahrain,SAR,27.0,HARD,17.0,23.652866242038222,98.288
Bahrain,SAR,28.0,HARD,18.0,23.652866242038222,100.535
Bahrain,SAR,30.0,HARD,2.0,23.652866242038222,95.715
Bahrain,SAR,31.0,HARD,3.0,23.652866242038222,96.713
Bahrain,SAR,32.0,HARD,4.0,23.652866242038222,96.563
Bahrain,SAR,33.0,HARD,5.0,23.652866242038222,97.433
Bahrain,SAR,34.0,HARD,6.0,23.652866242038222,96.475
Bahrain,SAR,35.0,HARD,7.0,23.652866242038222,96.859
Bahrain,SAR,36.0,HARD,8.0,23.652866242038222,96.462
Bahrain,SAR,37.0,HARD,9.0,23.652866242038222,96.785
Bahrain,SAR,38.0,HARD,10.0,23.652866242038222,96.732
Bahrain,SAR,39.0,HARD,11.0,23.652866242038222,97.016
Bahrain,SAR,40.0,HARD,12.0,23.652866242038222,99.817
Bahrain,SAR,42.0,SOFT,2.0,23.652866242038222,94.735
Bahrain,SAR,43.0,SOFT,3.0,23.652866242038222,95.001
Bahrain,SAR,44.0,SOFT,4.0,23.652866242038222,95.13
Bahrain,SAR,45.0,SOFT,5.0,23.652866242038222,95.333
Bahrain,SAR,46.0,SOFT,6.0,23.652866242038222,95.939
Bahrain,SAR,47.0,SOFT,7.0,23.652866242038222,96.729
Bahrain,SAR,48.0,SOFT,8.0,23.652866242038222,95.688
Bahrain,SAR,49.0,SOFT,9.0,23.652866242038222,95.59
Bahrain,SAR,50.0,SOFT,10.0,23.652866242038222,95.66
Bahrain,SAR,51.0,SOFT,11.0,23.652866242038222,95.972
Bahrain,SAR,52.0,SOFT,12.0,23.652866242038222,95.987
Bahrain,SAR,53.0,SOFT,13.0,23.652866242038222,96.088
Bahrain,SAR,54.0,SOFT,14.0,23.652866242038222,99.614
Bahrain,SAR,55.0,SOFT,15.0,23.652866242038222,96.209
Austria,RUS,1.0,MEDIUM,1.0,46.420979020979026,74.401
Austria,RUS,2.0,MEDIUM,2.0,46.420979020979026,70.58
Austria,RUS,3.0,MEDIUM,3.0,46.420979020979026,70.441
Austria,RUS,4.0,MEDIUM,4.0,46.420979020979026,70.467
Austria,RUS,5.0,MEDIUM,5.0,46.420979020979026,70.193
Austria,RUS,6.0,MEDIUM,6.0,46.420979020979026,71.033
Austria,RUS,7.0,MEDIUM,7.0,46.420979020979026,70.682
Austria,RUS,8.0,MEDIUM,8.0,46.420979020979026,70.655
Austria,RUS,9.0,MEDIUM,9.0,46.420979020979026,70.628
Austria,RUS,10.0,MEDIUM,10.0,46.420979020979026,71.263
Austria,RUS,11.0,MEDIUM,11.0,46.420979020979026,71.281
Austria,RUS,12.0,MEDIUM,12.0,46.420979020979026,71.135
Austria,RUS,13.0,MEDIUM,13.0,46.420979020979026,71.321
Austria,RUS,14.0,MEDIUM,14.0,46.420979020979026,71.44
Austria,RUS,15.0,MEDIUM,15.0,46.420979020979026,71.471
Austria,RUS,16.0,MEDIUM,16.0,46.420979020979026,71.382
Austria,RUS,17.0,MEDIUM,17.0,46.420979020979026,71.459
Austria,RUS,18.0,MEDIUM,18.0,46.420979020979026,71.297
Austria,RUS,19.0,MEDIUM,19.0,46.420979020979026,71.569
Austria,RUS,20.0,MEDIUM,20.0,46.420979020979026,71.531
Austria,RUS,21.0,MEDIUM,21.0,46.420979020979026,71.641
Austria,RUS,22.0,MEDIUM,22.0,46.420979020979026,75.077
Austria,RUS,24.0,MEDIUM,2.0,46.420979020979026,69.563
Austria,RUS,25.0,MEDIUM,3.0,46.420979020979026,69.792
Austria,RUS,26.0,MEDIUM,4.0,46.420979020979026,70.037
Austria,RUS,27.0,MEDIUM,5.0,46.420979020979026,69.864
Austria,RUS,28.0,MEDIUM,6.0,46.420979020979026,70.085
Austria,RUS,29.0,MEDIUM,7.0,46.420979020979026,70.157
Austria,RUS,30.0,MEDIUM,8.0,46.420979020979026,70.18
Austria,RUS,31.0,MEDIUM,9.0,46.420979020979026,69.936
Austria,RUS,32.0,MEDIUM,10.0,46.420979020979026,70.219
Austria,RUS,33.0,MEDIUM,11.0,46.420979020979026,70.093
Austria,RUS,34.0,MEDIUM,12.0,46.420979020979026,70.26
Austria,RUS,35.0,MEDIUM,13.0,46.420979020979026,70.524
Austria,RUS,36.0,MEDIUM,14.0,46.420979020979026,70.598
Austria,RUS,37.0,MEDIUM,15.0,46.420979020979026,70.506
Austria,RUS,38.0,MEDIUM,16.0,46.420979020979026,70.64
Austria,RUS,39.0,MEDIUM,17.0,46.420979020979026,70.724
Austria,RUS,40.0,MEDIUM,18.0,46.420979020979026,70.761
Austria,RUS,41.0,MEDIUM,19.0,46.420979020979026,71.167
Austria,RUS,42.0,MEDIUM,20.0,46.420979020979026,70.797
Austria,RUS,43.0,MEDIUM,21.0,46.420979020979026,70.784
Austria,RUS,44.0,MEDIUM,22.0,46.420979020979026,71.385
Austria,RUS,45.0,MEDIUM,23.0,46.420979020979026,71.402
Austria,RUS,46.0,MEDIUM,24.0,46.420979020979026,75.687
Austria,RUS,48.0,HARD,2.0,46.420979020979026,69.164
Austria,RUS,49.0,HARD,3.0,46.420979020979026,69.288
Austria,RUS,50.0,HARD,4.0,46.420979020979026,69.342
Austria,RUS,51.0,HARD,5.0,46.420979020979026,69.759
Austria,RUS,52.0,HARD,6.0,46.420979020979026,69.881
Austria,RUS,53.0,HARD,7.0,46.420979020979026,69.872
Austria,RUS,54.0,HARD,8.0,46.420979020979026,70.372
Austria,RUS,55.0,HARD,9.0,46.420979020979026,69.895
Austria,RUS,56.0,HARD,10.0,46.420979020979026,69.711
Austria,RUS,57.0,HARD,11.0,46.420979020979026,70.064
Austria,RUS,58.0,HARD,12.0,46.420979020979026,70.002
Austria,RUS,59.0,HARD,13.0,46.420979020979026,69.961
Austria,RUS,60.0,HARD,14.0,46.420979020979026,70.065
Austria,RUS,61.0,HARD,15.0,46.420979020979026,69.611
Austria,RUS,62.0,HARD,16.0,46.420979020979026,70.05
Austria,RUS,63.0,HARD,17.0,46.420979020979026,70.042
Austria,RUS,64.0,HARD,18.0,46.420979020979026,70.924
Austria,RUS,65.0,HARD,19.0,46.420979020979026,70.278
Austria,RUS,67.0,HARD,21.0,46.420979020979026,69.352
Austria,RUS,68.0,HARD,22.0,46.420979020979026,69.645
Austria,RUS,69.0,HARD,23.0,46.420979020979026,69.747
Austria,RUS,70.0,HARD,24.0,46.420979020979026,69.627
Austria,RUS,71.0,HARD,25.0,46.420979020979026,70.193
Austria,PIA,2.0,MEDIUM,2.0,46.420979020979026,70.541
Austria,PIA,3.0,MEDIUM,3.0,46.420979020979026,70.743
Austria,PIA,4.0,MEDIUM,4.0,46.420979020979026,70.81
Austria,PIA,5.0,MEDIUM,5.0,46.420979020979026,70.607
Austria,PIA,6.0,MEDIUM,6.0,46.420979020979026,71.246
Austria,PIA,7.0,MEDIUM,7.0,46.420979020979026,71.094
Austria,PIA,8.0,MEDIUM,8.0,46.420979020979026,71.351
Austria,PIA,9.0,MEDIUM,9.0,46.420979020979026,71.024
Austria,PIA,10.0,MEDIUM,10.0,46.420979020979026,71.369
Austria,PIA,11.0,MEDIUM,11.0,46.420979020979026,71.394
Austria,PIA,12.0,MEDIUM,12.0,46.420979020979026,71.153
Austria,PIA,13.0,MEDIUM,13.0,46.420979020979026,71.3
Austria,PIA,14.0,MEDIUM,14.0,46.420979020979026,71.424
Austria,PIA,15.0,MEDIUM,15.0,46.420979020979026,71.665
Austria,PIA,16.0,MEDIUM,16.0,46.420979020979026,71.484
Austria,PIA,17.0,MEDIUM,17.0,46.420979020979026,71.535
Austria,PIA,18.0,MEDIUM,18.0,46.420979020979026,71.577
Austria,PIA,19.0,MEDIUM,19.0,46.420979020979026,71.753
Austria,PIA,20.0,MEDIUM,20.0,46.420979020979026,71.741
Austria,PIA,21.0,MEDIUM,21.0,46.420979020979026,71.86
Austria,PIA,22.0,MEDIUM,22.0,46.420979020979026,71.366
Austria,PIA,23.0,MEDIUM,23.0,46.420979020979026,71.224
Austria,PIA,24.0,MEDIUM,24.0,46.420979020979026,71.335
Austria,PIA,25.0,MEDIUM,25.0,46.420979020979026,74.343
Austria,PIA,27.0,HARD,2.0,46.420979020979026,70.295
Austria,PIA,28.0,HARD,3.0,46.420979020979026,70.276
Austria,PIA,29.0,HARD,4.0,46.420979020979026,69.985
Austria,PIA,30.0,HARD,5.0,46.420979020979026,70.423
Austria,PIA,31.0,HARD,6.0,46.420979020979026,69.994
Austria,PIA,32.0,HARD,7.0,46.420979020979026,69.767
Austria,PIA,33.0,HARD,8.0,46.420979020979026,69.516
Austria,PIA,34.0,HARD,9.0,46.420979020979026,69.779
Austria,PIA,35.0,HARD,10.0,46.420979020979026,70.238
Austria,PIA,36.0,HARD,11.0,46.420979020979026,70.298
Austria,PIA,37.0,HARD,12.0,46.420979020979026,70.176
Austria,PIA,38.0,HARD,13.0,46.420979020979026,70.401
Austria,PIA,39.0,HARD,14.0,46.420979020979026,70.57
Austria,PIA,40.0,HARD,15.0,46.420979020979026,70.649
Austria,PIA,41.0,HARD,16.0,46.420979020979026,70.729
Austria,PIA,42.0,HARD,17.0,46.420979020979026,71.252
Austria,PIA,43.0,HARD,18.0,46.420979020979026,70.772
Austria,PIA,44.0,HARD,19.0,46.420979020979026,71.217
Austria,PIA,45.0,HARD,20.0,46.420979020979026,70.617
Austria,PIA,46.0,HARD,21.0,46.420979020979026,70.562
Austria,PIA,47.0,HARD,22.0,46.420979020979026,71.024
Austria,PIA,48.0,HARD,23.0,46.420979020979026,70.578
Austria,PIA,49.0,HARD,24.0,46.420979020979026,70.661
Austria,PIA,50.0,HARD,25.0,46.420979020979026,70.517
Austria,PIA,51.0,HARD,26.0,46.420979020979026,73.906
Austria,PIA,53.0,MEDIUM,2.0,46.420979020979026,69.088
Austria,PIA,54.0,MEDIUM,3.0,46.420979020979026,69.014
Austria,PIA,55.0,MEDIUM,4.0,46.420979020979026,68.837
Austria,PIA,56.0,MEDIUM,5.0,46.420979020979026,68.697
Austria,PIA,57.0,MEDIUM,6.0,46.420979020979026,69.048
Austria,PIA,58.0,MEDIUM,7.0,46.420979020979026,69.441
Austria,PIA,59.0,MEDIUM,8.0,46.420979020979026,69.627
Austria,PIA,60.0,MEDIUM,9.0,46.420979020979026,69.616
Austria,PIA,61.0,MEDIUM,10.0,46.420979020979026,69.487
Austria,PIA,62.0,MEDIUM,11.0,46.420979020979026,69.634
Austria,PIA,63.0,MEDIUM,12.0,46.420979020979026,69.986
Austria,PIA,64.0,MEDIUM,13.0,46.420979020979026,69.948
Austria,PIA,65.0,MEDIUM,14.0,46.420979020979026,70.14
Austria,PIA,67.0,MEDIUM,16.0,46.420979020979026,69.532
Austria,PIA,68.0,MEDIUM,17.0,46.420979020979026,69.241
Austria,PIA,69.0,MEDIUM,18.0,46.420979020979026,69.159
Austria,PIA,70.0,MEDIUM,19.0,46.420979020979026,69.989
Austria,PIA,71.0,MEDIUM,20.0,46.420979020979026,69.668
Austria,SAI,1.0,MEDIUM,1.0,46.420979020979026,75.456
Austria,SAI,2.0,MEDIUM,2.0,46.420979020979026,70.719
Austria,SAI,3.0,MEDIUM,3.0,46.420979020979026,70.828
Austria,SAI,4.0,MEDIUM,4.0,46.420979020979026,70.544
Austria,SAI,5.0,MEDIUM,5.0,46.420979020979026,70.401
Austria,SAI,6.0,MEDIUM,6.0,46.420979020979026,70.68
Austria,SAI,7.0,MEDIUM,7.0,46.420979020979026,71.222
Austria,SAI,8.0,MEDIUM,8.0,46.420979020979026,71.137
Austria,SAI,9.0,MEDIUM,9.0,46.420979020979026,70.723
Austria,SAI,10.0,MEDIUM,10.0,46.420979020979026,70.944
Austria,SAI,11.0,MEDIUM,11.0,46.420979020979026,70.839
Austria,SAI,12.0,MEDIUM,12.0,46.420979020979026,71.015
Austria,SAI,13.0,MEDIUM,13.0,46.420979020979026,71.309
Austria,SAI,14.0,MEDIUM,14.0,46.420979020979026,71.357
Austria,SAI,15.0,MEDIUM,15.0,46.420979020979026,71.572
Austria,SAI,16.0,MEDIUM,16.0,46.420979020979026,71.462
Austria,SAI,17.0,MEDIUM,17.0,46.420979020979026,71.706
Austria,SAI,18.0,MEDIUM,18.0,46.420979020979026,71.491
Austria,SAI,19.0,MEDIUM,19.0,46.420979020979026,71.839
Austria,SAI,20.0,MEDIUM,20.0,46.420979020979026,71.712
Austria,SAI,21.0,MEDIUM,21.0,46.420979020979026,71.807
Austria,SAI,22.0,MEDIUM,22.0,46.420979020979026,74.879
Austria,SAI,24.0,HARD,2.0,46.420979020979026,70.011
Austria,SAI,25.0,HARD,3.0,46.420979020979026,69.889
Austria,SAI,26.0,HARD,4.0,46.420979020979026,70.134
Austria,SAI,27.0,HARD,5.0,46.420979020979026,70.239
Austria,SAI,28.0,HARD,6.0,46.420979020979026,70.059
Austria,SAI,29.0,HARD,7.0,46.420979020979026,70.218
Austria,SAI,30.0,HARD,8.0,46.420979020979026,70.327
Austria,SAI,31.0,HARD,9.0,46.420979020979026,70.108
Austria,SAI,32.0,HARD,10.0,46.420979020979026,70.244
Austria,SAI,33.0,HARD,11.0,46.420979020979026,70.141
Austria,SAI,34.0,HARD,12.0,46.420979020979026,70.162
Austria,SAI,35.0,HARD,13.0,46.420979020979026,70.509
Austria,SAI,36.0,HARD,14.0,46.420979020979026,70.473
Austria,SAI,37.0,HARD,15.0,46.420979020979026,70.476
Austria,SAI,38.0,HARD,16.0,46.420979020979026,71.04
Austria,SAI,39.0,HARD,17.0,46.420979020979026,70.842
Austria,SAI,40.0,HARD,18.0,46.420979020979026,70.748
Austria,SAI,41.0,HARD,19.0,46.420979020979026,70.729
Austria,SAI,42.0,HARD,20.0,46.420979020979026,70.906
Austria,SAI,43.0,HARD,21.0,46.420979020979026,70.813
Austria,SAI,44.0,HARD,22.0,46.420979020979026,71.214
Austria,SAI,45.0,HARD,23.0,46.420979020979026,71.081
Austria,SAI,46.0,HARD,24.0,46.420979020979026,71.088
Austria,SAI,47.0,HARD,25.0,46.420979020979026,74.811
Austria,SAI,49.0,MEDIUM,2.0,46.420979020979026,69.555
Austria,SAI,50.0,MEDIUM,3.0,46.420979020979026,69.357
Austria,SAI,51.0,MEDIUM,4.0,46.420979020979026,69.412
Austria,SAI,52.0,MEDIUM,5.0,46.420979020979026,70.099
Austria,SAI,53.0,MEDIUM,6.0,46.420979020979026,69.981
Austria,SAI,54.0,MEDIUM,7.0,46.420979020979026,69.546
Austria,SAI,55.0,MEDIUM,8.0,46.420979020979026,69.464
Austria,SAI,56.0,MEDIUM,9.0,46.420979020979026,69.282
Austria,SAI,57.0,MEDIUM,10.0,46.420979020979026,69.713
Austria,SAI,58.0,MEDIUM,11.0,46.420979020979026,69.921
Austria,SAI,59.0,MEDIUM,12.0,46.420979020979026,70.192
Austria,SAI,60.0,MEDIUM,13.0,46.420979020979026,69.734
Austria,SAI,61.0,MEDIUM,14.0,46.420979020979026,69.92
Austria,SAI,62.0,MEDIUM,15.0,46.420979020979026,69.957
Austria,SAI,63.0,MEDIUM,16.0,46.420979020979026,70.047
Austria,SAI,64.0,MEDIUM,17.0,46.420979020979026,70.02
Austria,SAI,65.0,MEDIUM,18.0,46.420979020979026,71.631
Austria,SAI,67.0,MEDIUM,20.0,46.420979020979026,69.66
Austria,SAI,68.0,MEDIUM,21.0,46.420979020979026,70.381
Austria,SAI,69.0,MEDIUM,22.0,46.420979020979026,69.742
Austria,SAI,70.0,MEDIUM,23.0,46.420979020979026,69.701
Austria,SAI,71.0,MEDIUM,24.0,46.420979020979026,69.607
Austria,HAM,1.0,MEDIUM,1.0,46.420979020979026,74.84
Austria,HAM,2.0,MEDIUM,2.0,46.420979020979026,70.53
Austria,HAM,3.0,MEDIUM,3.0,46.420979020979026,70.723
Austria,HAM,4.0,MEDIUM,4.0,46.420979020979026,70.621
Austria,HAM,5.0,MEDIUM,5.0,46.420979020979026,70.476
Austria,HAM,6.0,MEDIUM,6.0,46.420979020979026,72.037
Austria,HAM,7.0,MEDIUM,7.0,46.420979020979026,71.198
Austria,HAM,8.0,MEDIUM,8.0,46.420979020979026,71.21
Austria,HAM,9.0,MEDIUM,9.0,46.420979020979026,70.981
Austria,HAM,10.0,MEDIUM,10.0,46.420979020979026,70.997
Austria,HAM,11.0,MEDIUM,11.0,46.420979020979026,71.217
Austria,HAM,12.0,MEDIUM,12.0,46.420979020979026,71.237
Austria,HAM,13.0,MEDIUM,13.0,46.420979020979026,71.354
Austria,HAM,14.0,MEDIUM,14.0,46.420979020979026,71.499
Austria,HAM,15.0,MEDIUM,15.0,46.420979020979026,71.664
Austria,HAM,16.0,MEDIUM,16.0,46.420979020979026,71.515
Austria,HAM,17.0,MEDIUM,17.0,46.420979020979026,71.614
Austria,HAM,18.0,MEDIUM,18.0,46.420979020979026,71.517
Austria,HAM,19.0,MEDIUM,19.0,46.420979020979026,72.152
Austria,HAM,20.0,MEDIUM,20.0,46.420979020979026,71.868
Austria,HAM,21.0,MEDIUM,21.0,46.420979020979026,75.73
Austria,HAM,23.0,HARD,2.0,46.420979020979026,70.131
Austria,HAM,24.0,HARD,3.0,46.420979020979026,70.296
Austria,HAM,25.0,HARD,4.0,46.420979020979026,70.257
Austria,HAM,26.0,HARD,5.0,46.420979020979026,70.374
Austria,HAM,27.0,HARD,6.0,46.420979020979026,70.254
Austria,HAM,28.0,HARD,7.0,46.420979020979026,70.148
Austria,HAM,29.0,HARD,8.0,46.420979020979026,70.171
Austria,HAM,30.0,HARD,9.0,46.420979020979026,70.367
Austria,HAM,31.0,HARD,10.0,46.420979020979026,70.388
Austria,HAM,32.0,HARD,11.0,46.420979020979026,70.566
Austria,HAM,33.0,HARD,12.0,46.420979020979026,70.211
Austria,HAM,34.0,HARD,13.0,46.420979020979026,70.128
Austria,HAM,35.0,HARD,14.0,46.420979020979026,70.566
Austria,HAM,36.0,HARD,15.0,46.420979020979026,70.671
Austria,HAM,37.0,HARD,16.0,46.420979020979026,70.479
Austria,HAM,38.0,HARD,17.0,46.420979020979026,70.677
Austria,HAM,39.0,HARD,18.0,46.420979020979026,70.638
Austria,HAM,40.0,HARD,19.0,46.420979020979026,70.621
Austria,HAM,41.0,HARD,20.0,46.420979020979026,70.997
Austria,HAM,42.0,HARD,21.0,46.420979020979026,70.946
Austria,HAM,43.0,HARD,22.0,46.420979020979026,70.802
Austria,HAM,44.0,HARD,23.0,46.420979020979026,71.331
Austria,HAM,45.0,HARD,24.0,46.420979020979026,70.877
Austria,HAM,46.0,HARD,25.0,46.420979020979026,70.86
Austria,HAM,47.0,HARD,26.0,46.420979020979026,71.283
Austria,HAM,48.0,HARD,27.0,46.420979020979026,71.942
Austria,HAM,49.0,HARD,28.0,46.420979020979026,70.919
Austria,HAM,50.0,HARD,29.0,46.420979020979026,70.941
Austria,HAM,51.0,HARD,30.0,46.420979020979026,71.228
Austria,HAM,52.0,HARD,31.0,46.420979020979026,71.331
Austria,HAM,53.0,HARD,32.0,46.420979020979026,75.339
Austria,HAM,55.0,MEDIUM,2.0,46.420979020979026,69.963
Austria,HAM,56.0,MEDIUM,3.0,46.420979020979026,70.092
Austria,HAM,57.0,MEDIUM,4.0,46.420979020979026,70.044
Austria,HAM,58.0,MEDIUM,5.0,46.420979020979026,69.905
Austria,HAM,59.0,MEDIUM,6.0,46.420979020979026,69.792
Austria,HAM,60.0,MEDIUM,7.0,46.420979020979026,69.81
Austria,HAM,61.0,MEDIUM,8.0,46.420979020979026,69.562
Austria,HAM,62.0,MEDIUM,9.0,46.420979020979026,70.105
Austria,HAM,63.0,MEDIUM,10.0,46.420979020979026,69.637
Austria,HAM,64.0,MEDIUM,11.0,46.420979020979026,69.98
Austria,HAM,65.0,MEDIUM,12.0,46.420979020979026,74.506
Austria,HAM,67.0,MEDIUM,14.0,46.420979020979026,69.592
Austria,HAM,68.0,MEDIUM,15.0,46.420979020979026,69.86
Austria,HAM,69.0,MEDIUM,16.0,46.420979020979026,70.438
Austria,HAM,70.0,MEDIUM,17.0,46.420979020979026,70.645
Austria,HAM,71.0,MEDIUM,18.0,46.420979020979026,70.413
Austria,VER,1.0,MEDIUM,1.0,46.420979020979026,72.05
Austria,VER,2.0,MEDIUM,2.0,46.420979020979026,69.938
Austria,VER,3.0,MEDIUM,3.0,46.420979020979026,69.857
Austria,VER,4.0,MEDIUM,4.0,46.420979020979026,69.903
Austria,VER,5.0,MEDIUM,5.0,46.420979020979026,70.005
Austria,VER,6.0,MEDIUM,6.0,46.420979020979026,70.238
Austria,VER,7.0,MEDIUM,7.0,46.420979020979026,70.22
Austria,VER,8.0,MEDIUM,8.0,46.420979020979026,70.331
Austria,VER,9.0,MEDIUM,9.0,46.420979020979026,70.6
Austria,VER,10.0,MEDIUM,10.0,46.420979020979026,70.596
Austria,VER,11.0,MEDIUM,11.0,46.420979020979026,70.562
Austria,VER,12.0,MEDIUM,12.0,46.420979020979026,70.512
Austria,VER,13.0,MEDIUM,13.0,46.420979020979026,70.955
Austria,VER,14.0,MEDIUM,14.0,46.420979020979026,70.707
Austria,VER,15.0,MEDIUM,15.0,46.420979020979026,71.028
Austria,VER,16.0,MEDIUM,16.0,46.420979020979026,70.957
Austria,VER,17.0,MEDIUM,17.0,46.420979020979026,70.981
Austria,VER,18.0,MEDIUM,18.0,46.420979020979026,71.364
Austria,VER,19.0,MEDIUM,19.0,46.420979020979026,71.515
Austria,VER,20.0,MEDIUM,20.0,46.420979020979026,71.548
Austria,VER,21.0,MEDIUM,21.0,46.420979020979026,71.3
Austria,VER,22.0,MEDIUM,22.0,46.420979020979026,71.549
Austria,VER,23.0,MEDIUM,23.0,46.420979020979026,74.679
Austria,VER,25.0,HARD,2.0,46.420979020979026,69.766
Austria,VER,26.0,HARD,3.0,46.420979020979026,69.506
Austria,VER,27.0,HARD,4.0,46.420979020979026,69.451
Austria,VER,28.0,HARD,5.0,46.420979020979026,69.581
Austria,VER,29.0,HARD,6.0,46.420979020979026,69.696
Austria,VER,30.0,HARD,7.0,46.420979020979026,69.661
Austria,VER,31.0,HARD,8.0,46.420979020979026,69.696
Austria,VER,32.0,HARD,9.0,46.420979020979026,69.576
Austria,VER,33.0,HARD,10.0,46.420979020979026,69.455
Austria,VER,34.0,HARD,11.0,46.420979020979026,69.482
Austria,VER,35.0,HARD,12.0,46.420979020979026,69.958
Austria,VER,36.0,HARD,13.0,46.420979020979026,69.907
Austria,VER,37.0,HARD,14.0,46.420979020979026,70.12
Austria,VER,38.0,HARD,15.0,46.420979020979026,70.143
Austria,VER,39.0,HARD,16.0,46.420979020979026,70.258
Austria,VER,40.0,HARD,17.0,46.420979020979026,70.217
Austria,VER,41.0,HARD,18.0,46.420979020979026,71.114
Austria,VER,42.0,HARD,19.0,46.420979020979026,70.628
Austria,VER,43.0,HARD,20.0,46.420979020979026,70.904
Austria,VER,44.0,HARD,21.0,46.420979020979026,70.479
Austria,VER,45.0,HARD,22.0,46.420979020979026,70.349
Austria,VER,46.0,HARD,23.0,46.420979020979026,70.288
Austria,VER,47.0,HARD,24.0,46.420979020979026,70.658
Austria,VER,48.0,HARD,25.0,46.420979020979026,70.36
Austria,VER,49.0,HARD,26.0,46.420979020979026,70.543
Austria,VER,50.0,HARD,27.0,46.420979020979026,70.738
Austria,VER,51.0,HARD,28.0,46.420979020979026,73.86
Austria,VER,53.0,MEDIUM,5.0,46.420979020979026,68.772
Austria,VER,54.0,MEDIUM,6.0,46.420979020979026,68.789
Austria,VER,55.0,MEDIUM,7.0,46.420979020979026,69.213
Austria,VER,56.0,MEDIUM,8.0,46.420979020979026,68.623
Austria,VER,57.0,MEDIUM,9.0,46.420979020979026,68.975
Austria,VER,58.0,MEDIUM,10.0,46.420979020979026,69.183
Austria,VER,59.0,MEDIUM,11.0,46.420979020979026,70.646
Austria,VER,60.0,MEDIUM,12.0,46.420979020979026,69.399
Austria,VER,61.0,MEDIUM,13.0,46.420979020979026,70.003
Austria,VER,62.0,MEDIUM,14.0,46.420979020979026,69.528
Austria,VER,63.0,MEDIUM,15.0,46.420979020979026,70.412
Austria,VER,67.0,SOFT,6.0,46.420979020979026,71.691
Austria,VER,68.0,SOFT,7.0,46.420979020979026,67.719
Austria,VER,69.0,SOFT,8.0,46.420979020979026,68.321
Austria,VER,70.0,SOFT,9.0,46.420979020979026,68.072
Austria,VER,71.0,SOFT,10.0,46.420979020979026,68.518
Austria,HUL,2.0,MEDIUM,2.0,46.420979020979026,70.217
Austria,HUL,3.0,MEDIUM,3.0,46.420979020979026,70.609
Austria,HUL,4.0,MEDIUM,4.0,46.420979020979026,70.958
Austria,HUL,5.0,MEDIUM,5.0,46.420979020979026,71.026
Austria,HUL,6.0,MEDIUM,6.0,46.420979020979026,71.078
Austria,HUL,7.0,MEDIUM,7.0,46.420979020979026,71.682
Austria,HUL,8.0,MEDIUM,8.0,46.420979020979026,71.677
Austria,HUL,9.0,MEDIUM,9.0,46.420979020979026,71.692
Austria,HUL,10.0,MEDIUM,10.0,46.420979020979026,71.739
Austria,HUL,11.0,MEDIUM,11.0,46.420979020979026,75.111
Austria,HUL,13.0,HARD,2.0,46.420979020979026,70.544
Austria,HUL,14.0,HARD,3.0,46.420979020979026,71.252
Austria,HUL,15.0,HARD,4.0,46.420979020979026,71.117
Austria,HUL,16.0,HARD,5.0,46.420979020979026,71.306
Austria,HUL,17.0,HARD,6.0,46.420979020979026,71.409
Austria,HUL,18.0,HARD,7.0,46.420979020979026,71.664
Austria,HUL,19.0,HARD,8.0,46.420979020979026,71.23
Austria,HUL,20.0,HARD,9.0,46.420979020979026,71.199
Austria,HUL,21.0,HARD,10.0,46.420979020979026,71.421
Austria,HUL,22.0,HARD,11.0,46.420979020979026,71.541
Austria,HUL,23.0,HARD,12.0,46.420979020979026,71.518
Austria,HUL,24.0,HARD,13.0,46.420979020979026,71.189
Austria,HUL,25.0,HARD,14.0,46.420979020979026,71.213
Austria,HUL,26.0,HARD,15.0,46.420979020979026,71.192
Austria,HUL,27.0,HARD,16.0,46.420979020979026,72.233
Austria,HUL,28.0,HARD,17.0,46.420979020979026,71.405
Austria,HUL,29.0,HARD,18.0,46.420979020979026,71.731
Austria,HUL,30.0,HARD,19.0,46.420979020979026,71.636
Austria,HUL,31.0,HARD,20.0,46.420979020979026,71.717
Austria,HUL,32.0,HARD,21.0,46.420979020979026,71.697
Austria,HUL,33.0,HARD,22.0,46.420979020979026,71.689
Austria,HUL,34.0,HARD,23.0,46.420979020979026,71.825
Austria,HUL,35.0,HARD,24.0,46.420979020979026,71.779
Austria,HUL,36.0,HARD,25.0,46.420979020979026,71.823
Austria,HUL,37.0,HARD,26.0,46.420979020979026,71.794
Austria,HUL,38.0,HARD,27.0,46.420979020979026,71.808
Austria,HUL,39.0,HARD,28.0,46.420979020979026,74.884
Austria,HUL,41.0,HARD,2.0,46.420979020979026,72.764
Austria,HUL,42.0,HARD,3.0,46.420979020979026,70.745
Austria,HUL,43.0,HARD,4.0,46.420979020979026,70.492
Austria,HUL,44.0,HARD,5.0,46.420979020979026,70.45
Austria,HUL,45.0,HARD,6.0,46.420979020979026,70.264
Austria,HUL,46.0,HARD,7.0,46.420979020979026,70.5
Austria,HUL,47.0,HARD,8.0,46.420979020979026,70.474
Austria,HUL,48.0,HARD,9.0,46.420979020979026,70.492
Austria,HUL,49.0,HARD,10.0,46.420979020979026,70.848
Austria,HUL,50.0,HARD,11.0,46.420979020979026,70.603
Austria,HUL,51.0,HARD,12.0,46.420979020979026,70.215
Austria,HUL,52.0,HARD,13.0,46.420979020979026,70.404
Austria,HUL,53.0,HARD,14.0,46.420979020979026,70.866
Austria,HUL,54.0,HARD,15.0,46.420979020979026,70.723
Austria,HUL,55.0,HARD,16.0,46.420979020979026,70.577
Austria,HUL,56.0,HARD,17.0,46.420979020979026,70.772
Austria,HUL,57.0,HARD,18.0,46.420979020979026,70.949
Austria,HUL,58.0,HARD,19.0,46.420979020979026,70.703
Austria,HUL,59.0,HARD,20.0,46.420979020979026,70.939
Austria,HUL,60.0,HARD,21.0,46.420979020979026,70.893
Austria,HUL,61.0,HARD,22.0,46.420979020979026,70.669
Austria,HUL,62.0,HARD,23.0,46.420979020979026,70.666
Austria,HUL,63.0,HARD,24.0,46.420979020979026,70.872
Austria,HUL,64.0,HARD,25.0,46.420979020979026,71.177
Austria,HUL,66.0,HARD,27.0,46.420979020979026,75.532
Austria,HUL,67.0,HARD,28.0,46.420979020979026,71.076
Austria,HUL,68.0,HARD,29.0,46.420979020979026,70.567
Austria,HUL,69.0,HARD,30.0,46.420979020979026,70.341
Austria,HUL,70.0,HARD,31.0,46.420979020979026,70.689
Austria,HUL,71.0,HARD,32.0,46.420979020979026,71.633
Austria,PER,2.0,MEDIUM,2.0,46.420979020979026,70.621
Austria,PER,3.0,MEDIUM,3.0,46.420979020979026,70.719
Austria,PER,4.0,MEDIUM,4.0,46.420979020979026,70.791
Austria,PER,5.0,MEDIUM,5.0,46.420979020979026,70.639
Austria,PER,6.0,MEDIUM,6.0,46.420979020979026,71.22
Austria,PER,7.0,MEDIUM,7.0,46.420979020979026,72.481
Austria,PER,8.0,MEDIUM,8.0,46.420979020979026,71.726
Austria,PER,9.0,MEDIUM,9.0,46.420979020979026,71.528
Austria,PER,10.0,MEDIUM,10.0,46.420979020979026,71.606
Austria,PER,11.0,MEDIUM,11.0,46.420979020979026,71.577
Austria,PER,12.0,MEDIUM,12.0,46.420979020979026,71.692
Austria,PER,13.0,MEDIUM,13.0,46.420979020979026,71.582
Austria,PER,14.0,MEDIUM,14.0,46.420979020979026,71.467
Austria,PER,15.0,MEDIUM,15.0,46.420979020979026,71.798
Austria,PER,16.0,MEDIUM,16.0,46.420979020979026,71.94
Austria,PER,17.0,MEDIUM,17.0,46.420979020979026,71.865
Austria,PER,18.0,MEDIUM,18.0,46.420979020979026,71.677
Austria,PER,19.0,MEDIUM,19.0,46.420979020979026,71.944
Austria,PER,20.0,MEDIUM,20.0,46.420979020979026,72.002
Austria,PER,23.0,HARD,2.0,46.420979020979026,70.817
Austria,PER,24.0,HARD,3.0,46.420979020979026,70.492
Austria,PER,25.0,HARD,4.0,46.420979020979026,70.76
Austria,PER,26.0,HARD,5.0,46.420979020979026,70.647
Austria,PER,27.0,HARD,6.0,46.420979020979026,70.525
Austria,PER,28.0,HARD,7.0,46.420979020979026,70.971
Austria,PER,29.0,HARD,8.0,46.420979020979026,70.746
Austria,PER,30.0,HARD,9.0,46.420979020979026,70.693
Austria,PER,31.0,HARD,10.0,46.420979020979026,70.767
Austria,PER,32.0,HARD,11.0,46.420979020979026,70.728
Austria,PER,33.0,HARD,12.0,46.420979020979026,70.571
Austria,PER,34.0,HARD,13.0,46.420979020979026,71.009
Austria,PER,35.0,HARD,14.0,46.420979020979026,70.886
Austria,PER,36.0,HARD,15.0,46.420979020979026,71.001
Austria,PER,37.0,HARD,16.0,46.420979020979026,71.355
Austria,PER,38.0,HARD,17.0,46.420979020979026,71.356
Austria,PER,39.0,HARD,18.0,46.420979020979026,71.456
Austria,PER,40.0,HARD,19.0,46.420979020979026,71.004
Austria,PER,41.0,HARD,20.0,46.420979020979026,71.138
Austria,PER,42.0,HARD,21.0,46.420979020979026,71.171
Austria,PER,43.0,HARD,22.0,46.420979020979026,70.918
Austria,PER,44.0,HARD,23.0,46.420979020979026,71.395
Austria,PER,45.0,HARD,24.0,46.420979020979026,71.338
Austria,PER,46.0,HARD,25.0,46.420979020979026,71.533
Austria,PER,47.0,HARD,26.0,46.420979020979026,71.431
Austria,PER,48.0,HARD,27.0,46.420979020979026,71.74
Austria,PER,49.0,HARD,28.0,46.420979020979026,71.71
Austria,PER,50.0,HARD,29.0,46.420979020979026,71.454
Austria,PER,53.0,MEDIUM,7.0,46.420979020979026,69.717
Austria,PER,54.0,MEDIUM,8.0,46.420979020979026,70.22
Austria,PER,55.0,MEDIUM,9.0,46.420979020979026,70.087
Austria,PER,56.0,MEDIUM,10.0,46.420979020979026,69.694
Austria,PER,57.0,MEDIUM,11.0,46.420979020979026,70.187
Austria,PER,58.0,MEDIUM,12.0,46.420979020979026,70.151
Austria,PER,59.0,MEDIUM,13.0,46.420979020979026,70.614
Austria,PER,60.0,MEDIUM,14.0,46.420979020979026,70.678
Austria,PER,61.0,MEDIUM,15.0,46.420979020979026,70.743
Austria,PER,62.0,MEDIUM,16.0,46.420979020979026,70.457
Austria,PER,63.0,MEDIUM,17.0,46.420979020979026,70.871
Austria,PER,64.0,MEDIUM,18.0,46.420979020979026,71.333
Austria,PER,66.0,MEDIUM,20.0,46.420979020979026,74.584
Austria,PER,67.0,MEDIUM,21.0,46.420979020979026,71.077
Austria,PER,68.0,MEDIUM,22.0,46.420979020979026,70.716
Austria,PER,69.0,MEDIUM,23.0,46.420979020979026,70.4
Austria,PER,70.0,MEDIUM,24.0,46.420979020979026,70.224
Austria,PER,71.0,MEDIUM,25.0,46.420979020979026,71.978
Austria,MAG,2.0,MEDIUM,2.0,46.420979020979026,71.184
Austria,MAG,3.0,MEDIUM,3.0,46.420979020979026,71.051
Austria,MAG,4.0,MEDIUM,4.0,46.420979020979026,71.044
Austria,MAG,5.0,MEDIUM,5.0,46.420979020979026,70.92
Austria,MAG,6.0,MEDIUM,6.0,46.420979020979026,71.213
Austria,MAG,7.0,MEDIUM,7.0,46.420979020979026,71.492
Austria,MAG,8.0,MEDIUM,8.0,46.420979020979026,71.634
Austria,MAG,9.0,MEDIUM,9.0,46.420979020979026,71.593
Austria,MAG,10.0,MEDIUM,10.0,46.420979020979026,75.218
Austria,MAG,12.0,HARD,2.0,46.420979020979026,71.273
Austria,MAG,13.0,HARD,3.0,46.420979020979026,71.965
Austria,MAG,14.0,HARD,4.0,46.420979020979026,70.994
Austria,MAG,15.0,HARD,5.0,46.420979020979026,71.215
Austria,MAG,16.0,HARD,6.0,46.420979020979026,71.411
Austria,MAG,17.0,HARD,7.0,46.420979020979026,71.243
Austria,MAG,18.0,HARD,8.0,46.420979020979026,71.794
Austria,MAG,19.0,HARD,9.0,46.420979020979026,71.565
Austria,MAG,20.0,HARD,10.0,46.420979020979026,71.107
Austria,MAG,21.0,HARD,11.0,46.420979020979026,71.473
Austria,MAG,22.0,HARD,12.0,46.420979020979026,71.905
Austria,MAG,23.0,HARD,13.0,46.420979020979026,71.862
Austria,MAG,24.0,HARD,14.0,46.420979020979026,72.381
Austria,MAG,25.0,HARD,15.0,46.420979020979026,71.693
Austria,MAG,26.0,HARD,16.0,46.420979020979026,71.766
Austria,MAG,27.0,HARD,17.0,46.420979020979026,71.791
Austria,MAG,28.0,HARD,18.0,46.420979020979026,71.903
Austria,MAG,29.0,HARD,19.0,46.420979020979026,72.036
Austria,MAG,30.0,HARD,20.0,46.420979020979026,71.757
Austria,MAG,31.0,HARD,21.0,46.420979020979026,71.628
Austria,MAG,32.0,HARD,22.0,46.420979020979026,71.664
Austria,MAG,33.0,HARD,23.0,46.420979020979026,71.543
Austria,MAG,34.0,HARD,24.0,46.420979020979026,71.83
Austria,MAG,35.0,HARD,25.0,46.420979020979026,71.832
Austria,MAG,36.0,HARD,26.0,46.420979020979026,72.043
Austria,MAG,37.0,HARD,27.0,46.420979020979026,71.815
Austria,MAG,38.0,HARD,28.0,46.420979020979026,75.311
Austria,MAG,40.0,HARD,2.0,46.420979020979026,70.866
Austria,MAG,41.0,HARD,3.0,46.420979020979026,70.755
Austria,MAG,42.0,HARD,4.0,46.420979020979026,70.62
Austria,MAG,43.0,HARD,5.0,46.420979020979026,70.276
Austria,MAG,44.0,HARD,6.0,46.420979020979026,70.419
Austria,MAG,45.0,HARD,7.0,46.420979020979026,70.125
Austria,MAG,46.0,HARD,8.0,46.420979020979026,70.365
Austria,MAG,47.0,HARD,9.0,46.420979020979026,70.879
Austria,MAG,48.0,HARD,10.0,46.420979020979026,70.707
Austria,MAG,49.0,HARD,11.0,46.420979020979026,70.698
Austria,MAG,50.0,HARD,12.0,46.420979020979026,70.631
Austria,MAG,51.0,HARD,13.0,46.420979020979026,70.848
Austria,MAG,52.0,HARD,14.0,46.420979020979026,70.786
Austria,MAG,53.0,HARD,15.0,46.420979020979026,70.896
Austria,MAG,54.0,HARD,16.0,46.420979020979026,70.905
Austria,MAG,55.0,HARD,17.0,46.420979020979026,70.743
Austria,MAG,56.0,HARD,18.0,46.420979020979026,71.652
Austria,MAG,57.0,HARD,19.0,46.420979020979026,70.778
Austria,MAG,58.0,HARD,20.0,46.420979020979026,71.01
Austria,MAG,59.0,HARD,21.0,46.420979020979026,71.329
Austria,MAG,60.0,HARD,22.0,46.420979020979026,71.114
Austria,MAG,61.0,HARD,23.0,46.420979020979026,71.276
Austria,MAG,62.0,HARD,24.0,46.420979020979026,71.148
Austria,MAG,63.0,HARD,25.0,46.420979020979026,71.075
Austria,MAG,64.0,HARD,26.0,46.420979020979026,71.252
Austria,MAG,66.0,HARD,28.0,46.420979020979026,72.671
Austria,MAG,67.0,HARD,29.0,46.420979020979026,71.116
Austria,MAG,68.0,HARD,30.0,46.420979020979026,70.945
Austria,MAG,69.0,HARD,31.0,46.420979020979026,70.808
Austria,MAG,70.0,HARD,32.0,46.420979020979026,71.145
Austria,MAG,71.0,HARD,33.0,46.420979020979026,71.388
Austria,RIC,2.0,MEDIUM,2.0,46.420979020979026,71.645
Austria,RIC,3.0,MEDIUM,3.0,46.420979020979026,71.361
Austria,RIC,4.0,MEDIUM,4.0,46.420979020979026,71.195
Austria,RIC,5.0,MEDIUM,5.0,46.420979020979026,71.032
Austria,RIC,6.0,MEDIUM,6.0,46.420979020979026,71.104
Austria,RIC,7.0,MEDIUM,7.0,46.420979020979026,71.398
Austria,RIC,8.0,MEDIUM,8.0,46.420979020979026,71.708
Austria,RIC,9.0,MEDIUM,9.0,46.420979020979026,71.451
Austria,RIC,10.0,MEDIUM,10.0,46.420979020979026,74.904
Austria,RIC,12.0,HARD,2.0,46.420979020979026,71.27
Austria,RIC,13.0,HARD,3.0,46.420979020979026,71.448
Austria,RIC,14.0,HARD,4.0,46.420979020979026,71.507
Austria,RIC,15.0,HARD,5.0,46.420979020979026,71.377
Austria,RIC,16.0,HARD,6.0,46.420979020979026,71.633
Austria,RIC,17.0,HARD,7.0,46.420979020979026,71.376
Austria,RIC,18.0,HARD,8.0,46.420979020979026,71.658
Austria,RIC,19.0,HARD,9.0,46.420979020979026,72.066
Austria,RIC,20.0,HARD,10.0,46.420979020979026,71.375
Austria,RIC,21.0,HARD,11.0,46.420979020979026,71.37
Austria,RIC,22.0,HARD,12.0,46.420979020979026,72.24
Austria,RIC,23.0,HARD,13.0,46.420979020979026,71.394
Austria,RIC,24.0,HARD,14.0,46.420979020979026,71.467
Austria,RIC,25.0,HARD,15.0,46.420979020979026,71.621
Austria,RIC,26.0,HARD,16.0,46.420979020979026,71.663
Austria,RIC,27.0,HARD,17.0,46.420979020979026,71.682
Austria,RIC,28.0,HARD,18.0,46.420979020979026,71.742
Austria,RIC,29.0,HARD,19.0,46.420979020979026,72.013
Austria,RIC,30.0,HARD,20.0,46.420979020979026,71.852
Austria,RIC,31.0,HARD,21.0,46.420979020979026,71.667
Austria,RIC,32.0,HARD,22.0,46.420979020979026,71.929
Austria,RIC,33.0,HARD,23.0,46.420979020979026,71.633
Austria,RIC,34.0,HARD,24.0,46.420979020979026,71.904
Austria,RIC,35.0,HARD,25.0,46.420979020979026,72.009
Austria,RIC,36.0,HARD,26.0,46.420979020979026,72.057
Austria,RIC,37.0,HARD,27.0,46.420979020979026,75.305
Austria,RIC,39.0,HARD,2.0,46.420979020979026,70.788
Austria,RIC,40.0,HARD,3.0,46.420979020979026,70.856
Austria,RIC,41.0,HARD,4.0,46.420979020979026,70.73
Austria,RIC,42.0,HARD,5.0,46.420979020979026,70.594
Austria,RIC,43.0,HARD,6.0,46.420979020979026,70.743
Austria,RIC,44.0,HARD,7.0,46.420979020979026,70.943
Austria,RIC,45.0,HARD,8.0,46.420979020979026,70.828
Austria,RIC,46.0,HARD,9.0,46.420979020979026,70.923
Austria,RIC,47.0,HARD,10.0,46.420979020979026,70.673
Austria,RIC,48.0,HARD,11.0,46.420979020979026,70.646
Austria,RIC,49.0,HARD,12.0,46.420979020979026,70.426
Austria,RIC,50.0,HARD,13.0,46.420979020979026,70.518
Austria,RIC,51.0,HARD,14.0,46.420979020979026,71.048
Austria,RIC,52.0,HARD,15.0,46.420979020979026,70.939
Austria,RIC,53.0,HARD,16.0,46.420979020979026,71.896
Austria,RIC,54.0,HARD,17.0,46.420979020979026,70.869
Austria,RIC,55.0,HARD,18.0,46.420979020979026,70.875
Austria,RIC,56.0,HARD,19.0,46.420979020979026,70.56
Austria,RIC,57.0,HARD,20.0,46.420979020979026,70.616
Austria,RIC,58.0,HARD,21.0,46.420979020979026,70.91
Austria,RIC,59.0,HARD,22.0,46.420979020979026,70.907
Austria,RIC,60.0,HARD,23.0,46.420979020979026,70.581
Austria,RIC,61.0,HARD,24.0,46.420979020979026,70.929
Austria,RIC,62.0,HARD,25.0,46.420979020979026,71.048
Austria,RIC,63.0,HARD,26.0,46.420979020979026,71.276
Austria,RIC,64.0,HARD,27.0,46.420979020979026,71.574
Austria,RIC,66.0,HARD,29.0,46.420979020979026,71.683
Austria,RIC,67.0,HARD,30.0,46.420979020979026,71.068
Austria,RIC,68.0,HARD,31.0,46.420979020979026,70.652
Austria,RIC,69.0,HARD,32.0,46.420979020979026,70.792
Austria,RIC,70.0,HARD,33.0,46.420979020979026,71.125
Austria,RIC,71.0,HARD,34.0,46.420979020979026,71.38
Austria,GAS,2.0,MEDIUM,2.0,46.420979020979026,71.383
Austria,GAS,3.0,MEDIUM,3.0,46.420979020979026,71.19
Austria,GAS,4.0,MEDIUM,4.0,46.420979020979026,71.045
Austria,GAS,5.0,MEDIUM,5.0,46.420979020979026,71.011
Austria,GAS,6.0,MEDIUM,6.0,46.420979020979026,71.138
Austria,GAS,7.0,MEDIUM,7.0,46.420979020979026,71.513
Austria,GAS,8.0,MEDIUM,8.0,46.420979020979026,71.679
Austria,GAS,9.0,MEDIUM,9.0,46.420979020979026,71.509
Austria,GAS,10.0,MEDIUM,10.0,46.420979020979026,72.132
Austria,GAS,11.0,MEDIUM,11.0,46.420979020979026,71.94
Austria,GAS,12.0,MEDIUM,12.0,46.420979020979026,71.956
Austria,GAS,13.0,MEDIUM,13.0,46.420979020979026,71.705
Austria,GAS,14.0,MEDIUM,14.0,46.420979020979026,71.921
Austria,GAS,15.0,MEDIUM,15.0,46.420979020979026,72.089
Austria,GAS,16.0,MEDIUM,16.0,46.420979020979026,72.38
Austria,GAS,17.0,MEDIUM,17.0,46.420979020979026,72.368
Austria,GAS,18.0,MEDIUM,18.0,46.420979020979026,72.449
Austria,GAS,19.0,MEDIUM,19.0,46.420979020979026,72.472
Austria,GAS,20.0,MEDIUM,20.0,46.420979020979026,75.809
Austria,GAS,22.0,HARD,2.0,46.420979020979026,71.212
Austria,GAS,23.0,HARD,3.0,46.420979020979026,71.075
Austria,GAS,24.0,HARD,4.0,46.420979020979026,70.917
Austria,GAS,25.0,HARD,5.0,46.420979020979026,70.725
Austria,GAS,26.0,HARD,6.0,46.420979020979026,71.163
Austria,GAS,27.0,HARD,7.0,46.420979020979026,71.343
Austria,GAS,28.0,HARD,8.0,46.420979020979026,71.223
Austria,GAS,29.0,HARD,9.0,46.420979020979026,71.727
Austria,GAS,30.0,HARD,10.0,46.420979020979026,71.535
Austria,GAS,31.0,HARD,11.0,46.420979020979026,71.789
Austria,GAS,32.0,HARD,12.0,46.420979020979026,71.928
Austria,GAS,33.0,HARD,13.0,46.420979020979026,71.814
Austria,GAS,34.0,HARD,14.0,46.420979020979026,71.91
Austria,GAS,35.0,HARD,15.0,46.420979020979026,72.924
Austria,GAS,36.0,HARD,16.0,46.420979020979026,71.622
Austria,GAS,37.0,HARD,17.0,46.420979020979026,71.641
Austria,GAS,38.0,HARD,18.0,46.420979020979026,71.399
Austria,GAS,39.0,HARD,19.0,46.420979020979026,71.778
Austria,GAS,40.0,HARD,20.0,46.420979020979026,71.817
Austria,GAS,41.0,HARD,21.0,46.420979020979026,71.965
Austria,GAS,42.0,HARD,22.0,46.420979020979026,75.358
Austria,GAS,44.0,MEDIUM,2.0,46.420979020979026,69.613
Austria,GAS,45.0,MEDIUM,3.0,46.420979020979026,69.609
Austria,GAS,46.0,MEDIUM,4.0,46.420979020979026,70.076
Austria,GAS,47.0,MEDIUM,5.0,46.420979020979026,70.337
Austria,GAS,48.0,MEDIUM,6.0,46.420979020979026,70.565
Austria,GAS,49.0,MEDIUM,7.0,46.420979020979026,70.566
Austria,GAS,50.0,MEDIUM,8.0,46.420979020979026,70.559
Austria,GAS,51.0,MEDIUM,9.0,46.420979020979026,70.594
Austria,GAS,52.0,MEDIUM,10.0,46.420979020979026,70.306
Austria,GAS,53.0,MEDIUM,11.0,46.420979020979026,70.566
Austria,GAS,54.0,MEDIUM,12.0,46.420979020979026,70.821
Austria,GAS,55.0,MEDIUM,13.0,46.420979020979026,70.631
Austria,GAS,56.0,MEDIUM,14.0,46.420979020979026,70.438
Austria,GAS,57.0,MEDIUM,15.0,46.420979020979026,70.488
Austria,GAS,58.0,MEDIUM,16.0,46.420979020979026,70.939
Austria,GAS,59.0,MEDIUM,17.0,46.420979020979026,70.922
Austria,GAS,60.0,MEDIUM,18.0,46.420979020979026,70.594
Austria,GAS,61.0,MEDIUM,19.0,46.420979020979026,71.213
Austria,GAS,62.0,MEDIUM,20.0,46.420979020979026,71.189
Austria,GAS,63.0,MEDIUM,21.0,46.420979020979026,71.493
Austria,GAS,64.0,MEDIUM,22.0,46.420979020979026,71.2
Austria,GAS,66.0,MEDIUM,24.0,46.420979020979026,71.797
Austria,GAS,67.0,MEDIUM,25.0,46.420979020979026,70.894
Austria,GAS,68.0,MEDIUM,26.0,46.420979020979026,70.546
Austria,GAS,69.0,MEDIUM,27.0,46.420979020979026,70.938
Austria,GAS,70.0,MEDIUM,28.0,46.420979020979026,71.159
Austria,GAS,71.0,MEDIUM,29.0,46.420979020979026,71.15
Austria,LEC,3.0,HARD,2.0,46.420979020979026,70.738
Austria,LEC,4.0,HARD,3.0,46.420979020979026,70.326
Austria,LEC,5.0,HARD,4.0,46.420979020979026,70.685
Austria,LEC,6.0,HARD,5.0,46.420979020979026,70.57
Austria,LEC,7.0,HARD,6.0,46.420979020979026,70.88
Austria,LEC,8.0,HARD,7.0,46.420979020979026,70.735
Austria,LEC,9.0,HARD,8.0,46.420979020979026,70.806
Austria,LEC,10.0,HARD,9.0,46.420979020979026,70.879
Austria,LEC,11.0,HARD,10.0,46.420979020979026,71.141
Austria,LEC,12.0,HARD,11.0,46.420979020979026,71.389
Austria,LEC,13.0,HARD,12.0,46.420979020979026,71.459
Austria,LEC,14.0,HARD,13.0,46.420979020979026,72.652
Austria,LEC,15.0,HARD,14.0,46.420979020979026,71.728
Austria,LEC,16.0,HARD,15.0,46.420979020979026,75.204
Austria,LEC,18.0,MEDIUM,2.0,46.420979020979026,71.199
Austria,LEC,19.0,MEDIUM,3.0,46.420979020979026,71.157
Austria,LEC,20.0,MEDIUM,4.0,46.420979020979026,71.041
Austria,LEC,21.0,MEDIUM,5.0,46.420979020979026,70.952
Austria,LEC,22.0,MEDIUM,6.0,46.420979020979026,70.639
Austria,LEC,23.0,MEDIUM,7.0,46.420979020979026,70.5
Austria,LEC,24.0,MEDIUM,8.0,46.420979020979026,70.622
Austria,LEC,25.0,MEDIUM,9.0,46.420979020979026,70.459
Austria,LEC,26.0,MEDIUM,10.0,46.420979020979026,70.309
Austria,LEC,27.0,MEDIUM,11.0,46.420979020979026,70.726
Austria,LEC,28.0,MEDIUM,12.0,46.420979020979026,71.475
Austria,LEC,29.0,MEDIUM,13.0,46.420979020979026,70.795
Austria,LEC,30.0,MEDIUM,14.0,46.420979020979026,70.401
Austria,LEC,31.0,MEDIUM,15.0,46.420979020979026,70.681
Austria,LEC,32.0,MEDIUM,16.0,46.420979020979026,70.736
Austria,LEC,33.0,MEDIUM,17.0,46.420979020979026,74.757
Austria,LEC,35.0,MEDIUM,3.0,46.420979020979026,70.055
Austria,LEC,36.0,MEDIUM,4.0,46.420979020979026,69.894
Austria,LEC,37.0,MEDIUM,5.0,46.420979020979026,70.008
Austria,LEC,38.0,MEDIUM,6.0,46.420979020979026,70.477
Austria,LEC,39.0,MEDIUM,7.0,46.420979020979026,70.143
Austria,LEC,40.0,MEDIUM,8.0,46.420979020979026,70.308
Austria,LEC,41.0,MEDIUM,9.0,46.420979020979026,70.368
Austria,LEC,42.0,MEDIUM,10.0,46.420979020979026,70.118
Austria,LEC,43.0,MEDIUM,11.0,46.420979020979026,70.946
Austria,LEC,44.0,MEDIUM,12.0,46.420979020979026,70.543
Austria,LEC,45.0,MEDIUM,13.0,46.420979020979026,70.193
Austria,LEC,46.0,MEDIUM,14.0,46.420979020979026,70.522
Austria,LEC,47.0,MEDIUM,15.0,46.420979020979026,70.789
Austria,LEC,48.0,MEDIUM,16.0,46.420979020979026,70.595
Austria,LEC,49.0,MEDIUM,17.0,46.420979020979026,70.568
Austria,LEC,50.0,MEDIUM,18.0,46.420979020979026,71.739
Austria,LEC,51.0,MEDIUM,19.0,46.420979020979026,73.925
Austria,LEC,53.0,MEDIUM,8.0,46.420979020979026,70.734
Austria,LEC,54.0,MEDIUM,9.0,46.420979020979026,69.683
Austria,LEC,55.0,MEDIUM,10.0,46.420979020979026,69.584
Austria,LEC,56.0,MEDIUM,11.0,46.420979020979026,69.801
Austria,LEC,57.0,MEDIUM,12.0,46.420979020979026,69.687
Austria,LEC,58.0,MEDIUM,13.0,46.420979020979026,69.649
Austria,LEC,59.0,MEDIUM,14.0,46.420979020979026,70.285
Austria,LEC,60.0,MEDIUM,15.0,46.420979020979026,70.36
Austria,LEC,61.0,MEDIUM,16.0,46.420979020979026,69.931
Austria,LEC,62.0,MEDIUM,17.0,46.420979020979026,69.857
Austria,LEC,63.0,MEDIUM,18.0,46.420979020979026,70.518
Austria,LEC,64.0,MEDIUM,19.0,46.420979020979026,70.092
Austria,LEC,66.0,MEDIUM,21.0,46.420979020979026,69.776
Austria,LEC,67.0,MEDIUM,22.0,46.420979020979026,70.353
Austria,LEC,68.0,MEDIUM,23.0,46.420979020979026,70.413
Austria,LEC,69.0,MEDIUM,24.0,46.420979020979026,70.739
Austria,LEC,70.0,MEDIUM,25.0,46.420979020979026,70.488
Austria,LEC,71.0,MEDIUM,26.0,46.420979020979026,70.256
Austria,OCO,2.0,MEDIUM,2.0,46.420979020979026,71.478
Austria,OCO,3.0,MEDIUM,3.0,46.420979020979026,71.036
Austria,OCO,4.0,MEDIUM,4.0,46.420979020979026,70.919
Austria,OCO,5.0,MEDIUM,5.0,46.420979020979026,71.044
Austria,OCO,6.0,MEDIUM,6.0,46.420979020979026,71.182
Austria,OCO,7.0,MEDIUM,7.0,46.420979020979026,71.587
Austria,OCO,8.0,MEDIUM,8.0,46.420979020979026,71.63
Austria,OCO,9.0,MEDIUM,9.0,46.420979020979026,71.589
Austria,OCO,10.0,MEDIUM,10.0,46.420979020979026,71.884
Austria,OCO,11.0,MEDIUM,11.0,46.420979020979026,71.935
Austria,OCO,12.0,MEDIUM,12.0,46.420979020979026,71.807
Austria,OCO,13.0,MEDIUM,13.0,46.420979020979026,72.137
Austria,OCO,14.0,MEDIUM,14.0,46.420979020979026,72.017
Austria,OCO,15.0,MEDIUM,15.0,46.420979020979026,72.178
Austria,OCO,16.0,MEDIUM,16.0,46.420979020979026,72.263
Austria,OCO,17.0,MEDIUM,17.0,46.420979020979026,72.349
Austria,OCO,18.0,MEDIUM,18.0,46.420979020979026,72.182
Austria,OCO,19.0,MEDIUM,19.0,46.420979020979026,76.146
Austria,OCO,21.0,HARD,2.0,46.420979020979026,71.198
Austria,OCO,22.0,HARD,3.0,46.420979020979026,71.526
Austria,OCO,23.0,HARD,4.0,46.420979020979026,70.86
Austria,OCO,24.0,HARD,5.0,46.420979020979026,70.897
Austria,OCO,25.0,HARD,6.0,46.420979020979026,71.155
Austria,OCO,26.0,HARD,7.0,46.420979020979026,71.193
Austria,OCO,27.0,HARD,8.0,46.420979020979026,71.267
Austria,OCO,28.0,HARD,9.0,46.420979020979026,71.369
Austria,OCO,29.0,HARD,10.0,46.420979020979026,72.031
Austria,OCO,30.0,HARD,11.0,46.420979020979026,71.95
Austria,OCO,31.0,HARD,12.0,46.420979020979026,71.737
Austria,OCO,32.0,HARD,13.0,46.420979020979026,71.938
Austria,OCO,33.0,HARD,14.0,46.420979020979026,71.658
Austria,OCO,34.0,HARD,15.0,46.420979020979026,72.058
Austria,OCO,35.0,HARD,16.0,46.420979020979026,72.553
Austria,OCO,36.0,HARD,17.0,46.420979020979026,71.583
Austria,OCO,37.0,HARD,18.0,46.420979020979026,71.745
Austria,OCO,38.0,HARD,19.0,46.420979020979026,71.375
Austria,OCO,39.0,HARD,20.0,46.420979020979026,71.967
Austria,OCO,40.0,HARD,21.0,46.420979020979026,72.992
Austria,OCO,41.0,HARD,22.0,46.420979020979026,72.323
Austria,OCO,42.0,HARD,23.0,46.420979020979026,71.754
Austria,OCO,43.0,HARD,24.0,46.420979020979026,75.176
Austria,OCO,45.0,MEDIUM,2.0,46.420979020979026,69.649
Austria,OCO,46.0,MEDIUM,3.0,46.420979020979026,69.894
Austria,OCO,47.0,MEDIUM,4.0,46.420979020979026,70.161
Austria,OCO,48.0,MEDIUM,5.0,46.420979020979026,70.225
Austria,OCO,49.0,MEDIUM,6.0,46.420979020979026,70.189
Austria,OCO,50.0,MEDIUM,7.0,46.420979020979026,70.526
Austria,OCO,51.0,MEDIUM,8.0,46.420979020979026,70.93
Austria,OCO,52.0,MEDIUM,9.0,46.420979020979026,70.468
Austria,OCO,53.0,MEDIUM,10.0,46.420979020979026,70.776
Austria,OCO,54.0,MEDIUM,11.0,46.420979020979026,70.459
Austria,OCO,55.0,MEDIUM,12.0,46.420979020979026,70.504
Austria,OCO,56.0,MEDIUM,13.0,46.420979020979026,70.491
Austria,OCO,57.0,MEDIUM,14.0,46.420979020979026,70.762
Austria,OCO,58.0,MEDIUM,15.0,46.420979020979026,71.106
Austria,OCO,59.0,MEDIUM,16.0,46.420979020979026,71.355
Austria,OCO,60.0,MEDIUM,17.0,46.420979020979026,70.962
Austria,OCO,61.0,MEDIUM,18.0,46.420979020979026,72.917
Austria,OCO,62.0,MEDIUM,19.0,46.420979020979026,71.462
Austria,OCO,63.0,MEDIUM,20.0,46.420979020979026,71.545
Austria,OCO,64.0,MEDIUM,21.0,46.420979020979026,71.411
Austria,OCO,66.0,MEDIUM,23.0,46.420979020979026,71.192
Austria,OCO,67.0,MEDIUM,24.0,46.420979020979026,70.886
Austria,OCO,68.0,MEDIUM,25.0,46.420979020979026,70.816
Austria,OCO,69.0,MEDIUM,26.0,46.420979020979026,70.95
Austria,OCO,70.0,MEDIUM,27.0,46.420979020979026,72.052
Austria,OCO,71.0,MEDIUM,28.0,46.420979020979026,70.668
Austria,STR,2.0,MEDIUM,3.0,46.420979020979026,72.248
Austria,STR,3.0,MEDIUM,4.0,46.420979020979026,71.654
Austria,STR,4.0,MEDIUM,5.0,46.420979020979026,71.336
Austria,STR,5.0,MEDIUM,6.0,46.420979020979026,71.416
Austria,STR,6.0,MEDIUM,7.0,46.420979020979026,71.486
Austria,STR,7.0,MEDIUM,8.0,46.420979020979026,71.837
Austria,STR,8.0,MEDIUM,9.0,46.420979020979026,71.701
Austria,STR,9.0,MEDIUM,10.0,46.420979020979026,71.54
Austria,STR,10.0,MEDIUM,11.0,46.420979020979026,71.695
Austria,STR,11.0,MEDIUM,12.0,46.420979020979026,72.093
Austria,STR,12.0,MEDIUM,13.0,46.420979020979026,72.055
Austria,STR,13.0,MEDIUM,14.0,46.420979020979026,72.195
Austria,STR,14.0,MEDIUM,15.0,46.420979020979026,72.029
Austria,STR,15.0,MEDIUM,16.0,46.420979020979026,72.369
Austria,STR,16.0,MEDIUM,17.0,46.420979020979026,72.388
Austria,STR,17.0,MEDIUM,18.0,46.420979020979026,72.581
Austria,STR,18.0,MEDIUM,19.0,46.420979020979026,72.576
Austria,STR,19.0,MEDIUM,20.0,46.420979020979026,72.663
Austria,STR,22.0,MEDIUM,2.0,46.420979020979026,71.25
Austria,STR,23.0,MEDIUM,3.0,46.420979020979026,71.033
Austria,STR,24.0,MEDIUM,4.0,46.420979020979026,71.309
Austria,STR,25.0,MEDIUM,5.0,46.420979020979026,71.478
Austria,STR,26.0,MEDIUM,6.0,46.420979020979026,71.397
Austria,STR,27.0,MEDIUM,7.0,46.420979020979026,71.413
Austria,STR,28.0,MEDIUM,8.0,46.420979020979026,71.464
Austria,STR,29.0,MEDIUM,9.0,46.420979020979026,71.378
Austria,STR,30.0,MEDIUM,10.0,46.420979020979026,71.349
Austria,STR,31.0,MEDIUM,11.0,46.420979020979026,71.344
Austria,STR,32.0,MEDIUM,12.0,46.420979020979026,71.275
Austria,STR,33.0,MEDIUM,13.0,46.420979020979026,71.365
Austria,STR,34.0,MEDIUM,14.0,46.420979020979026,71.625
Austria,STR,35.0,MEDIUM,15.0,46.420979020979026,71.826
Austria,STR,36.0,MEDIUM,16.0,46.420979020979026,72.029
Austria,STR,37.0,MEDIUM,17.0,46.420979020979026,71.884
Austria,STR,38.0,MEDIUM,18.0,46.420979020979026,72.042
Austria,STR,39.0,MEDIUM,19.0,46.420979020979026,72.507
Austria,STR,40.0,MEDIUM,20.0,46.420979020979026,72.3
Austria,STR,41.0,MEDIUM,21.0,46.420979020979026,71.896
Austria,STR,42.0,MEDIUM,22.0,46.420979020979026,71.585
Austria,STR,43.0,MEDIUM,23.0,46.420979020979026,74.734
Austria,STR,45.0,HARD,3.0,46.420979020979026,70.453
Austria,STR,46.0,HARD,4.0,46.420979020979026,70.567
Austria,STR,47.0,HARD,5.0,46.420979020979026,70.435
Austria,STR,48.0,HARD,6.0,46.420979020979026,70.443
Austria,STR,49.0,HARD,7.0,46.420979020979026,70.42
Austria,STR,50.0,HARD,8.0,46.420979020979026,70.52
Austria,STR,51.0,HARD,9.0,46.420979020979026,70.707
Austria,STR,52.0,HARD,10.0,46.420979020979026,70.561
Austria,STR,53.0,HARD,11.0,46.420979020979026,70.565
Austria,STR,54.0,HARD,12.0,46.420979020979026,70.143
Austria,STR,55.0,HARD,13.0,46.420979020979026,72.569
Austria,STR,56.0,HARD,14.0,46.420979020979026,70.437
Austria,STR,57.0,HARD,15.0,46.420979020979026,70.822
Austria,STR,58.0,HARD,16.0,46.420979020979026,70.638
Austria,STR,59.0,HARD,17.0,46.420979020979026,71.099
Austria,STR,60.0,HARD,18.0,46.420979020979026,70.984
Austria,STR,61.0,HARD,19.0,46.420979020979026,70.7
Austria,STR,62.0,HARD,20.0,46.420979020979026,72.102
Austria,STR,63.0,HARD,21.0,46.420979020979026,72.987
Austria,STR,64.0,HARD,22.0,46.420979020979026,71.322
Austria,STR,66.0,HARD,24.0,46.420979020979026,72.255
Austria,STR,67.0,HARD,25.0,46.420979020979026,73.949
Austria,STR,68.0,HARD,26.0,46.420979020979026,70.91
Austria,STR,69.0,HARD,27.0,46.420979020979026,70.935
Austria,STR,70.0,HARD,28.0,46.420979020979026,71.538
Austria,TSU,2.0,MEDIUM,2.0,46.420979020979026,71.613
Austria,TSU,3.0,MEDIUM,3.0,46.420979020979026,71.537
Austria,TSU,4.0,MEDIUM,4.0,46.420979020979026,71.316
Austria,TSU,5.0,MEDIUM,5.0,46.420979020979026,71.406
Austria,TSU,6.0,MEDIUM,6.0,46.420979020979026,71.401
Austria,TSU,7.0,MEDIUM,7.0,46.420979020979026,71.607
Austria,TSU,8.0,MEDIUM,8.0,46.420979020979026,71.722
Austria,TSU,9.0,MEDIUM,9.0,46.420979020979026,71.521
Austria,TSU,10.0,MEDIUM,10.0,46.420979020979026,71.674
Austria,TSU,11.0,MEDIUM,11.0,46.420979020979026,71.8
Austria,TSU,12.0,MEDIUM,12.0,46.420979020979026,71.924
Austria,TSU,13.0,MEDIUM,13.0,46.420979020979026,72.167
Austria,TSU,14.0,MEDIUM,14.0,46.420979020979026,72.095
Austria,TSU,15.0,MEDIUM,15.0,46.420979020979026,72.329
Austria,TSU,16.0,MEDIUM,16.0,46.420979020979026,72.447
Austria,TSU,17.0,MEDIUM,17.0,46.420979020979026,72.463
Austria,TSU,18.0,MEDIUM,18.0,46.420979020979026,72.484
Austria,TSU,19.0,MEDIUM,19.0,46.420979020979026,72.571
Austria,TSU,20.0,MEDIUM,20.0,46.420979020979026,72.652
Austria,TSU,23.0,HARD,2.0,46.420979020979026,71.011
Austria,TSU,24.0,HARD,3.0,46.420979020979026,71.463
Austria,TSU,25.0,HARD,4.0,46.420979020979026,71.534
Austria,TSU,26.0,HARD,5.0,46.420979020979026,71.145
Austria,TSU,27.0,HARD,6.0,46.420979020979026,71.262
Austria,TSU,28.0,HARD,7.0,46.420979020979026,71.281
Austria,TSU,29.0,HARD,8.0,46.420979020979026,71.232
Austria,TSU,30.0,HARD,9.0,46.420979020979026,71.245
Austria,TSU,31.0,HARD,10.0,46.420979020979026,71.128
Austria,TSU,32.0,HARD,11.0,46.420979020979026,71.361
Austria,TSU,33.0,HARD,12.0,46.420979020979026,71.368
Austria,TSU,34.0,HARD,13.0,46.420979020979026,71.754
Austria,TSU,35.0,HARD,14.0,46.420979020979026,71.942
Austria,TSU,36.0,HARD,15.0,46.420979020979026,71.95
Austria,TSU,37.0,HARD,16.0,46.420979020979026,71.94
Austria,TSU,38.0,HARD,17.0,46.420979020979026,71.594
Austria,TSU,39.0,HARD,18.0,46.420979020979026,71.688
Austria,TSU,40.0,HARD,19.0,46.420979020979026,71.737
Austria,TSU,41.0,HARD,20.0,46.420979020979026,71.872
Austria,TSU,42.0,HARD,21.0,46.420979020979026,71.839
Austria,TSU,43.0,HARD,22.0,46.420979020979026,71.859
Austria,TSU,44.0,HARD,23.0,46.420979020979026,75.062
Austria,TSU,46.0,HARD,2.0,46.420979020979026,70.947
Austria,TSU,47.0,HARD,3.0,46.420979020979026,70.809
Austria,TSU,48.0,HARD,4.0,46.420979020979026,70.587
Austria,TSU,49.0,HARD,5.0,46.420979020979026,70.6
Austria,TSU,50.0,HARD,6.0,46.420979020979026,70.556
Austria,TSU,51.0,HARD,7.0,46.420979020979026,70.7
Austria,TSU,52.0,HARD,8.0,46.420979020979026,70.762
Austria,TSU,53.0,HARD,9.0,46.420979020979026,73.342
Austria,TSU,54.0,HARD,10.0,46.420979020979026,70.318
Austria,TSU,55.0,HARD,11.0,46.420979020979026,70.648
Austria,TSU,56.0,HARD,12.0,46.420979020979026,70.621
Austria,TSU,57.0,HARD,13.0,46.420979020979026,71.613
Austria,TSU,58.0,HARD,14.0,46.420979020979026,70.916
Austria,TSU,59.0,HARD,15.0,46.420979020979026,70.879
Austria,TSU,60.0,HARD,16.0,46.420979020979026,70.847
Austria,TSU,61.0,HARD,17.0,46.420979020979026,72.473
Austria,TSU,62.0,HARD,18.0,46.420979020979026,70.964
Austria,TSU,63.0,HARD,19.0,46.420979020979026,74.31
Austria,TSU,64.0,HARD,20.0,46.420979020979026,71.743
Austria,TSU,66.0,HARD,22.0,46.420979020979026,70.914
Austria,TSU,67.0,HARD,23.0,46.420979020979026,70.845
Austria,TSU,68.0,HARD,24.0,46.420979020979026,71.048
Austria,TSU,69.0,HARD,25.0,46.420979020979026,70.785
Austria,TSU,70.0,HARD,26.0,46.420979020979026,71.09
Austria,ALB,2.0,MEDIUM,2.0,46.420979020979026,72.328
Austria,ALB,3.0,MEDIUM,3.0,46.420979020979026,71.489
Austria,ALB,4.0,MEDIUM,4.0,46.420979020979026,71.506
Austria,ALB,5.0,MEDIUM,5.0,46.420979020979026,71.402
Austria,ALB,6.0,MEDIUM,6.0,46.420979020979026,71.389
Austria,ALB,7.0,MEDIUM,7.0,46.420979020979026,71.836
Austria,ALB,8.0,MEDIUM,8.0,46.420979020979026,71.627
Austria,ALB,9.0,MEDIUM,9.0,46.420979020979026,71.446
Austria,ALB,10.0,MEDIUM,10.0,46.420979020979026,71.789
Austria,ALB,11.0,MEDIUM,11.0,46.420979020979026,72.06
Austria,ALB,12.0,MEDIUM,12.0,46.420979020979026,74.616
Austria,ALB,14.0,HARD,2.0,46.420979020979026,71.379
Austria,ALB,15.0,HARD,3.0,46.420979020979026,71.266
Austria,ALB,16.0,HARD,4.0,46.420979020979026,71.342
Austria,ALB,17.0,HARD,5.0,46.420979020979026,71.486
Austria,ALB,18.0,HARD,6.0,46.420979020979026,71.564
Austria,ALB,19.0,HARD,7.0,46.420979020979026,71.602
Austria,ALB,20.0,HARD,8.0,46.420979020979026,71.677
Austria,ALB,21.0,HARD,9.0,46.420979020979026,71.28
Austria,ALB,22.0,HARD,10.0,46.420979020979026,71.653
Austria,ALB,23.0,HARD,11.0,46.420979020979026,72.175
Austria,ALB,24.0,HARD,12.0,46.420979020979026,71.171
Austria,ALB,25.0,HARD,13.0,46.420979020979026,72.308
Austria,ALB,26.0,HARD,14.0,46.420979020979026,71.37
Austria,ALB,27.0,HARD,15.0,46.420979020979026,71.872
Austria,ALB,28.0,HARD,16.0,46.420979020979026,71.931
Austria,ALB,29.0,HARD,17.0,46.420979020979026,71.717
Austria,ALB,30.0,HARD,18.0,46.420979020979026,71.618
Austria,ALB,31.0,HARD,19.0,46.420979020979026,71.888
Austria,ALB,32.0,HARD,20.0,46.420979020979026,71.931
Austria,ALB,33.0,HARD,21.0,46.420979020979026,71.767
Austria,ALB,34.0,HARD,22.0,46.420979020979026,72.038
Austria,ALB,35.0,HARD,23.0,46.420979020979026,72.367
Austria,ALB,36.0,HARD,24.0,46.420979020979026,71.99
Austria,ALB,37.0,HARD,25.0,46.420979020979026,73.504
Austria,ALB,38.0,HARD,26.0,46.420979020979026,71.964
Austria,ALB,41.0,HARD,2.0,46.420979020979026,70.364
Austria,ALB,42.0,HARD,3.0,46.420979020979026,70.736
Austria,ALB,43.0,HARD,4.0,46.420979020979026,71.011
Austria,ALB,44.0,HARD,5.0,46.420979020979026,70.848
Austria,ALB,45.0,HARD,6.0,46.420979020979026,70.649
Austria,ALB,46.0,HARD,7.0,46.420979020979026,70.913
Austria,ALB,47.0,HARD,8.0,46.420979020979026,70.936
Austria,ALB,48.0,HARD,9.0,46.420979020979026,70.661
Austria,ALB,49.0,HARD,10.0,46.420979020979026,70.676
Austria,ALB,50.0,HARD,11.0,46.420979020979026,70.961
Austria,ALB,51.0,HARD,12.0,46.420979020979026,71.146
Austria,ALB,52.0,HARD,13.0,46.420979020979026,70.827
Austria,ALB,53.0,HARD,14.0,46.420979020979026,70.812
Austria,ALB,54.0,HARD,15.0,46.420979020979026,71.922
Austria,ALB,55.0,HARD,16.0,46.420979020979026,72.452
Austria,ALB,56.0,HARD,17.0,46.420979020979026,70.716
Austria,ALB,57.0,HARD,18.0,46.420979020979026,71.095
Austria,ALB,58.0,HARD,19.0,46.420979020979026,71.009
Austria,ALB,59.0,HARD,20.0,46.420979020979026,71.128
Austria,ALB,60.0,HARD,21.0,46.420979020979026,72.202
Austria,ALB,61.0,HARD,22.0,46.420979020979026,71.036
Austria,ALB,62.0,HARD,23.0,46.420979020979026,71.005
Austria,ALB,63.0,HARD,24.0,46.420979020979026,71.929
Austria,ALB,64.0,HARD,25.0,46.420979020979026,73.165
Austria,ALB,66.0,HARD,27.0,46.420979020979026,72.159
Austria,ALB,67.0,HARD,28.0,46.420979020979026,71.206
Austria,ALB,68.0,HARD,29.0,46.420979020979026,70.851
Austria,ALB,69.0,HARD,30.0,46.420979020979026,70.933
Austria,ALB,70.0,HARD,31.0,46.420979020979026,71.437
Austria,BOT,2.0,MEDIUM,2.0,46.420979020979026,72.859
Austria,BOT,3.0,MEDIUM,3.0,46.420979020979026,72.113
Austria,BOT,4.0,MEDIUM,4.0,46.420979020979026,71.571
Austria,BOT,5.0,MEDIUM,5.0,46.420979020979026,72.185
Austria,BOT,6.0,MEDIUM,6.0,46.420979020979026,71.672
Austria,BOT,7.0,MEDIUM,7.0,46.420979020979026,71.773
Austria,BOT,8.0,MEDIUM,8.0,46.420979020979026,71.941
Austria,BOT,9.0,MEDIUM,9.0,46.420979020979026,71.671
Austria,BOT,10.0,MEDIUM,10.0,46.420979020979026,71.756
Austria,BOT,11.0,MEDIUM,11.0,46.420979020979026,71.821
Austria,BOT,12.0,MEDIUM,12.0,46.420979020979026,71.965
Austria,BOT,13.0,MEDIUM,13.0,46.420979020979026,72.069
Austria,BOT,14.0,MEDIUM,14.0,46.420979020979026,72.12
Austria,BOT,15.0,MEDIUM,15.0,46.420979020979026,72.191
Austria,BOT,16.0,MEDIUM,16.0,46.420979020979026,72.754
Austria,BOT,17.0,MEDIUM,17.0,46.420979020979026,72.437
Austria,BOT,18.0,MEDIUM,18.0,46.420979020979026,72.538
Austria,BOT,19.0,MEDIUM,19.0,46.420979020979026,76.062
Austria,BOT,21.0,HARD,2.0,46.420979020979026,71.308
Austria,BOT,22.0,HARD,3.0,46.420979020979026,71.777
Austria,BOT,23.0,HARD,4.0,46.420979020979026,71.607
Austria,BOT,24.0,HARD,5.0,46.420979020979026,71.358
Austria,BOT,25.0,HARD,6.0,46.420979020979026,71.562
Austria,BOT,26.0,HARD,7.0,46.420979020979026,71.128
Austria,BOT,27.0,HARD,8.0,46.420979020979026,71.533
Austria,BOT,28.0,HARD,9.0,46.420979020979026,71.642
Austria,BOT,29.0,HARD,10.0,46.420979020979026,71.633
Austria,BOT,30.0,HARD,11.0,46.420979020979026,71.569
Austria,BOT,31.0,HARD,12.0,46.420979020979026,71.37
Austria,BOT,32.0,HARD,13.0,46.420979020979026,71.459
Austria,BOT,33.0,HARD,14.0,46.420979020979026,71.432
Austria,BOT,34.0,HARD,15.0,46.420979020979026,71.604
Austria,BOT,35.0,HARD,16.0,46.420979020979026,71.653
Austria,BOT,36.0,HARD,17.0,46.420979020979026,71.815
Austria,BOT,37.0,HARD,18.0,46.420979020979026,71.797
Austria,BOT,38.0,HARD,19.0,46.420979020979026,71.921
Austria,BOT,39.0,HARD,20.0,46.420979020979026,72.135
Austria,BOT,40.0,HARD,21.0,46.420979020979026,72.199
Austria,BOT,41.0,HARD,22.0,46.420979020979026,72.103
Austria,BOT,42.0,HARD,23.0,46.420979020979026,75.36
Austria,BOT,44.0,HARD,2.0,46.420979020979026,71.193
Austria,BOT,45.0,HARD,3.0,46.420979020979026,71.074
Austria,BOT,46.0,HARD,4.0,46.420979020979026,71.958
Austria,BOT,47.0,HARD,5.0,46.420979020979026,70.711
Austria,BOT,48.0,HARD,6.0,46.420979020979026,70.449
Austria,BOT,49.0,HARD,7.0,46.420979020979026,70.726
Austria,BOT,50.0,HARD,8.0,46.420979020979026,70.736
Austria,BOT,51.0,HARD,9.0,46.420979020979026,71.229
Austria,BOT,52.0,HARD,10.0,46.420979020979026,72.04
Austria,BOT,53.0,HARD,11.0,46.420979020979026,71.0
Austria,BOT,54.0,HARD,12.0,46.420979020979026,70.902
Austria,BOT,55.0,HARD,13.0,46.420979020979026,70.536
Austria,BOT,56.0,HARD,14.0,46.420979020979026,71.177
Austria,BOT,57.0,HARD,15.0,46.420979020979026,71.473
Austria,BOT,58.0,HARD,16.0,46.420979020979026,72.808
Austria,BOT,59.0,HARD,17.0,46.420979020979026,73.607
Austria,BOT,60.0,HARD,18.0,46.420979020979026,70.778
Austria,BOT,61.0,HARD,19.0,46.420979020979026,71.21
Austria,BOT,62.0,HARD,20.0,46.420979020979026,71.356
Austria,BOT,63.0,HARD,21.0,46.420979020979026,71.812
Austria,BOT,64.0,HARD,22.0,46.420979020979026,71.574
Austria,BOT,66.0,HARD,24.0,46.420979020979026,71.464
Austria,BOT,67.0,HARD,25.0,46.420979020979026,71.11
Austria,BOT,68.0,HARD,26.0,46.420979020979026,71.085
Austria,BOT,69.0,HARD,27.0,46.420979020979026,71.174
Austria,BOT,70.0,HARD,28.0,46.420979020979026,71.022
Austria,ZHO,2.0,HARD,2.0,46.420979020979026,71.66
Austria,ZHO,3.0,HARD,3.0,46.420979020979026,71.793
Austria,ZHO,4.0,HARD,4.0,46.420979020979026,72.269
Austria,ZHO,5.0,HARD,5.0,46.420979020979026,71.779
Austria,ZHO,6.0,HARD,6.0,46.420979020979026,71.973
Austria,ZHO,7.0,HARD,7.0,46.420979020979026,72.045
Austria,ZHO,8.0,HARD,8.0,46.420979020979026,72.089
Austria,ZHO,9.0,HARD,9.0,46.420979020979026,72.16
Austria,ZHO,10.0,HARD,10.0,46.420979020979026,72.335
Austria,ZHO,11.0,HARD,11.0,46.420979020979026,72.068
Austria,ZHO,12.0,HARD,12.0,46.420979020979026,72.397
Austria,ZHO,13.0,HARD,13.0,46.420979020979026,72.211
Austria,ZHO,14.0,HARD,14.0,46.420979020979026,72.337
Austria,ZHO,15.0,HARD,15.0,46.420979020979026,72.239
Austria,ZHO,16.0,HARD,16.0,46.420979020979026,72.441
Austria,ZHO,17.0,HARD,17.0,46.420979020979026,72.852
Austria,ZHO,18.0,HARD,18.0,46.420979020979026,73.866
Austria,ZHO,19.0,HARD,19.0,46.420979020979026,72.597
Austria,ZHO,20.0,HARD,20.0,46.420979020979026,75.649
Austria,ZHO,21.0,HARD,21.0,46.420979020979026,73.624
Austria,ZHO,22.0,HARD,22.0,46.420979020979026,73.307
Austria,ZHO,23.0,HARD,23.0,46.420979020979026,72.674
Austria,ZHO,24.0,HARD,24.0,46.420979020979026,72.726
Austria,ZHO,25.0,HARD,25.0,46.420979020979026,74.091
Austria,ZHO,26.0,HARD,26.0,46.420979020979026,73.839
Austria,ZHO,27.0,HARD,27.0,46.420979020979026,72.905
Austria,ZHO,30.0,MEDIUM,2.0,46.420979020979026,70.915
Austria,ZHO,31.0,MEDIUM,3.0,46.420979020979026,70.713
Austria,ZHO,32.0,MEDIUM,4.0,46.420979020979026,72.217
Austria,ZHO,33.0,MEDIUM,5.0,46.420979020979026,70.748
Austria,ZHO,34.0,MEDIUM,6.0,46.420979020979026,71.224
Austria,ZHO,35.0,MEDIUM,7.0,46.420979020979026,71.692
Austria,ZHO,36.0,MEDIUM,8.0,46.420979020979026,72.638
Austria,ZHO,37.0,MEDIUM,9.0,46.420979020979026,72.234
Austria,ZHO,38.0,MEDIUM,10.0,46.420979020979026,72.77
Austria,ZHO,39.0,MEDIUM,11.0,46.420979020979026,70.987
Austria,ZHO,40.0,MEDIUM,12.0,46.420979020979026,71.298
Austria,ZHO,41.0,MEDIUM,13.0,46.420979020979026,74.79
Austria,ZHO,42.0,MEDIUM,14.0,46.420979020979026,71.54
Austria,ZHO,43.0,MEDIUM,15.0,46.420979020979026,71.821
Austria,ZHO,44.0,MEDIUM,16.0,46.420979020979026,71.336
Austria,ZHO,45.0,MEDIUM,17.0,46.420979020979026,71.291
Austria,ZHO,46.0,MEDIUM,18.0,46.420979020979026,71.231
Austria,ZHO,47.0,MEDIUM,19.0,46.420979020979026,71.714
Austria,ZHO,48.0,MEDIUM,20.0,46.420979020979026,71.663
Austria,ZHO,49.0,MEDIUM,21.0,46.420979020979026,71.385
Austria,ZHO,50.0,MEDIUM,22.0,46.420979020979026,73.529
Austria,ZHO,51.0,MEDIUM,23.0,46.420979020979026,75.549
Austria,ZHO,53.0,HARD,2.0,46.420979020979026,70.726
Austria,ZHO,54.0,HARD,3.0,46.420979020979026,70.47
Austria,ZHO,55.0,HARD,4.0,46.420979020979026,70.809
Austria,ZHO,56.0,HARD,5.0,46.420979020979026,71.042
Austria,ZHO,57.0,HARD,6.0,46.420979020979026,71.155
Austria,ZHO,58.0,HARD,7.0,46.420979020979026,71.225
Austria,ZHO,59.0,HARD,8.0,46.420979020979026,70.977
Austria,ZHO,60.0,HARD,9.0,46.420979020979026,70.765
Austria,ZHO,61.0,HARD,10.0,46.420979020979026,70.976
Austria,ZHO,62.0,HARD,11.0,46.420979020979026,71.06
Austria,ZHO,63.0,HARD,12.0,46.420979020979026,71.171
Austria,ZHO,66.0,HARD,15.0,46.420979020979026,71.016
Austria,ZHO,67.0,HARD,16.0,46.420979020979026,70.958
Austria,ZHO,68.0,HARD,17.0,46.420979020979026,71.114
Austria,ZHO,69.0,HARD,18.0,46.420979020979026,70.769
Austria,ZHO,70.0,HARD,19.0,46.420979020979026,70.777
Austria,ALO,2.0,MEDIUM,5.0,46.420979020979026,72.316
Austria,ALO,3.0,MEDIUM,6.0,46.420979020979026,71.424
Austria,ALO,4.0,MEDIUM,7.0,46.420979020979026,71.555
Austria,ALO,5.0,MEDIUM,8.0,46.420979020979026,71.505
Austria,ALO,6.0,MEDIUM,9.0,46.420979020979026,71.32
Austria,ALO,7.0,MEDIUM,10.0,46.420979020979026,71.712
Austria,ALO,8.0,MEDIUM,11.0,46.420979020979026,71.608
Austria,ALO,9.0,MEDIUM,12.0,46.420979020979026,71.485
Austria,ALO,10.0,MEDIUM,13.0,46.420979020979026,71.902
Austria,ALO,11.0,MEDIUM,14.0,46.420979020979026,75.343
Austria,ALO,13.0,MEDIUM,3.0,46.420979020979026,70.912
Austria,ALO,14.0,MEDIUM,4.0,46.420979020979026,71.382
Austria,ALO,15.0,MEDIUM,5.0,46.420979020979026,71.189
Austria,ALO,16.0,MEDIUM,6.0,46.420979020979026,71.141
Austria,ALO,17.0,MEDIUM,7.0,46.420979020979026,71.285
Austria,ALO,18.0,MEDIUM,8.0,46.420979020979026,71.483
Austria,ALO,19.0,MEDIUM,9.0,46.420979020979026,71.38
Austria,ALO,20.0,MEDIUM,10.0,46.420979020979026,71.521
Austria,ALO,21.0,MEDIUM,11.0,46.420979020979026,71.425
Austria,ALO,22.0,MEDIUM,12.0,46.420979020979026,72.107
Austria,ALO,23.0,MEDIUM,13.0,46.420979020979026,71.324
Austria,ALO,24.0,MEDIUM,14.0,46.420979020979026,71.348
Austria,ALO,25.0,MEDIUM,15.0,46.420979020979026,71.516
Austria,ALO,26.0,MEDIUM,16.0,46.420979020979026,71.741
Austria,ALO,27.0,MEDIUM,17.0,46.420979020979026,71.72
Austria,ALO,28.0,MEDIUM,18.0,46.420979020979026,71.693
Austria,ALO,29.0,MEDIUM,19.0,46.420979020979026,72.079
Austria,ALO,30.0,MEDIUM,20.0,46.420979020979026,71.771
Austria,ALO,31.0,MEDIUM,21.0,46.420979020979026,71.845
Austria,ALO,32.0,MEDIUM,22.0,46.420979020979026,72.0
Austria,ALO,33.0,MEDIUM,23.0,46.420979020979026,71.501
Austria,ALO,34.0,MEDIUM,24.0,46.420979020979026,72.44
Austria,ALO,37.0,HARD,3.0,46.420979020979026,70.871
Austria,ALO,38.0,HARD,4.0,46.420979020979026,70.908
Austria,ALO,39.0,HARD,5.0,46.420979020979026,70.594
Austria,ALO,40.0,HARD,6.0,46.420979020979026,70.861
Austria,ALO,41.0,HARD,7.0,46.420979020979026,70.737
Austria,ALO,42.0,HARD,8.0,46.420979020979026,70.588
Austria,ALO,43.0,HARD,9.0,46.420979020979026,70.94
Austria,ALO,44.0,HARD,10.0,46.420979020979026,71.365
Austria,ALO,45.0,HARD,11.0,46.420979020979026,72.15
Austria,ALO,46.0,HARD,12.0,46.420979020979026,71.329
Austria,ALO,47.0,HARD,13.0,46.420979020979026,71.119
Austria,ALO,48.0,HARD,14.0,46.420979020979026,70.576
Austria,ALO,49.0,HARD,15.0,46.420979020979026,70.731
Austria,ALO,50.0,HARD,16.0,46.420979020979026,70.914
Austria,ALO,51.0,HARD,17.0,46.420979020979026,72.431
Austria,ALO,52.0,HARD,18.0,46.420979020979026,71.568
Austria,ALO,53.0,HARD,19.0,46.420979020979026,71.336
Austria,ALO,54.0,HARD,20.0,46.420979020979026,72.38
Austria,ALO,55.0,HARD,21.0,46.420979020979026,70.693
Austria,ALO,56.0,HARD,22.0,46.420979020979026,71.399
Austria,ALO,57.0,HARD,23.0,46.420979020979026,72.992
Austria,ALO,58.0,HARD,24.0,46.420979020979026,72.769
Austria,ALO,59.0,HARD,25.0,46.420979020979026,72.403
Austria,ALO,60.0,HARD,26.0,46.420979020979026,71.964
Austria,ALO,61.0,HARD,27.0,46.420979020979026,71.617
Austria,ALO,62.0,HARD,28.0,46.420979020979026,72.025
Austria,ALO,63.0,HARD,29.0,46.420979020979026,72.18
Austria,ALO,64.0,HARD,30.0,46.420979020979026,73.162
Austria,ALO,66.0,HARD,32.0,46.420979020979026,72.709
Austria,ALO,67.0,HARD,33.0,46.420979020979026,71.295
Austria,ALO,68.0,HARD,34.0,46.420979020979026,75.636
Austria,ALO,70.0,SOFT,2.0,46.420979020979026,67.694
Austria,SAR,3.0,MEDIUM,8.0,46.420979020979026,71.686
Austria,SAR,4.0,MEDIUM,9.0,46.420979020979026,71.76
Austria,SAR,5.0,MEDIUM,10.0,46.420979020979026,71.895
Austria,SAR,6.0,MEDIUM,11.0,46.420979020979026,71.968
Austria,SAR,7.0,MEDIUM,12.0,46.420979020979026,71.954
Austria,SAR,8.0,MEDIUM,13.0,46.420979020979026,72.104
Austria,SAR,9.0,MEDIUM,14.0,46.420979020979026,72.297
Austria,SAR,10.0,MEDIUM,15.0,46.420979020979026,72.429
Austria,SAR,11.0,MEDIUM,16.0,46.420979020979026,72.332
Austria,SAR,12.0,MEDIUM,17.0,46.420979020979026,72.701
Austria,SAR,13.0,MEDIUM,18.0,46.420979020979026,72.669
Austria,SAR,14.0,MEDIUM,19.0,46.420979020979026,72.642
Austria,SAR,15.0,MEDIUM,20.0,46.420979020979026,72.561
Austria,SAR,16.0,MEDIUM,21.0,46.420979020979026,72.858
Austria,SAR,17.0,MEDIUM,22.0,46.420979020979026,73.584
Austria,SAR,18.0,MEDIUM,23.0,46.420979020979026,74.433
Austria,SAR,19.0,MEDIUM,24.0,46.420979020979026,72.772
Austria,SAR,22.0,HARD,2.0,46.420979020979026,71.128
Austria,SAR,23.0,HARD,3.0,46.420979020979026,73.689
Austria,SAR,24.0,HARD,4.0,46.420979020979026,70.753
Austria,SAR,25.0,HARD,5.0,46.420979020979026,72.872
Austria,SAR,26.0,HARD,6.0,46.420979020979026,72.961
Austria,SAR,27.0,HARD,7.0,46.420979020979026,71.549
Austria,SAR,28.0,HARD,8.0,46.420979020979026,71.795
Austria,SAR,29.0,HARD,9.0,46.420979020979026,72.662
Austria,SAR,30.0,HARD,10.0,46.420979020979026,71.427
Austria,SAR,31.0,HARD,11.0,46.420979020979026,71.943
Austria,SAR,32.0,HARD,12.0,46.420979020979026,71.733
Austria,SAR,33.0,HARD,13.0,46.420979020979026,73.633
Austria,SAR,34.0,HARD,14.0,46.420979020979026,71.821
Austria,SAR,35.0,HARD,15.0,46.420979020979026,72.035
Austria,SAR,36.0,HARD,16.0,46.420979020979026,71.802
Austria,SAR,37.0,HARD,17.0,46.420979020979026,71.778
Austria,SAR,38.0,HARD,18.0,46.420979020979026,71.889
Austria,SAR,39.0,HARD,19.0,46.420979020979026,72.015
Austria,SAR,40.0,HARD,20.0,46.420979020979026,72.322
Austria,SAR,41.0,HARD,21.0,46.420979020979026,72.077
Austria,SAR,42.0,HARD,22.0,46.420979020979026,72.177
Austria,SAR,43.0,HARD,23.0,46.420979020979026,72.175
Austria,SAR,44.0,HARD,24.0,46.420979020979026,72.287
Austria,SAR,45.0,HARD,25.0,46.420979020979026,72.42
Austria,SAR,46.0,HARD,26.0,46.420979020979026,72.051
Austria,SAR,47.0,HARD,27.0,46.420979020979026,71.899
Austria,SAR,48.0,HARD,28.0,46.420979020979026,71.902
Austria,SAR,49.0,HARD,29.0,46.420979020979026,75.384
Austria,SAR,51.0,MEDIUM,3.0,46.420979020979026,70.498
Austria,SAR,52.0,MEDIUM,4.0,46.420979020979026,70.774
Austria,SAR,53.0,MEDIUM,5.0,46.420979020979026,70.667
Austria,SAR,54.0,MEDIUM,6.0,46.420979020979026,70.629
Austria,SAR,55.0,MEDIUM,7.0,46.420979020979026,70.776
Austria,SAR,56.0,MEDIUM,8.0,46.420979020979026,70.644
Austria,SAR,57.0,MEDIUM,9.0,46.420979020979026,74.583
Austria,SAR,58.0,MEDIUM,10.0,46.420979020979026,70.755
Austria,SAR,59.0,MEDIUM,11.0,46.420979020979026,70.657
Austria,SAR,60.0,MEDIUM,12.0,46.420979020979026,70.406
Austria,SAR,61.0,MEDIUM,13.0,46.420979020979026,71.008
Austria,SAR,62.0,MEDIUM,14.0,46.420979020979026,74.4
Austria,SAR,63.0,MEDIUM,15.0,46.420979020979026,71.949
Austria,SAR,65.0,MEDIUM,17.0,46.420979020979026,70.742
Austria,SAR,66.0,MEDIUM,18.0,46.420979020979026,70.855
Austria,SAR,67.0,MEDIUM,19.0,46.420979020979026,72.454
Austria,SAR,68.0,MEDIUM,20.0,46.420979020979026,73.607
Austria,SAR,69.0,MEDIUM,21.0,46.420979020979026,71.489
Austria,NOR,1.0,MEDIUM,1.0,46.420979020979026,73.371
Austria,NOR,2.0,MEDIUM,2.0,46.420979020979026,69.813
Austria,NOR,3.0,MEDIUM,3.0,46.420979020979026,70.528
Austria,NOR,4.0,MEDIUM,4.0,46.420979020979026,70.389
Austria,NOR,5.0,MEDIUM,5.0,46.420979020979026,70.424
Austria,NOR,6.0,MEDIUM,6.0,46.420979020979026,70.329
Austria,NOR,7.0,MEDIUM,7.0,46.420979020979026,70.539
Austria,NOR,8.0,MEDIUM,8.0,46.420979020979026,70.512
Austria,NOR,9.0,MEDIUM,9.0,46.420979020979026,70.446
Austria,NOR,10.0,MEDIUM,10.0,46.420979020979026,71.751
Austria,NOR,11.0,MEDIUM,11.0,46.420979020979026,70.844
Austria,NOR,12.0,MEDIUM,12.0,46.420979020979026,70.885
Austria,NOR,13.0,MEDIUM,13.0,46.420979020979026,71.064
Austria,NOR,14.0,MEDIUM,14.0,46.420979020979026,71.103
Austria,NOR,15.0,MEDIUM,15.0,46.420979020979026,71.004
Austria,NOR,16.0,MEDIUM,16.0,46.420979020979026,71.333
Austria,NOR,17.0,MEDIUM,17.0,46.420979020979026,71.149
Austria,NOR,18.0,MEDIUM,18.0,46.420979020979026,71.258
Austria,NOR,19.0,MEDIUM,19.0,46.420979020979026,71.658
Austria,NOR,20.0,MEDIUM,20.0,46.420979020979026,71.288
Austria,NOR,21.0,MEDIUM,21.0,46.420979020979026,71.407
Austria,NOR,22.0,MEDIUM,22.0,46.420979020979026,71.229
Austria,NOR,23.0,MEDIUM,23.0,46.420979020979026,75.037
Austria,NOR,25.0,HARD,2.0,46.420979020979026,69.434
Austria,NOR,26.0,HARD,3.0,46.420979020979026,69.692
Austria,NOR,27.0,HARD,4.0,46.420979020979026,69.68
Austria,NOR,28.0,HARD,5.0,46.420979020979026,69.716
Austria,NOR,29.0,HARD,6.0,46.420979020979026,69.604
Austria,NOR,30.0,HARD,7.0,46.420979020979026,69.851
Austria,NOR,31.0,HARD,8.0,46.420979020979026,70.1
Austria,NOR,32.0,HARD,9.0,46.420979020979026,69.919
Austria,NOR,33.0,HARD,10.0,46.420979020979026,69.4
Austria,NOR,34.0,HARD,11.0,46.420979020979026,69.755
Austria,NOR,35.0,HARD,12.0,46.420979020979026,69.908
Austria,NOR,36.0,HARD,13.0,46.420979020979026,70.106
Austria,NOR,37.0,HARD,14.0,46.420979020979026,69.883
Austria,NOR,38.0,HARD,15.0,46.420979020979026,70.161
Austria,NOR,39.0,HARD,16.0,46.420979020979026,70.388
Austria,NOR,40.0,HARD,17.0,46.420979020979026,70.102
Austria,NOR,41.0,HARD,18.0,46.420979020979026,70.441
Austria,NOR,42.0,HARD,19.0,46.420979020979026,70.47
Austria,NOR,43.0,HARD,20.0,46.420979020979026,70.141
Austria,NOR,44.0,HARD,21.0,46.420979020979026,70.777
Austria,NOR,45.0,HARD,22.0,46.420979020979026,70.171
Austria,NOR,46.0,HARD,23.0,46.420979020979026,70.411
Austria,NOR,47.0,HARD,24.0,46.420979020979026,70.73
Austria,NOR,48.0,HARD,25.0,46.420979020979026,70.774
Austria,NOR,49.0,HARD,26.0,46.420979020979026,70.444
Austria,NOR,50.0,HARD,27.0,46.420979020979026,70.546
Austria,NOR,51.0,HARD,28.0,46.420979020979026,74.573
Austria,NOR,53.0,MEDIUM,2.0,46.420979020979026,68.016
Austria,NOR,54.0,MEDIUM,3.0,46.420979020979026,68.429
Austria,NOR,55.0,MEDIUM,4.0,46.420979020979026,69.348
Austria,NOR,56.0,MEDIUM,5.0,46.420979020979026,68.77
Austria,NOR,57.0,MEDIUM,6.0,46.420979020979026,68.751
Austria,NOR,58.0,MEDIUM,7.0,46.420979020979026,69.161
Austria,NOR,59.0,MEDIUM,8.0,46.420979020979026,70.626
Austria,NOR,60.0,MEDIUM,9.0,46.420979020979026,69.356
Austria,NOR,61.0,MEDIUM,10.0,46.420979020979026,70.037
Austria,NOR,62.0,MEDIUM,11.0,46.420979020979026,69.509
Austria,NOR,63.0,MEDIUM,12.0,46.420979020979026,70.234
Great Britain,RUS,1.0,MEDIUM,1.0,46.420979020979026,74.401
Great Britain,RUS,2.0,MEDIUM,2.0,46.420979020979026,70.58
Great Britain,RUS,3.0,MEDIUM,3.0,46.420979020979026,70.441
Great Britain,RUS,4.0,MEDIUM,4.0,46.420979020979026,70.467
Great Britain,RUS,5.0,MEDIUM,5.0,46.420979020979026,70.193
Great Britain,RUS,6.0,MEDIUM,6.0,46.420979020979026,71.033
Great Britain,RUS,7.0,MEDIUM,7.0,46.420979020979026,70.682
Great Britain,RUS,8.0,MEDIUM,8.0,46.420979020979026,70.655
Great Britain,RUS,9.0,MEDIUM,9.0,46.420979020979026,70.628
Great Britain,RUS,10.0,MEDIUM,10.0,46.420979020979026,71.263
Great Britain,RUS,11.0,MEDIUM,11.0,46.420979020979026,71.281
Great Britain,RUS,12.0,MEDIUM,12.0,46.420979020979026,71.135
Great Britain,RUS,13.0,MEDIUM,13.0,46.420979020979026,71.321
Great Britain,RUS,14.0,MEDIUM,14.0,46.420979020979026,71.44
Great Britain,RUS,15.0,MEDIUM,15.0,46.420979020979026,71.471
Great Britain,RUS,16.0,MEDIUM,16.0,46.420979020979026,71.382
Great Britain,RUS,17.0,MEDIUM,17.0,46.420979020979026,71.459
Great Britain,RUS,18.0,MEDIUM,18.0,46.420979020979026,71.297
Great Britain,RUS,19.0,MEDIUM,19.0,46.420979020979026,71.569
Great Britain,RUS,20.0,MEDIUM,20.0,46.420979020979026,71.531
Great Britain,RUS,21.0,MEDIUM,21.0,46.420979020979026,71.641
Great Britain,RUS,22.0,MEDIUM,22.0,46.420979020979026,75.077
Great Britain,RUS,24.0,MEDIUM,2.0,46.420979020979026,69.563
Great Britain,RUS,25.0,MEDIUM,3.0,46.420979020979026,69.792
Great Britain,RUS,26.0,MEDIUM,4.0,46.420979020979026,70.037
Great Britain,RUS,27.0,MEDIUM,5.0,46.420979020979026,69.864
Great Britain,RUS,28.0,MEDIUM,6.0,46.420979020979026,70.085
Great Britain,RUS,29.0,MEDIUM,7.0,46.420979020979026,70.157
Great Britain,RUS,30.0,MEDIUM,8.0,46.420979020979026,70.18
Great Britain,RUS,31.0,MEDIUM,9.0,46.420979020979026,69.936
Great Britain,RUS,32.0,MEDIUM,10.0,46.420979020979026,70.219
Great Britain,RUS,33.0,MEDIUM,11.0,46.420979020979026,70.093
Great Britain,RUS,34.0,MEDIUM,12.0,46.420979020979026,70.26
Great Britain,RUS,35.0,MEDIUM,13.0,46.420979020979026,70.524
Great Britain,RUS,36.0,MEDIUM,14.0,46.420979020979026,70.598
Great Britain,RUS,37.0,MEDIUM,15.0,46.420979020979026,70.506
Great Britain,RUS,38.0,MEDIUM,16.0,46.420979020979026,70.64
Great Britain,RUS,39.0,MEDIUM,17.0,46.420979020979026,70.724
Great Britain,RUS,40.0,MEDIUM,18.0,46.420979020979026,70.761
Great Britain,RUS,41.0,MEDIUM,19.0,46.420979020979026,71.167
Great Britain,RUS,42.0,MEDIUM,20.0,46.420979020979026,70.797
Great Britain,RUS,43.0,MEDIUM,21.0,46.420979020979026,70.784
Great Britain,RUS,44.0,MEDIUM,22.0,46.420979020979026,71.385
Great Britain,RUS,45.0,MEDIUM,23.0,46.420979020979026,71.402
Great Britain,RUS,46.0,MEDIUM,24.0,46.420979020979026,75.687
Great Britain,RUS,48.0,HARD,2.0,46.420979020979026,69.164
Great Britain,RUS,49.0,HARD,3.0,46.420979020979026,69.288
Great Britain,RUS,50.0,HARD,4.0,46.420979020979026,69.342
Great Britain,RUS,51.0,HARD,5.0,46.420979020979026,69.759
Great Britain,RUS,52.0,HARD,6.0,46.420979020979026,69.881
Great Britain,RUS,53.0,HARD,7.0,46.420979020979026,69.872
Great Britain,RUS,54.0,HARD,8.0,46.420979020979026,70.372
Great Britain,RUS,55.0,HARD,9.0,46.420979020979026,69.895
Great Britain,RUS,56.0,HARD,10.0,46.420979020979026,69.711
Great Britain,RUS,57.0,HARD,11.0,46.420979020979026,70.064
Great Britain,RUS,58.0,HARD,12.0,46.420979020979026,70.002
Great Britain,RUS,59.0,HARD,13.0,46.420979020979026,69.961
Great Britain,RUS,60.0,HARD,14.0,46.420979020979026,70.065
Great Britain,RUS,61.0,HARD,15.0,46.420979020979026,69.611
Great Britain,RUS,62.0,HARD,16.0,46.420979020979026,70.05
Great Britain,RUS,63.0,HARD,17.0,46.420979020979026,70.042
Great Britain,RUS,64.0,HARD,18.0,46.420979020979026,70.924
Great Britain,RUS,65.0,HARD,19.0,46.420979020979026,70.278
Great Britain,RUS,67.0,HARD,21.0,46.420979020979026,69.352
Great Britain,RUS,68.0,HARD,22.0,46.420979020979026,69.645
Great Britain,RUS,69.0,HARD,23.0,46.420979020979026,69.747
Great Britain,RUS,70.0,HARD,24.0,46.420979020979026,69.627
Great Britain,RUS,71.0,HARD,25.0,46.420979020979026,70.193
Great Britain,PIA,2.0,MEDIUM,2.0,46.420979020979026,70.541
Great Britain,PIA,3.0,MEDIUM,3.0,46.420979020979026,70.743
Great Britain,PIA,4.0,MEDIUM,4.0,46.420979020979026,70.81
Great Britain,PIA,5.0,MEDIUM,5.0,46.420979020979026,70.607
Great Britain,PIA,6.0,MEDIUM,6.0,46.420979020979026,71.246
Great Britain,PIA,7.0,MEDIUM,7.0,46.420979020979026,71.094
Great Britain,PIA,8.0,MEDIUM,8.0,46.420979020979026,71.351
Great Britain,PIA,9.0,MEDIUM,9.0,46.420979020979026,71.024
Great Britain,PIA,10.0,MEDIUM,10.0,46.420979020979026,71.369
Great Britain,PIA,11.0,MEDIUM,11.0,46.420979020979026,71.394
Great Britain,PIA,12.0,MEDIUM,12.0,46.420979020979026,71.153
Great Britain,PIA,13.0,MEDIUM,13.0,46.420979020979026,71.3
Great Britain,PIA,14.0,MEDIUM,14.0,46.420979020979026,71.424
Great Britain,PIA,15.0,MEDIUM,15.0,46.420979020979026,71.665
Great Britain,PIA,16.0,MEDIUM,16.0,46.420979020979026,71.484
Great Britain,PIA,17.0,MEDIUM,17.0,46.420979020979026,71.535
Great Britain,PIA,18.0,MEDIUM,18.0,46.420979020979026,71.577
Great Britain,PIA,19.0,MEDIUM,19.0,46.420979020979026,71.753
Great Britain,PIA,20.0,MEDIUM,20.0,46.420979020979026,71.741
Great Britain,PIA,21.0,MEDIUM,21.0,46.420979020979026,71.86
Great Britain,PIA,22.0,MEDIUM,22.0,46.420979020979026,71.366
Great Britain,PIA,23.0,MEDIUM,23.0,46.420979020979026,71.224
Great Britain,PIA,24.0,MEDIUM,24.0,46.420979020979026,71.335
Great Britain,PIA,25.0,MEDIUM,25.0,46.420979020979026,74.343
Great Britain,PIA,27.0,HARD,2.0,46.420979020979026,70.295
Great Britain,PIA,28.0,HARD,3.0,46.420979020979026,70.276
Great Britain,PIA,29.0,HARD,4.0,46.420979020979026,69.985
Great Britain,PIA,30.0,HARD,5.0,46.420979020979026,70.423
Great Britain,PIA,31.0,HARD,6.0,46.420979020979026,69.994
Great Britain,PIA,32.0,HARD,7.0,46.420979020979026,69.767
Great Britain,PIA,33.0,HARD,8.0,46.420979020979026,69.516
Great Britain,PIA,34.0,HARD,9.0,46.420979020979026,69.779
Great Britain,PIA,35.0,HARD,10.0,46.420979020979026,70.238
Great Britain,PIA,36.0,HARD,11.0,46.420979020979026,70.298
Great Britain,PIA,37.0,HARD,12.0,46.420979020979026,70.176
Great Britain,PIA,38.0,HARD,13.0,46.420979020979026,70.401
Great Britain,PIA,39.0,HARD,14.0,46.420979020979026,70.57
Great Britain,PIA,40.0,HARD,15.0,46.420979020979026,70.649
Great Britain,PIA,41.0,HARD,16.0,46.420979020979026,70.729
Great Britain,PIA,42.0,HARD,17.0,46.420979020979026,71.252
Great Britain,PIA,43.0,HARD,18.0,46.420979020979026,70.772
Great Britain,PIA,44.0,HARD,19.0,46.420979020979026,71.217
Great Britain,PIA,45.0,HARD,20.0,46.420979020979026,70.617
Great Britain,PIA,46.0,HARD,21.0,46.420979020979026,70.562
Great Britain,PIA,47.0,HARD,22.0,46.420979020979026,71.024
Great Britain,PIA,48.0,HARD,23.0,46.420979020979026,70.578
Great Britain,PIA,49.0,HARD,24.0,46.420979020979026,70.661
Great Britain,PIA,50.0,HARD,25.0,46.420979020979026,70.517
Great Britain,PIA,51.0,HARD,26.0,46.420979020979026,73.906
Great Britain,PIA,53.0,MEDIUM,2.0,46.420979020979026,69.088
Great Britain,PIA,54.0,MEDIUM,3.0,46.420979020979026,69.014
Great Britain,PIA,55.0,MEDIUM,4.0,46.420979020979026,68.837
Great Britain,PIA,56.0,MEDIUM,5.0,46.420979020979026,68.697
Great Britain,PIA,57.0,MEDIUM,6.0,46.420979020979026,69.048
Great Britain,PIA,58.0,MEDIUM,7.0,46.420979020979026,69.441
Great Britain,PIA,59.0,MEDIUM,8.0,46.420979020979026,69.627
Great Britain,PIA,60.0,MEDIUM,9.0,46.420979020979026,69.616
Great Britain,PIA,61.0,MEDIUM,10.0,46.420979020979026,69.487
Great Britain,PIA,62.0,MEDIUM,11.0,46.420979020979026,69.634
Great Britain,PIA,63.0,MEDIUM,12.0,46.420979020979026,69.986
Great Britain,PIA,64.0,MEDIUM,13.0,46.420979020979026,69.948
Great Britain,PIA,65.0,MEDIUM,14.0,46.420979020979026,70.14
Great Britain,PIA,67.0,MEDIUM,16.0,46.420979020979026,69.532
Great Britain,PIA,68.0,MEDIUM,17.0,46.420979020979026,69.241
Great Britain,PIA,69.0,MEDIUM,18.0,46.420979020979026,69.159
Great Britain,PIA,70.0,MEDIUM,19.0,46.420979020979026,69.989
Great Britain,PIA,71.0,MEDIUM,20.0,46.420979020979026,69.668
Great Britain,SAI,1.0,MEDIUM,1.0,46.420979020979026,75.456
Great Britain,SAI,2.0,MEDIUM,2.0,46.420979020979026,70.719
Great Britain,SAI,3.0,MEDIUM,3.0,46.420979020979026,70.828
Great Britain,SAI,4.0,MEDIUM,4.0,46.420979020979026,70.544
Great Britain,SAI,5.0,MEDIUM,5.0,46.420979020979026,70.401
Great Britain,SAI,6.0,MEDIUM,6.0,46.420979020979026,70.68
Great Britain,SAI,7.0,MEDIUM,7.0,46.420979020979026,71.222
Great Britain,SAI,8.0,MEDIUM,8.0,46.420979020979026,71.137
Great Britain,SAI,9.0,MEDIUM,9.0,46.420979020979026,70.723
Great Britain,SAI,10.0,MEDIUM,10.0,46.420979020979026,70.944
Great Britain,SAI,11.0,MEDIUM,11.0,46.420979020979026,70.839
Great Britain,SAI,12.0,MEDIUM,12.0,46.420979020979026,71.015
Great Britain,SAI,13.0,MEDIUM,13.0,46.420979020979026,71.309
Great Britain,SAI,14.0,MEDIUM,14.0,46.420979020979026,71.357
Great Britain,SAI,15.0,MEDIUM,15.0,46.420979020979026,71.572
Great Britain,SAI,16.0,MEDIUM,16.0,46.420979020979026,71.462
Great Britain,SAI,17.0,MEDIUM,17.0,46.420979020979026,71.706
Great Britain,SAI,18.0,MEDIUM,18.0,46.420979020979026,71.491
Great Britain,SAI,19.0,MEDIUM,19.0,46.420979020979026,71.839
Great Britain,SAI,20.0,MEDIUM,20.0,46.420979020979026,71.712
Great Britain,SAI,21.0,MEDIUM,21.0,46.420979020979026,71.807
Great Britain,SAI,22.0,MEDIUM,22.0,46.420979020979026,74.879
Great Britain,SAI,24.0,HARD,2.0,46.420979020979026,70.011
Great Britain,SAI,25.0,HARD,3.0,46.420979020979026,69.889
Great Britain,SAI,26.0,HARD,4.0,46.420979020979026,70.134
Great Britain,SAI,27.0,HARD,5.0,46.420979020979026,70.239
Great Britain,SAI,28.0,HARD,6.0,46.420979020979026,70.059
Great Britain,SAI,29.0,HARD,7.0,46.420979020979026,70.218
Great Britain,SAI,30.0,HARD,8.0,46.420979020979026,70.327
Great Britain,SAI,31.0,HARD,9.0,46.420979020979026,70.108
Great Britain,SAI,32.0,HARD,10.0,46.420979020979026,70.244
Great Britain,SAI,33.0,HARD,11.0,46.420979020979026,70.141
Great Britain,SAI,34.0,HARD,12.0,46.420979020979026,70.162
Great Britain,SAI,35.0,HARD,13.0,46.420979020979026,70.509
Great Britain,SAI,36.0,HARD,14.0,46.420979020979026,70.473
Great Britain,SAI,37.0,HARD,15.0,46.420979020979026,70.476
Great Britain,SAI,38.0,HARD,16.0,46.420979020979026,71.04
Great Britain,SAI,39.0,HARD,17.0,46.420979020979026,70.842
Great Britain,SAI,40.0,HARD,18.0,46.420979020979026,70.748
Great Britain,SAI,41.0,HARD,19.0,46.420979020979026,70.729
Great Britain,SAI,42.0,HARD,20.0,46.420979020979026,70.906
Great Britain,SAI,43.0,HARD,21.0,46.420979020979026,70.813
Great Britain,SAI,44.0,HARD,22.0,46.420979020979026,71.214
Great Britain,SAI,45.0,HARD,23.0,46.420979020979026,71.081
Great Britain,SAI,46.0,HARD,24.0,46.420979020979026,71.088
Great Britain,SAI,47.0,HARD,25.0,46.420979020979026,74.811
Great Britain,SAI,49.0,MEDIUM,2.0,46.420979020979026,69.555
Great Britain,SAI,50.0,MEDIUM,3.0,46.420979020979026,69.357
Great Britain,SAI,51.0,MEDIUM,4.0,46.420979020979026,69.412
Great Britain,SAI,52.0,MEDIUM,5.0,46.420979020979026,70.099
Great Britain,SAI,53.0,MEDIUM,6.0,46.420979020979026,69.981
Great Britain,SAI,54.0,MEDIUM,7.0,46.420979020979026,69.546
Great Britain,SAI,55.0,MEDIUM,8.0,46.420979020979026,69.464
Great Britain,SAI,56.0,MEDIUM,9.0,46.420979020979026,69.282
Great Britain,SAI,57.0,MEDIUM,10.0,46.420979020979026,69.713
Great Britain,SAI,58.0,MEDIUM,11.0,46.420979020979026,69.921
Great Britain,SAI,59.0,MEDIUM,12.0,46.420979020979026,70.192
Great Britain,SAI,60.0,MEDIUM,13.0,46.420979020979026,69.734
Great Britain,SAI,61.0,MEDIUM,14.0,46.420979020979026,69.92
Great Britain,SAI,62.0,MEDIUM,15.0,46.420979020979026,69.957
Great Britain,SAI,63.0,MEDIUM,16.0,46.420979020979026,70.047
Great Britain,SAI,64.0,MEDIUM,17.0,46.420979020979026,70.02
Great Britain,SAI,65.0,MEDIUM,18.0,46.420979020979026,71.631
Great Britain,SAI,67.0,MEDIUM,20.0,46.420979020979026,69.66
Great Britain,SAI,68.0,MEDIUM,21.0,46.420979020979026,70.381
Great Britain,SAI,69.0,MEDIUM,22.0,46.420979020979026,69.742
Great Britain,SAI,70.0,MEDIUM,23.0,46.420979020979026,69.701
Great Britain,SAI,71.0,MEDIUM,24.0,46.420979020979026,69.607
Great Britain,HAM,1.0,MEDIUM,1.0,46.420979020979026,74.84
Great Britain,HAM,2.0,MEDIUM,2.0,46.420979020979026,70.53
Great Britain,HAM,3.0,MEDIUM,3.0,46.420979020979026,70.723
Great Britain,HAM,4.0,MEDIUM,4.0,46.420979020979026,70.621
Great Britain,HAM,5.0,MEDIUM,5.0,46.420979020979026,70.476
Great Britain,HAM,6.0,MEDIUM,6.0,46.420979020979026,72.037
Great Britain,HAM,7.0,MEDIUM,7.0,46.420979020979026,71.198
Great Britain,HAM,8.0,MEDIUM,8.0,46.420979020979026,71.21
Great Britain,HAM,9.0,MEDIUM,9.0,46.420979020979026,70.981
Great Britain,HAM,10.0,MEDIUM,10.0,46.420979020979026,70.997
Great Britain,HAM,11.0,MEDIUM,11.0,46.420979020979026,71.217
Great Britain,HAM,12.0,MEDIUM,12.0,46.420979020979026,71.237
Great Britain,HAM,13.0,MEDIUM,13.0,46.420979020979026,71.354
Great Britain,HAM,14.0,MEDIUM,14.0,46.420979020979026,71.499
Great Britain,HAM,15.0,MEDIUM,15.0,46.420979020979026,71.664
Great Britain,HAM,16.0,MEDIUM,16.0,46.420979020979026,71.515
Great Britain,HAM,17.0,MEDIUM,17.0,46.420979020979026,71.614
Great Britain,HAM,18.0,MEDIUM,18.0,46.420979020979026,71.517
Great Britain,HAM,19.0,MEDIUM,19.0,46.420979020979026,72.152
Great Britain,HAM,20.0,MEDIUM,20.0,46.420979020979026,71.868
Great Britain,HAM,21.0,MEDIUM,21.0,46.420979020979026,75.73
Great Britain,HAM,23.0,HARD,2.0,46.420979020979026,70.131
Great Britain,HAM,24.0,HARD,3.0,46.420979020979026,70.296
Great Britain,HAM,25.0,HARD,4.0,46.420979020979026,70.257
Great Britain,HAM,26.0,HARD,5.0,46.420979020979026,70.374
Great Britain,HAM,27.0,HARD,6.0,46.420979020979026,70.254
Great Britain,HAM,28.0,HARD,7.0,46.420979020979026,70.148
Great Britain,HAM,29.0,HARD,8.0,46.420979020979026,70.171
Great Britain,HAM,30.0,HARD,9.0,46.420979020979026,70.367
Great Britain,HAM,31.0,HARD,10.0,46.420979020979026,70.388
Great Britain,HAM,32.0,HARD,11.0,46.420979020979026,70.566
Great Britain,HAM,33.0,HARD,12.0,46.420979020979026,70.211
Great Britain,HAM,34.0,HARD,13.0,46.420979020979026,70.128
Great Britain,HAM,35.0,HARD,14.0,46.420979020979026,70.566
Great Britain,HAM,36.0,HARD,15.0,46.420979020979026,70.671
Great Britain,HAM,37.0,HARD,16.0,46.420979020979026,70.479
Great Britain,HAM,38.0,HARD,17.0,46.420979020979026,70.677
Great Britain,HAM,39.0,HARD,18.0,46.420979020979026,70.638
Great Britain,HAM,40.0,HARD,19.0,46.420979020979026,70.621
Great Britain,HAM,41.0,HARD,20.0,46.420979020979026,70.997
Great Britain,HAM,42.0,HARD,21.0,46.420979020979026,70.946
Great Britain,HAM,43.0,HARD,22.0,46.420979020979026,70.802
Great Britain,HAM,44.0,HARD,23.0,46.420979020979026,71.331
Great Britain,HAM,45.0,HARD,24.0,46.420979020979026,70.877
Great Britain,HAM,46.0,HARD,25.0,46.420979020979026,70.86
Great Britain,HAM,47.0,HARD,26.0,46.420979020979026,71.283
Great Britain,HAM,48.0,HARD,27.0,46.420979020979026,71.942
Great Britain,HAM,49.0,HARD,28.0,46.420979020979026,70.919
Great Britain,HAM,50.0,HARD,29.0,46.420979020979026,70.941
Great Britain,HAM,51.0,HARD,30.0,46.420979020979026,71.228
Great Britain,HAM,52.0,HARD,31.0,46.420979020979026,71.331
Great Britain,HAM,53.0,HARD,32.0,46.420979020979026,75.339
Great Britain,HAM,55.0,MEDIUM,2.0,46.420979020979026,69.963
Great Britain,HAM,56.0,MEDIUM,3.0,46.420979020979026,70.092
Great Britain,HAM,57.0,MEDIUM,4.0,46.420979020979026,70.044
Great Britain,HAM,58.0,MEDIUM,5.0,46.420979020979026,69.905
Great Britain,HAM,59.0,MEDIUM,6.0,46.420979020979026,69.792
Great Britain,HAM,60.0,MEDIUM,7.0,46.420979020979026,69.81
Great Britain,HAM,61.0,MEDIUM,8.0,46.420979020979026,69.562
Great Britain,HAM,62.0,MEDIUM,9.0,46.420979020979026,70.105
Great Britain,HAM,63.0,MEDIUM,10.0,46.420979020979026,69.637
Great Britain,HAM,64.0,MEDIUM,11.0,46.420979020979026,69.98
Great Britain,HAM,65.0,MEDIUM,12.0,46.420979020979026,74.506
Great Britain,HAM,67.0,MEDIUM,14.0,46.420979020979026,69.592
Great Britain,HAM,68.0,MEDIUM,15.0,46.420979020979026,69.86
Great Britain,HAM,69.0,MEDIUM,16.0,46.420979020979026,70.438
Great Britain,HAM,70.0,MEDIUM,17.0,46.420979020979026,70.645
Great Britain,HAM,71.0,MEDIUM,18.0,46.420979020979026,70.413
Great Britain,VER,1.0,MEDIUM,1.0,46.420979020979026,72.05
Great Britain,VER,2.0,MEDIUM,2.0,46.420979020979026,69.938
Great Britain,VER,3.0,MEDIUM,3.0,46.420979020979026,69.857
Great Britain,VER,4.0,MEDIUM,4.0,46.420979020979026,69.903
Great Britain,VER,5.0,MEDIUM,5.0,46.420979020979026,70.005
Great Britain,VER,6.0,MEDIUM,6.0,46.420979020979026,70.238
Great Britain,VER,7.0,MEDIUM,7.0,46.420979020979026,70.22
Great Britain,VER,8.0,MEDIUM,8.0,46.420979020979026,70.331
Great Britain,VER,9.0,MEDIUM,9.0,46.420979020979026,70.6
Great Britain,VER,10.0,MEDIUM,10.0,46.420979020979026,70.596
Great Britain,VER,11.0,MEDIUM,11.0,46.420979020979026,70.562
Great Britain,VER,12.0,MEDIUM,12.0,46.420979020979026,70.512
Great Britain,VER,13.0,MEDIUM,13.0,46.420979020979026,70.955
Great Britain,VER,14.0,MEDIUM,14.0,46.420979020979026,70.707
Great Britain,VER,15.0,MEDIUM,15.0,46.420979020979026,71.028
Great Britain,VER,16.0,MEDIUM,16.0,46.420979020979026,70.957
Great Britain,VER,17.0,MEDIUM,17.0,46.420979020979026,70.981
Great Britain,VER,18.0,MEDIUM,18.0,46.420979020979026,71.364
Great Britain,VER,19.0,MEDIUM,19.0,46.420979020979026,71.515
Great Britain,VER,20.0,MEDIUM,20.0,46.420979020979026,71.548
Great Britain,VER,21.0,MEDIUM,21.0,46.420979020979026,71.3
Great Britain,VER,22.0,MEDIUM,22.0,46.420979020979026,71.549
Great Britain,VER,23.0,MEDIUM,23.0,46.420979020979026,74.679
Great Britain,VER,25.0,HARD,2.0,46.420979020979026,69.766
Great Britain,VER,26.0,HARD,3.0,46.420979020979026,69.506
Great Britain,VER,27.0,HARD,4.0,46.420979020979026,69.451
Great Britain,VER,28.0,HARD,5.0,46.420979020979026,69.581
Great Britain,VER,29.0,HARD,6.0,46.420979020979026,69.696
Great Britain,VER,30.0,HARD,7.0,46.420979020979026,69.661
Great Britain,VER,31.0,HARD,8.0,46.420979020979026,69.696
Great Britain,VER,32.0,HARD,9.0,46.420979020979026,69.576
Great Britain,VER,33.0,HARD,10.0,46.420979020979026,69.455
Great Britain,VER,34.0,HARD,11.0,46.420979020979026,69.482
Great Britain,VER,35.0,HARD,12.0,46.420979020979026,69.958
Great Britain,VER,36.0,HARD,13.0,46.420979020979026,69.907
Great Britain,VER,37.0,HARD,14.0,46.420979020979026,70.12
Great Britain,VER,38.0,HARD,15.0,46.420979020979026,70.143
Great Britain,VER,39.0,HARD,16.0,46.420979020979026,70.258
Great Britain,VER,40.0,HARD,17.0,46.420979020979026,70.217
Great Britain,VER,41.0,HARD,18.0,46.420979020979026,71.114
Great Britain,VER,42.0,HARD,19.0,46.420979020979026,70.628
Great Britain,VER,43.0,HARD,20.0,46.420979020979026,70.904
Great Britain,VER,44.0,HARD,21.0,46.420979020979026,70.479
Great Britain,VER,45.0,HARD,22.0,46.420979020979026,70.349
Great Britain,VER,46.0,HARD,23.0,46.420979020979026,70.288
Great Britain,VER,47.0,HARD,24.0,46.420979020979026,70.658
Great Britain,VER,48.0,HARD,25.0,46.420979020979026,70.36
Great Britain,VER,49.0,HARD,26.0,46.420979020979026,70.543
Great Britain,VER,50.0,HARD,27.0,46.420979020979026,70.738
Great Britain,VER,51.0,HARD,28.0,46.420979020979026,73.86
Great Britain,VER,53.0,MEDIUM,5.0,46.420979020979026,68.772
Great Britain,VER,54.0,MEDIUM,6.0,46.420979020979026,68.789
Great Britain,VER,55.0,MEDIUM,7.0,46.420979020979026,69.213
Great Britain,VER,56.0,MEDIUM,8.0,46.420979020979026,68.623
Great Britain,VER,57.0,MEDIUM,9.0,46.420979020979026,68.975
Great Britain,VER,58.0,MEDIUM,10.0,46.420979020979026,69.183
Great Britain,VER,59.0,MEDIUM,11.0,46.420979020979026,70.646
Great Britain,VER,60.0,MEDIUM,12.0,46.420979020979026,69.399
Great Britain,VER,61.0,MEDIUM,13.0,46.420979020979026,70.003
Great Britain,VER,62.0,MEDIUM,14.0,46.420979020979026,69.528
Great Britain,VER,63.0,MEDIUM,15.0,46.420979020979026,70.412
Great Britain,VER,67.0,SOFT,6.0,46.420979020979026,71.691
Great Britain,VER,68.0,SOFT,7.0,46.420979020979026,67.719
Great Britain,VER,69.0,SOFT,8.0,46.420979020979026,68.321
Great Britain,VER,70.0,SOFT,9.0,46.420979020979026,68.072
Great Britain,VER,71.0,SOFT,10.0,46.420979020979026,68.518
Great Britain,HUL,2.0,MEDIUM,2.0,46.420979020979026,70.217
Great Britain,HUL,3.0,MEDIUM,3.0,46.420979020979026,70.609
Great Britain,HUL,4.0,MEDIUM,4.0,46.420979020979026,70.958
Great Britain,HUL,5.0,MEDIUM,5.0,46.420979020979026,71.026
Great Britain,HUL,6.0,MEDIUM,6.0,46.420979020979026,71.078
Great Britain,HUL,7.0,MEDIUM,7.0,46.420979020979026,71.682
Great Britain,HUL,8.0,MEDIUM,8.0,46.420979020979026,71.677
Great Britain,HUL,9.0,MEDIUM,9.0,46.420979020979026,71.692
Great Britain,HUL,10.0,MEDIUM,10.0,46.420979020979026,71.739
Great Britain,HUL,11.0,MEDIUM,11.0,46.420979020979026,75.111
Great Britain,HUL,13.0,HARD,2.0,46.420979020979026,70.544
Great Britain,HUL,14.0,HARD,3.0,46.420979020979026,71.252
Great Britain,HUL,15.0,HARD,4.0,46.420979020979026,71.117
Great Britain,HUL,16.0,HARD,5.0,46.420979020979026,71.306
Great Britain,HUL,17.0,HARD,6.0,46.420979020979026,71.409
Great Britain,HUL,18.0,HARD,7.0,46.420979020979026,71.664
Great Britain,HUL,19.0,HARD,8.0,46.420979020979026,71.23
Great Britain,HUL,20.0,HARD,9.0,46.420979020979026,71.199
Great Britain,HUL,21.0,HARD,10.0,46.420979020979026,71.421
Great Britain,HUL,22.0,HARD,11.0,46.420979020979026,71.541
Great Britain,HUL,23.0,HARD,12.0,46.420979020979026,71.518
Great Britain,HUL,24.0,HARD,13.0,46.420979020979026,71.189
Great Britain,HUL,25.0,HARD,14.0,46.420979020979026,71.213
Great Britain,HUL,26.0,HARD,15.0,46.420979020979026,71.192
Great Britain,HUL,27.0,HARD,16.0,46.420979020979026,72.233
Great Britain,HUL,28.0,HARD,17.0,46.420979020979026,71.405
Great Britain,HUL,29.0,HARD,18.0,46.420979020979026,71.731
Great Britain,HUL,30.0,HARD,19.0,46.420979020979026,71.636
Great Britain,HUL,31.0,HARD,20.0,46.420979020979026,71.717
Great Britain,HUL,32.0,HARD,21.0,46.420979020979026,71.697
Great Britain,HUL,33.0,HARD,22.0,46.420979020979026,71.689
Great Britain,HUL,34.0,HARD,23.0,46.420979020979026,71.825
Great Britain,HUL,35.0,HARD,24.0,46.420979020979026,71.779
Great Britain,HUL,36.0,HARD,25.0,46.420979020979026,71.823
Great Britain,HUL,37.0,HARD,26.0,46.420979020979026,71.794
Great Britain,HUL,38.0,HARD,27.0,46.420979020979026,71.808
Great Britain,HUL,39.0,HARD,28.0,46.420979020979026,74.884
Great Britain,HUL,41.0,HARD,2.0,46.420979020979026,72.764
Great Britain,HUL,42.0,HARD,3.0,46.420979020979026,70.745
Great Britain,HUL,43.0,HARD,4.0,46.420979020979026,70.492
Great Britain,HUL,44.0,HARD,5.0,46.420979020979026,70.45
Great Britain,HUL,45.0,HARD,6.0,46.420979020979026,70.264
Great Britain,HUL,46.0,HARD,7.0,46.420979020979026,70.5
Great Britain,HUL,47.0,HARD,8.0,46.420979020979026,70.474
Great Britain,HUL,48.0,HARD,9.0,46.420979020979026,70.492
Great Britain,HUL,49.0,HARD,10.0,46.420979020979026,70.848
Great Britain,HUL,50.0,HARD,11.0,46.420979020979026,70.603
Great Britain,HUL,51.0,HARD,12.0,46.420979020979026,70.215
Great Britain,HUL,52.0,HARD,13.0,46.420979020979026,70.404
Great Britain,HUL,53.0,HARD,14.0,46.420979020979026,70.866
Great Britain,HUL,54.0,HARD,15.0,46.420979020979026,70.723
Great Britain,HUL,55.0,HARD,16.0,46.420979020979026,70.577
Great Britain,HUL,56.0,HARD,17.0,46.420979020979026,70.772
Great Britain,HUL,57.0,HARD,18.0,46.420979020979026,70.949
Great Britain,HUL,58.0,HARD,19.0,46.420979020979026,70.703
Great Britain,HUL,59.0,HARD,20.0,46.420979020979026,70.939
Great Britain,HUL,60.0,HARD,21.0,46.420979020979026,70.893
Great Britain,HUL,61.0,HARD,22.0,46.420979020979026,70.669
Great Britain,HUL,62.0,HARD,23.0,46.420979020979026,70.666
Great Britain,HUL,63.0,HARD,24.0,46.420979020979026,70.872
Great Britain,HUL,64.0,HARD,25.0,46.420979020979026,71.177
Great Britain,HUL,66.0,HARD,27.0,46.420979020979026,75.532
Great Britain,HUL,67.0,HARD,28.0,46.420979020979026,71.076
Great Britain,HUL,68.0,HARD,29.0,46.420979020979026,70.567
Great Britain,HUL,69.0,HARD,30.0,46.420979020979026,70.341
Great Britain,HUL,70.0,HARD,31.0,46.420979020979026,70.689
Great Britain,HUL,71.0,HARD,32.0,46.420979020979026,71.633
Great Britain,PER,2.0,MEDIUM,2.0,46.420979020979026,70.621
Great Britain,PER,3.0,MEDIUM,3.0,46.420979020979026,70.719
Great Britain,PER,4.0,MEDIUM,4.0,46.420979020979026,70.791
Great Britain,PER,5.0,MEDIUM,5.0,46.420979020979026,70.639
Great Britain,PER,6.0,MEDIUM,6.0,46.420979020979026,71.22
Great Britain,PER,7.0,MEDIUM,7.0,46.420979020979026,72.481
Great Britain,PER,8.0,MEDIUM,8.0,46.420979020979026,71.726
Great Britain,PER,9.0,MEDIUM,9.0,46.420979020979026,71.528
Great Britain,PER,10.0,MEDIUM,10.0,46.420979020979026,71.606
Great Britain,PER,11.0,MEDIUM,11.0,46.420979020979026,71.577
Great Britain,PER,12.0,MEDIUM,12.0,46.420979020979026,71.692
Great Britain,PER,13.0,MEDIUM,13.0,46.420979020979026,71.582
Great Britain,PER,14.0,MEDIUM,14.0,46.420979020979026,71.467
Great Britain,PER,15.0,MEDIUM,15.0,46.420979020979026,71.798
Great Britain,PER,16.0,MEDIUM,16.0,46.420979020979026,71.94
Great Britain,PER,17.0,MEDIUM,17.0,46.420979020979026,71.865
Great Britain,PER,18.0,MEDIUM,18.0,46.420979020979026,71.677
Great Britain,PER,19.0,MEDIUM,19.0,46.420979020979026,71.944
Great Britain,PER,20.0,MEDIUM,20.0,46.420979020979026,72.002
Great Britain,PER,23.0,HARD,2.0,46.420979020979026,70.817
Great Britain,PER,24.0,HARD,3.0,46.420979020979026,70.492
Great Britain,PER,25.0,HARD,4.0,46.420979020979026,70.76
Great Britain,PER,26.0,HARD,5.0,46.420979020979026,70.647
Great Britain,PER,27.0,HARD,6.0,46.420979020979026,70.525
Great Britain,PER,28.0,HARD,7.0,46.420979020979026,70.971
Great Britain,PER,29.0,HARD,8.0,46.420979020979026,70.746
Great Britain,PER,30.0,HARD,9.0,46.420979020979026,70.693
Great Britain,PER,31.0,HARD,10.0,46.420979020979026,70.767
Great Britain,PER,32.0,HARD,11.0,46.420979020979026,70.728
Great Britain,PER,33.0,HARD,12.0,46.420979020979026,70.571
Great Britain,PER,34.0,HARD,13.0,46.420979020979026,71.009
Great Britain,PER,35.0,HARD,14.0,46.420979020979026,70.886
Great Britain,PER,36.0,HARD,15.0,46.420979020979026,71.001
Great Britain,PER,37.0,HARD,16.0,46.420979020979026,71.355
Great Britain,PER,38.0,HARD,17.0,46.420979020979026,71.356
Great Britain,PER,39.0,HARD,18.0,46.420979020979026,71.456
Great Britain,PER,40.0,HARD,19.0,46.420979020979026,71.004
Great Britain,PER,41.0,HARD,20.0,46.420979020979026,71.138
Great Britain,PER,42.0,HARD,21.0,46.420979020979026,71.171
Great Britain,PER,43.0,HARD,22.0,46.420979020979026,70.918
Great Britain,PER,44.0,HARD,23.0,46.420979020979026,71.395
Great Britain,PER,45.0,HARD,24.0,46.420979020979026,71.338
Great Britain,PER,46.0,HARD,25.0,46.420979020979026,71.533
Great Britain,PER,47.0,HARD,26.0,46.420979020979026,71.431
Great Britain,PER,48.0,HARD,27.0,46.420979020979026,71.74
Great Britain,PER,49.0,HARD,28.0,46.420979020979026,71.71
Great Britain,PER,50.0,HARD,29.0,46.420979020979026,71.454
Great Britain,PER,53.0,MEDIUM,7.0,46.420979020979026,69.717
Great Britain,PER,54.0,MEDIUM,8.0,46.420979020979026,70.22
Great Britain,PER,55.0,MEDIUM,9.0,46.420979020979026,70.087
Great Britain,PER,56.0,MEDIUM,10.0,46.420979020979026,69.694
Great Britain,PER,57.0,MEDIUM,11.0,46.420979020979026,70.187
Great Britain,PER,58.0,MEDIUM,12.0,46.420979020979026,70.151
Great Britain,PER,59.0,MEDIUM,13.0,46.420979020979026,70.614
Great Britain,PER,60.0,MEDIUM,14.0,46.420979020979026,70.678
Great Britain,PER,61.0,MEDIUM,15.0,46.420979020979026,70.743
Great Britain,PER,62.0,MEDIUM,16.0,46.420979020979026,70.457
Great Britain,PER,63.0,MEDIUM,17.0,46.420979020979026,70.871
Great Britain,PER,64.0,MEDIUM,18.0,46.420979020979026,71.333
Great Britain,PER,66.0,MEDIUM,20.0,46.420979020979026,74.584
Great Britain,PER,67.0,MEDIUM,21.0,46.420979020979026,71.077
Great Britain,PER,68.0,MEDIUM,22.0,46.420979020979026,70.716
Great Britain,PER,69.0,MEDIUM,23.0,46.420979020979026,70.4
Great Britain,PER,70.0,MEDIUM,24.0,46.420979020979026,70.224
Great Britain,PER,71.0,MEDIUM,25.0,46.420979020979026,71.978
Great Britain,MAG,2.0,MEDIUM,2.0,46.420979020979026,71.184
Great Britain,MAG,3.0,MEDIUM,3.0,46.420979020979026,71.051
Great Britain,MAG,4.0,MEDIUM,4.0,46.420979020979026,71.044
Great Britain,MAG,5.0,MEDIUM,5.0,46.420979020979026,70.92
Great Britain,MAG,6.0,MEDIUM,6.0,46.420979020979026,71.213
Great Britain,MAG,7.0,MEDIUM,7.0,46.420979020979026,71.492
Great Britain,MAG,8.0,MEDIUM,8.0,46.420979020979026,71.634
Great Britain,MAG,9.0,MEDIUM,9.0,46.420979020979026,71.593
Great Britain,MAG,10.0,MEDIUM,10.0,46.420979020979026,75.218
Great Britain,MAG,12.0,HARD,2.0,46.420979020979026,71.273
Great Britain,MAG,13.0,HARD,3.0,46.420979020979026,71.965
Great Britain,MAG,14.0,HARD,4.0,46.420979020979026,70.994
Great Britain,MAG,15.0,HARD,5.0,46.420979020979026,71.215
Great Britain,MAG,16.0,HARD,6.0,46.420979020979026,71.411
Great Britain,MAG,17.0,HARD,7.0,46.420979020979026,71.243
Great Britain,MAG,18.0,HARD,8.0,46.420979020979026,71.794
Great Britain,MAG,19.0,HARD,9.0,46.420979020979026,71.565
Great Britain,MAG,20.0,HARD,10.0,46.420979020979026,71.107
Great Britain,MAG,21.0,HARD,11.0,46.420979020979026,71.473
Great Britain,MAG,22.0,HARD,12.0,46.420979020979026,71.905
Great Britain,MAG,23.0,HARD,13.0,46.420979020979026,71.862
Great Britain,MAG,24.0,HARD,14.0,46.420979020979026,72.381
Great Britain,MAG,25.0,HARD,15.0,46.420979020979026,71.693
Great Britain,MAG,26.0,HARD,16.0,46.420979020979026,71.766
Great Britain,MAG,27.0,HARD,17.0,46.420979020979026,71.791
Great Britain,MAG,28.0,HARD,18.0,46.420979020979026,71.903
Great Britain,MAG,29.0,HARD,19.0,46.420979020979026,72.036
Great Britain,MAG,30.0,HARD,20.0,46.420979020979026,71.757
Great Britain,MAG,31.0,HARD,21.0,46.420979020979026,71.628
Great Britain,MAG,32.0,HARD,22.0,46.420979020979026,71.664
Great Britain,MAG,33.0,HARD,23.0,46.420979020979026,71.543
Great Britain,MAG,34.0,HARD,24.0,46.420979020979026,71.83
Great Britain,MAG,35.0,HARD,25.0,46.420979020979026,71.832
Great Britain,MAG,36.0,HARD,26.0,46.420979020979026,72.043
Great Britain,MAG,37.0,HARD,27.0,46.420979020979026,71.815
Great Britain,MAG,38.0,HARD,28.0,46.420979020979026,75.311
Great Britain,MAG,40.0,HARD,2.0,46.420979020979026,70.866
Great Britain,MAG,41.0,HARD,3.0,46.420979020979026,70.755
Great Britain,MAG,42.0,HARD,4.0,46.420979020979026,70.62
Great Britain,MAG,43.0,HARD,5.0,46.420979020979026,70.276
Great Britain,MAG,44.0,HARD,6.0,46.420979020979026,70.419
Great Britain,MAG,45.0,HARD,7.0,46.420979020979026,70.125
Great Britain,MAG,46.0,HARD,8.0,46.420979020979026,70.365
Great Britain,MAG,47.0,HARD,9.0,46.420979020979026,70.879
Great Britain,MAG,48.0,HARD,10.0,46.420979020979026,70.707
Great Britain,MAG,49.0,HARD,11.0,46.420979020979026,70.698
Great Britain,MAG,50.0,HARD,12.0,46.420979020979026,70.631
Great Britain,MAG,51.0,HARD,13.0,46.420979020979026,70.848
Great Britain,MAG,52.0,HARD,14.0,46.420979020979026,70.786
Great Britain,MAG,53.0,HARD,15.0,46.420979020979026,70.896
Great Britain,MAG,54.0,HARD,16.0,46.420979020979026,70.905
Great Britain,MAG,55.0,HARD,17.0,46.420979020979026,70.743
Great Britain,MAG,56.0,HARD,18.0,46.420979020979026,71.652
Great Britain,MAG,57.0,HARD,19.0,46.420979020979026,70.778
Great Britain,MAG,58.0,HARD,20.0,46.420979020979026,71.01
Great Britain,MAG,59.0,HARD,21.0,46.420979020979026,71.329
Great Britain,MAG,60.0,HARD,22.0,46.420979020979026,71.114
Great Britain,MAG,61.0,HARD,23.0,46.420979020979026,71.276
Great Britain,MAG,62.0,HARD,24.0,46.420979020979026,71.148
Great Britain,MAG,63.0,HARD,25.0,46.420979020979026,71.075
Great Britain,MAG,64.0,HARD,26.0,46.420979020979026,71.252
Great Britain,MAG,66.0,HARD,28.0,46.420979020979026,72.671
Great Britain,MAG,67.0,HARD,29.0,46.420979020979026,71.116
Great Britain,MAG,68.0,HARD,30.0,46.420979020979026,70.945
Great Britain,MAG,69.0,HARD,31.0,46.420979020979026,70.808
Great Britain,MAG,70.0,HARD,32.0,46.420979020979026,71.145
Great Britain,MAG,71.0,HARD,33.0,46.420979020979026,71.388
Great Britain,RIC,2.0,MEDIUM,2.0,46.420979020979026,71.645
Great Britain,RIC,3.0,MEDIUM,3.0,46.420979020979026,71.361
Great Britain,RIC,4.0,MEDIUM,4.0,46.420979020979026,71.195
Great Britain,RIC,5.0,MEDIUM,5.0,46.420979020979026,71.032
Great Britain,RIC,6.0,MEDIUM,6.0,46.420979020979026,71.104
Great Britain,RIC,7.0,MEDIUM,7.0,46.420979020979026,71.398
Great Britain,RIC,8.0,MEDIUM,8.0,46.420979020979026,71.708
Great Britain,RIC,9.0,MEDIUM,9.0,46.420979020979026,71.451
Great Britain,RIC,10.0,MEDIUM,10.0,46.420979020979026,74.904
Great Britain,RIC,12.0,HARD,2.0,46.420979020979026,71.27
Great Britain,RIC,13.0,HARD,3.0,46.420979020979026,71.448
Great Britain,RIC,14.0,HARD,4.0,46.420979020979026,71.507
Great Britain,RIC,15.0,HARD,5.0,46.420979020979026,71.377
Great Britain,RIC,16.0,HARD,6.0,46.420979020979026,71.633
Great Britain,RIC,17.0,HARD,7.0,46.420979020979026,71.376
Great Britain,RIC,18.0,HARD,8.0,46.420979020979026,71.658
Great Britain,RIC,19.0,HARD,9.0,46.420979020979026,72.066
Great Britain,RIC,20.0,HARD,10.0,46.420979020979026,71.375
Great Britain,RIC,21.0,HARD,11.0,46.420979020979026,71.37
Great Britain,RIC,22.0,HARD,12.0,46.420979020979026,72.24
Great Britain,RIC,23.0,HARD,13.0,46.420979020979026,71.394
Great Britain,RIC,24.0,HARD,14.0,46.420979020979026,71.467
Great Britain,RIC,25.0,HARD,15.0,46.420979020979026,71.621
Great Britain,RIC,26.0,HARD,16.0,46.420979020979026,71.663
Great Britain,RIC,27.0,HARD,17.0,46.420979020979026,71.682
Great Britain,RIC,28.0,HARD,18.0,46.420979020979026,71.742
Great Britain,RIC,29.0,HARD,19.0,46.420979020979026,72.013
Great Britain,RIC,30.0,HARD,20.0,46.420979020979026,71.852
Great Britain,RIC,31.0,HARD,21.0,46.420979020979026,71.667
Great Britain,RIC,32.0,HARD,22.0,46.420979020979026,71.929
Great Britain,RIC,33.0,HARD,23.0,46.420979020979026,71.633
Great Britain,RIC,34.0,HARD,24.0,46.420979020979026,71.904
Great Britain,RIC,35.0,HARD,25.0,46.420979020979026,72.009
Great Britain,RIC,36.0,HARD,26.0,46.420979020979026,72.057
Great Britain,RIC,37.0,HARD,27.0,46.420979020979026,75.305
Great Britain,RIC,39.0,HARD,2.0,46.420979020979026,70.788
Great Britain,RIC,40.0,HARD,3.0,46.420979020979026,70.856
Great Britain,RIC,41.0,HARD,4.0,46.420979020979026,70.73
Great Britain,RIC,42.0,HARD,5.0,46.420979020979026,70.594
Great Britain,RIC,43.0,HARD,6.0,46.420979020979026,70.743
Great Britain,RIC,44.0,HARD,7.0,46.420979020979026,70.943
Great Britain,RIC,45.0,HARD,8.0,46.420979020979026,70.828
Great Britain,RIC,46.0,HARD,9.0,46.420979020979026,70.923
Great Britain,RIC,47.0,HARD,10.0,46.420979020979026,70.673
Great Britain,RIC,48.0,HARD,11.0,46.420979020979026,70.646
Great Britain,RIC,49.0,HARD,12.0,46.420979020979026,70.426
Great Britain,RIC,50.0,HARD,13.0,46.420979020979026,70.518
Great Britain,RIC,51.0,HARD,14.0,46.420979020979026,71.048
Great Britain,RIC,52.0,HARD,15.0,46.420979020979026,70.939
Great Britain,RIC,53.0,HARD,16.0,46.420979020979026,71.896
Great Britain,RIC,54.0,HARD,17.0,46.420979020979026,70.869
Great Britain,RIC,55.0,HARD,18.0,46.420979020979026,70.875
Great Britain,RIC,56.0,HARD,19.0,46.420979020979026,70.56
Great Britain,RIC,57.0,HARD,20.0,46.420979020979026,70.616
Great Britain,RIC,58.0,HARD,21.0,46.420979020979026,70.91
Great Britain,RIC,59.0,HARD,22.0,46.420979020979026,70.907
Great Britain,RIC,60.0,HARD,23.0,46.420979020979026,70.581
Great Britain,RIC,61.0,HARD,24.0,46.420979020979026,70.929
Great Britain,RIC,62.0,HARD,25.0,46.420979020979026,71.048
Great Britain,RIC,63.0,HARD,26.0,46.420979020979026,71.276
Great Britain,RIC,64.0,HARD,27.0,46.420979020979026,71.574
Great Britain,RIC,66.0,HARD,29.0,46.420979020979026,71.683
Great Britain,RIC,67.0,HARD,30.0,46.420979020979026,71.068
Great Britain,RIC,68.0,HARD,31.0,46.420979020979026,70.652
Great Britain,RIC,69.0,HARD,32.0,46.420979020979026,70.792
Great Britain,RIC,70.0,HARD,33.0,46.420979020979026,71.125
Great Britain,RIC,71.0,HARD,34.0,46.420979020979026,71.38
Great Britain,GAS,2.0,MEDIUM,2.0,46.420979020979026,71.383
Great Britain,GAS,3.0,MEDIUM,3.0,46.420979020979026,71.19
Great Britain,GAS,4.0,MEDIUM,4.0,46.420979020979026,71.045
Great Britain,GAS,5.0,MEDIUM,5.0,46.420979020979026,71.011
Great Britain,GAS,6.0,MEDIUM,6.0,46.420979020979026,71.138
Great Britain,GAS,7.0,MEDIUM,7.0,46.420979020979026,71.513
Great Britain,GAS,8.0,MEDIUM,8.0,46.420979020979026,71.679
Great Britain,GAS,9.0,MEDIUM,9.0,46.420979020979026,71.509
Great Britain,GAS,10.0,MEDIUM,10.0,46.420979020979026,72.132
Great Britain,GAS,11.0,MEDIUM,11.0,46.420979020979026,71.94
Great Britain,GAS,12.0,MEDIUM,12.0,46.420979020979026,71.956
Great Britain,GAS,13.0,MEDIUM,13.0,46.420979020979026,71.705
Great Britain,GAS,14.0,MEDIUM,14.0,46.420979020979026,71.921
Great Britain,GAS,15.0,MEDIUM,15.0,46.420979020979026,72.089
Great Britain,GAS,16.0,MEDIUM,16.0,46.420979020979026,72.38
Great Britain,GAS,17.0,MEDIUM,17.0,46.420979020979026,72.368
Great Britain,GAS,18.0,MEDIUM,18.0,46.420979020979026,72.449
Great Britain,GAS,19.0,MEDIUM,19.0,46.420979020979026,72.472
Great Britain,GAS,20.0,MEDIUM,20.0,46.420979020979026,75.809
Great Britain,GAS,22.0,HARD,2.0,46.420979020979026,71.212
Great Britain,GAS,23.0,HARD,3.0,46.420979020979026,71.075
Great Britain,GAS,24.0,HARD,4.0,46.420979020979026,70.917
Great Britain,GAS,25.0,HARD,5.0,46.420979020979026,70.725
Great Britain,GAS,26.0,HARD,6.0,46.420979020979026,71.163
Great Britain,GAS,27.0,HARD,7.0,46.420979020979026,71.343
Great Britain,GAS,28.0,HARD,8.0,46.420979020979026,71.223
Great Britain,GAS,29.0,HARD,9.0,46.420979020979026,71.727
Great Britain,GAS,30.0,HARD,10.0,46.420979020979026,71.535
Great Britain,GAS,31.0,HARD,11.0,46.420979020979026,71.789
Great Britain,GAS,32.0,HARD,12.0,46.420979020979026,71.928
Great Britain,GAS,33.0,HARD,13.0,46.420979020979026,71.814
Great Britain,GAS,34.0,HARD,14.0,46.420979020979026,71.91
Great Britain,GAS,35.0,HARD,15.0,46.420979020979026,72.924
Great Britain,GAS,36.0,HARD,16.0,46.420979020979026,71.622
Great Britain,GAS,37.0,HARD,17.0,46.420979020979026,71.641
Great Britain,GAS,38.0,HARD,18.0,46.420979020979026,71.399
Great Britain,GAS,39.0,HARD,19.0,46.420979020979026,71.778
Great Britain,GAS,40.0,HARD,20.0,46.420979020979026,71.817
Great Britain,GAS,41.0,HARD,21.0,46.420979020979026,71.965
Great Britain,GAS,42.0,HARD,22.0,46.420979020979026,75.358
Great Britain,GAS,44.0,MEDIUM,2.0,46.420979020979026,69.613
Great Britain,GAS,45.0,MEDIUM,3.0,46.420979020979026,69.609
Great Britain,GAS,46.0,MEDIUM,4.0,46.420979020979026,70.076
Great Britain,GAS,47.0,MEDIUM,5.0,46.420979020979026,70.337
Great Britain,GAS,48.0,MEDIUM,6.0,46.420979020979026,70.565
Great Britain,GAS,49.0,MEDIUM,7.0,46.420979020979026,70.566
Great Britain,GAS,50.0,MEDIUM,8.0,46.420979020979026,70.559
Great Britain,GAS,51.0,MEDIUM,9.0,46.420979020979026,70.594
Great Britain,GAS,52.0,MEDIUM,10.0,46.420979020979026,70.306
Great Britain,GAS,53.0,MEDIUM,11.0,46.420979020979026,70.566
Great Britain,GAS,54.0,MEDIUM,12.0,46.420979020979026,70.821
Great Britain,GAS,55.0,MEDIUM,13.0,46.420979020979026,70.631
Great Britain,GAS,56.0,MEDIUM,14.0,46.420979020979026,70.438
Great Britain,GAS,57.0,MEDIUM,15.0,46.420979020979026,70.488
Great Britain,GAS,58.0,MEDIUM,16.0,46.420979020979026,70.939
Great Britain,GAS,59.0,MEDIUM,17.0,46.420979020979026,70.922
Great Britain,GAS,60.0,MEDIUM,18.0,46.420979020979026,70.594
Great Britain,GAS,61.0,MEDIUM,19.0,46.420979020979026,71.213
Great Britain,GAS,62.0,MEDIUM,20.0,46.420979020979026,71.189
Great Britain,GAS,63.0,MEDIUM,21.0,46.420979020979026,71.493
Great Britain,GAS,64.0,MEDIUM,22.0,46.420979020979026,71.2
Great Britain,GAS,66.0,MEDIUM,24.0,46.420979020979026,71.797
Great Britain,GAS,67.0,MEDIUM,25.0,46.420979020979026,70.894
Great Britain,GAS,68.0,MEDIUM,26.0,46.420979020979026,70.546
Great Britain,GAS,69.0,MEDIUM,27.0,46.420979020979026,70.938
Great Britain,GAS,70.0,MEDIUM,28.0,46.420979020979026,71.159
Great Britain,GAS,71.0,MEDIUM,29.0,46.420979020979026,71.15
Great Britain,LEC,3.0,HARD,2.0,46.420979020979026,70.738
Great Britain,LEC,4.0,HARD,3.0,46.420979020979026,70.326
Great Britain,LEC,5.0,HARD,4.0,46.420979020979026,70.685
Great Britain,LEC,6.0,HARD,5.0,46.420979020979026,70.57
Great Britain,LEC,7.0,HARD,6.0,46.420979020979026,70.88
Great Britain,LEC,8.0,HARD,7.0,46.420979020979026,70.735
Great Britain,LEC,9.0,HARD,8.0,46.420979020979026,70.806
Great Britain,LEC,10.0,HARD,9.0,46.420979020979026,70.879
Great Britain,LEC,11.0,HARD,10.0,46.420979020979026,71.141
Great Britain,LEC,12.0,HARD,11.0,46.420979020979026,71.389
Great Britain,LEC,13.0,HARD,12.0,46.420979020979026,71.459
Great Britain,LEC,14.0,HARD,13.0,46.420979020979026,72.652
Great Britain,LEC,15.0,HARD,14.0,46.420979020979026,71.728
Great Britain,LEC,16.0,HARD,15.0,46.420979020979026,75.204
Great Britain,LEC,18.0,MEDIUM,2.0,46.420979020979026,71.199
Great Britain,LEC,19.0,MEDIUM,3.0,46.420979020979026,71.157
Great Britain,LEC,20.0,MEDIUM,4.0,46.420979020979026,71.041
Great Britain,LEC,21.0,MEDIUM,5.0,46.420979020979026,70.952
Great Britain,LEC,22.0,MEDIUM,6.0,46.420979020979026,70.639
Great Britain,LEC,23.0,MEDIUM,7.0,46.420979020979026,70.5
Great Britain,LEC,24.0,MEDIUM,8.0,46.420979020979026,70.622
Great Britain,LEC,25.0,MEDIUM,9.0,46.420979020979026,70.459
Great Britain,LEC,26.0,MEDIUM,10.0,46.420979020979026,70.309
Great Britain,LEC,27.0,MEDIUM,11.0,46.420979020979026,70.726
Great Britain,LEC,28.0,MEDIUM,12.0,46.420979020979026,71.475
Great Britain,LEC,29.0,MEDIUM,13.0,46.420979020979026,70.795
Great Britain,LEC,30.0,MEDIUM,14.0,46.420979020979026,70.401
Great Britain,LEC,31.0,MEDIUM,15.0,46.420979020979026,70.681
Great Britain,LEC,32.0,MEDIUM,16.0,46.420979020979026,70.736
Great Britain,LEC,33.0,MEDIUM,17.0,46.420979020979026,74.757
Great Britain,LEC,35.0,MEDIUM,3.0,46.420979020979026,70.055
Great Britain,LEC,36.0,MEDIUM,4.0,46.420979020979026,69.894
Great Britain,LEC,37.0,MEDIUM,5.0,46.420979020979026,70.008
Great Britain,LEC,38.0,MEDIUM,6.0,46.420979020979026,70.477
Great Britain,LEC,39.0,MEDIUM,7.0,46.420979020979026,70.143
Great Britain,LEC,40.0,MEDIUM,8.0,46.420979020979026,70.308
Great Britain,LEC,41.0,MEDIUM,9.0,46.420979020979026,70.368
Great Britain,LEC,42.0,MEDIUM,10.0,46.420979020979026,70.118
Great Britain,LEC,43.0,MEDIUM,11.0,46.420979020979026,70.946
Great Britain,LEC,44.0,MEDIUM,12.0,46.420979020979026,70.543
Great Britain,LEC,45.0,MEDIUM,13.0,46.420979020979026,70.193
Great Britain,LEC,46.0,MEDIUM,14.0,46.420979020979026,70.522
Great Britain,LEC,47.0,MEDIUM,15.0,46.420979020979026,70.789
Great Britain,LEC,48.0,MEDIUM,16.0,46.420979020979026,70.595
Great Britain,LEC,49.0,MEDIUM,17.0,46.420979020979026,70.568
Great Britain,LEC,50.0,MEDIUM,18.0,46.420979020979026,71.739
Great Britain,LEC,51.0,MEDIUM,19.0,46.420979020979026,73.925
Great Britain,LEC,53.0,MEDIUM,8.0,46.420979020979026,70.734
Great Britain,LEC,54.0,MEDIUM,9.0,46.420979020979026,69.683
Great Britain,LEC,55.0,MEDIUM,10.0,46.420979020979026,69.584
Great Britain,LEC,56.0,MEDIUM,11.0,46.420979020979026,69.801
Great Britain,LEC,57.0,MEDIUM,12.0,46.420979020979026,69.687
Great Britain,LEC,58.0,MEDIUM,13.0,46.420979020979026,69.649
Great Britain,LEC,59.0,MEDIUM,14.0,46.420979020979026,70.285
Great Britain,LEC,60.0,MEDIUM,15.0,46.420979020979026,70.36
Great Britain,LEC,61.0,MEDIUM,16.0,46.420979020979026,69.931
Great Britain,LEC,62.0,MEDIUM,17.0,46.420979020979026,69.857
Great Britain,LEC,63.0,MEDIUM,18.0,46.420979020979026,70.518
Great Britain,LEC,64.0,MEDIUM,19.0,46.420979020979026,70.092
Great Britain,LEC,66.0,MEDIUM,21.0,46.420979020979026,69.776
Great Britain,LEC,67.0,MEDIUM,22.0,46.420979020979026,70.353
Great Britain,LEC,68.0,MEDIUM,23.0,46.420979020979026,70.413
Great Britain,LEC,69.0,MEDIUM,24.0,46.420979020979026,70.739
Great Britain,LEC,70.0,MEDIUM,25.0,46.420979020979026,70.488
Great Britain,LEC,71.0,MEDIUM,26.0,46.420979020979026,70.256
Great Britain,OCO,2.0,MEDIUM,2.0,46.420979020979026,71.478
Great Britain,OCO,3.0,MEDIUM,3.0,46.420979020979026,71.036
Great Britain,OCO,4.0,MEDIUM,4.0,46.420979020979026,70.919
Great Britain,OCO,5.0,MEDIUM,5.0,46.420979020979026,71.044
Great Britain,OCO,6.0,MEDIUM,6.0,46.420979020979026,71.182
Great Britain,OCO,7.0,MEDIUM,7.0,46.420979020979026,71.587
Great Britain,OCO,8.0,MEDIUM,8.0,46.420979020979026,71.63
Great Britain,OCO,9.0,MEDIUM,9.0,46.420979020979026,71.589
Great Britain,OCO,10.0,MEDIUM,10.0,46.420979020979026,71.884
Great Britain,OCO,11.0,MEDIUM,11.0,46.420979020979026,71.935
Great Britain,OCO,12.0,MEDIUM,12.0,46.420979020979026,71.807
Great Britain,OCO,13.0,MEDIUM,13.0,46.420979020979026,72.137
Great Britain,OCO,14.0,MEDIUM,14.0,46.420979020979026,72.017
Great Britain,OCO,15.0,MEDIUM,15.0,46.420979020979026,72.178
Great Britain,OCO,16.0,MEDIUM,16.0,46.420979020979026,72.263
Great Britain,OCO,17.0,MEDIUM,17.0,46.420979020979026,72.349
Great Britain,OCO,18.0,MEDIUM,18.0,46.420979020979026,72.182
Great Britain,OCO,19.0,MEDIUM,19.0,46.420979020979026,76.146
Great Britain,OCO,21.0,HARD,2.0,46.420979020979026,71.198
Great Britain,OCO,22.0,HARD,3.0,46.420979020979026,71.526
Great Britain,OCO,23.0,HARD,4.0,46.420979020979026,70.86
Great Britain,OCO,24.0,HARD,5.0,46.420979020979026,70.897
Great Britain,OCO,25.0,HARD,6.0,46.420979020979026,71.155
Great Britain,OCO,26.0,HARD,7.0,46.420979020979026,71.193
Great Britain,OCO,27.0,HARD,8.0,46.420979020979026,71.267
Great Britain,OCO,28.0,HARD,9.0,46.420979020979026,71.369
Great Britain,OCO,29.0,HARD,10.0,46.420979020979026,72.031
Great Britain,OCO,30.0,HARD,11.0,46.420979020979026,71.95
Great Britain,OCO,31.0,HARD,12.0,46.420979020979026,71.737
Great Britain,OCO,32.0,HARD,13.0,46.420979020979026,71.938
Great Britain,OCO,33.0,HARD,14.0,46.420979020979026,71.658
Great Britain,OCO,34.0,HARD,15.0,46.420979020979026,72.058
Great Britain,OCO,35.0,HARD,16.0,46.420979020979026,72.553
Great Britain,OCO,36.0,HARD,17.0,46.420979020979026,71.583
Great Britain,OCO,37.0,HARD,18.0,46.420979020979026,71.745
Great Britain,OCO,38.0,HARD,19.0,46.420979020979026,71.375
Great Britain,OCO,39.0,HARD,20.0,46.420979020979026,71.967
Great Britain,OCO,40.0,HARD,21.0,46.420979020979026,72.992
Great Britain,OCO,41.0,HARD,22.0,46.420979020979026,72.323
Great Britain,OCO,42.0,HARD,23.0,46.420979020979026,71.754
Great Britain,OCO,43.0,HARD,24.0,46.420979020979026,75.176
Great Britain,OCO,45.0,MEDIUM,2.0,46.420979020979026,69.649
Great Britain,OCO,46.0,MEDIUM,3.0,46.420979020979026,69.894
Great Britain,OCO,47.0,MEDIUM,4.0,46.420979020979026,70.161
Great Britain,OCO,48.0,MEDIUM,5.0,46.420979020979026,70.225
Great Britain,OCO,49.0,MEDIUM,6.0,46.420979020979026,70.189
Great Britain,OCO,50.0,MEDIUM,7.0,46.420979020979026,70.526
Great Britain,OCO,51.0,MEDIUM,8.0,46.420979020979026,70.93
Great Britain,OCO,52.0,MEDIUM,9.0,46.420979020979026,70.468
Great Britain,OCO,53.0,MEDIUM,10.0,46.420979020979026,70.776
Great Britain,OCO,54.0,MEDIUM,11.0,46.420979020979026,70.459
Great Britain,OCO,55.0,MEDIUM,12.0,46.420979020979026,70.504
Great Britain,OCO,56.0,MEDIUM,13.0,46.420979020979026,70.491
Great Britain,OCO,57.0,MEDIUM,14.0,46.420979020979026,70.762
Great Britain,OCO,58.0,MEDIUM,15.0,46.420979020979026,71.106
Great Britain,OCO,59.0,MEDIUM,16.0,46.420979020979026,71.355
Great Britain,OCO,60.0,MEDIUM,17.0,46.420979020979026,70.962
Great Britain,OCO,61.0,MEDIUM,18.0,46.420979020979026,72.917
Great Britain,OCO,62.0,MEDIUM,19.0,46.420979020979026,71.462
Great Britain,OCO,63.0,MEDIUM,20.0,46.420979020979026,71.545
Great Britain,OCO,64.0,MEDIUM,21.0,46.420979020979026,71.411
Great Britain,OCO,66.0,MEDIUM,23.0,46.420979020979026,71.192
Great Britain,OCO,67.0,MEDIUM,24.0,46.420979020979026,70.886
Great Britain,OCO,68.0,MEDIUM,25.0,46.420979020979026,70.816
Great Britain,OCO,69.0,MEDIUM,26.0,46.420979020979026,70.95
Great Britain,OCO,70.0,MEDIUM,27.0,46.420979020979026,72.052
Great Britain,OCO,71.0,MEDIUM,28.0,46.420979020979026,70.668
Great Britain,STR,2.0,MEDIUM,3.0,46.420979020979026,72.248
Great Britain,STR,3.0,MEDIUM,4.0,46.420979020979026,71.654
Great Britain,STR,4.0,MEDIUM,5.0,46.420979020979026,71.336
Great Britain,STR,5.0,MEDIUM,6.0,46.420979020979026,71.416
Great Britain,STR,6.0,MEDIUM,7.0,46.420979020979026,71.486
Great Britain,STR,7.0,MEDIUM,8.0,46.420979020979026,71.837
Great Britain,STR,8.0,MEDIUM,9.0,46.420979020979026,71.701
Great Britain,STR,9.0,MEDIUM,10.0,46.420979020979026,71.54
Great Britain,STR,10.0,MEDIUM,11.0,46.420979020979026,71.695
Great Britain,STR,11.0,MEDIUM,12.0,46.420979020979026,72.093
Great Britain,STR,12.0,MEDIUM,13.0,46.420979020979026,72.055
Great Britain,STR,13.0,MEDIUM,14.0,46.420979020979026,72.195
Great Britain,STR,14.0,MEDIUM,15.0,46.420979020979026,72.029
Great Britain,STR,15.0,MEDIUM,16.0,46.420979020979026,72.369
Great Britain,STR,16.0,MEDIUM,17.0,46.420979020979026,72.388
Great Britain,STR,17.0,MEDIUM,18.0,46.420979020979026,72.581
Great Britain,STR,18.0,MEDIUM,19.0,46.420979020979026,72.576
Great Britain,STR,19.0,MEDIUM,20.0,46.420979020979026,72.663
Great Britain,STR,22.0,MEDIUM,2.0,46.420979020979026,71.25
Great Britain,STR,23.0,MEDIUM,3.0,46.420979020979026,71.033
Great Britain,STR,24.0,MEDIUM,4.0,46.420979020979026,71.309
Great Britain,STR,25.0,MEDIUM,5.0,46.420979020979026,71.478
Great Britain,STR,26.0,MEDIUM,6.0,46.420979020979026,71.397
Great Britain,STR,27.0,MEDIUM,7.0,46.420979020979026,71.413
Great Britain,STR,28.0,MEDIUM,8.0,46.420979020979026,71.464
Great Britain,STR,29.0,MEDIUM,9.0,46.420979020979026,71.378
Great Britain,STR,30.0,MEDIUM,10.0,46.420979020979026,71.349
Great Britain,STR,31.0,MEDIUM,11.0,46.420979020979026,71.344
Great Britain,STR,32.0,MEDIUM,12.0,46.420979020979026,71.275
Great Britain,STR,33.0,MEDIUM,13.0,46.420979020979026,71.365
Great Britain,STR,34.0,MEDIUM,14.0,46.420979020979026,71.625
Great Britain,STR,35.0,MEDIUM,15.0,46.420979020979026,71.826
Great Britain,STR,36.0,MEDIUM,16.0,46.420979020979026,72.029
Great Britain,STR,37.0,MEDIUM,17.0,46.420979020979026,71.884
Great Britain,STR,38.0,MEDIUM,18.0,46.420979020979026,72.042
Great Britain,STR,39.0,MEDIUM,19.0,46.420979020979026,72.507
Great Britain,STR,40.0,MEDIUM,20.0,46.420979020979026,72.3
Great Britain,STR,41.0,MEDIUM,21.0,46.420979020979026,71.896
Great Britain,STR,42.0,MEDIUM,22.0,46.420979020979026,71.585
Great Britain,STR,43.0,MEDIUM,23.0,46.420979020979026,74.734
Great Britain,STR,45.0,HARD,3.0,46.420979020979026,70.453
Great Britain,STR,46.0,HARD,4.0,46.420979020979026,70.567
Great Britain,STR,47.0,HARD,5.0,46.420979020979026,70.435
Great Britain,STR,48.0,HARD,6.0,46.420979020979026,70.443
Great Britain,STR,49.0,HARD,7.0,46.420979020979026,70.42
Great Britain,STR,50.0,HARD,8.0,46.420979020979026,70.52
Great Britain,STR,51.0,HARD,9.0,46.420979020979026,70.707
Great Britain,STR,52.0,HARD,10.0,46.420979020979026,70.561
Great Britain,STR,53.0,HARD,11.0,46.420979020979026,70.565
Great Britain,STR,54.0,HARD,12.0,46.420979020979026,70.143
Great Britain,STR,55.0,HARD,13.0,46.420979020979026,72.569
Great Britain,STR,56.0,HARD,14.0,46.420979020979026,70.437
Great Britain,STR,57.0,HARD,15.0,46.420979020979026,70.822
Great Britain,STR,58.0,HARD,16.0,46.420979020979026,70.638
Great Britain,STR,59.0,HARD,17.0,46.420979020979026,71.099
Great Britain,STR,60.0,HARD,18.0,46.420979020979026,70.984
Great Britain,STR,61.0,HARD,19.0,46.420979020979026,70.7
Great Britain,STR,62.0,HARD,20.0,46.420979020979026,72.102
Great Britain,STR,63.0,HARD,21.0,46.420979020979026,72.987
Great Britain,STR,64.0,HARD,22.0,46.420979020979026,71.322
Great Britain,STR,66.0,HARD,24.0,46.420979020979026,72.255
Great Britain,STR,67.0,HARD,25.0,46.420979020979026,73.949
Great Britain,STR,68.0,HARD,26.0,46.420979020979026,70.91
Great Britain,STR,69.0,HARD,27.0,46.420979020979026,70.935
Great Britain,STR,70.0,HARD,28.0,46.420979020979026,71.538
Great Britain,TSU,2.0,MEDIUM,2.0,46.420979020979026,71.613
Great Britain,TSU,3.0,MEDIUM,3.0,46.420979020979026,71.537
Great Britain,TSU,4.0,MEDIUM,4.0,46.420979020979026,71.316
Great Britain,TSU,5.0,MEDIUM,5.0,46.420979020979026,71.406
Great Britain,TSU,6.0,MEDIUM,6.0,46.420979020979026,71.401
Great Britain,TSU,7.0,MEDIUM,7.0,46.420979020979026,71.607
Great Britain,TSU,8.0,MEDIUM,8.0,46.420979020979026,71.722
Great Britain,TSU,9.0,MEDIUM,9.0,46.420979020979026,71.521
Great Britain,TSU,10.0,MEDIUM,10.0,46.420979020979026,71.674
Great Britain,TSU,11.0,MEDIUM,11.0,46.420979020979026,71.8
Great Britain,TSU,12.0,MEDIUM,12.0,46.420979020979026,71.924
Great Britain,TSU,13.0,MEDIUM,13.0,46.420979020979026,72.167
Great Britain,TSU,14.0,MEDIUM,14.0,46.420979020979026,72.095
Great Britain,TSU,15.0,MEDIUM,15.0,46.420979020979026,72.329
Great Britain,TSU,16.0,MEDIUM,16.0,46.420979020979026,72.447
Great Britain,TSU,17.0,MEDIUM,17.0,46.420979020979026,72.463
Great Britain,TSU,18.0,MEDIUM,18.0,46.420979020979026,72.484
Great Britain,TSU,19.0,MEDIUM,19.0,46.420979020979026,72.571
Great Britain,TSU,20.0,MEDIUM,20.0,46.420979020979026,72.652
Great Britain,TSU,23.0,HARD,2.0,46.420979020979026,71.011
Great Britain,TSU,24.0,HARD,3.0,46.420979020979026,71.463
Great Britain,TSU,25.0,HARD,4.0,46.420979020979026,71.534
Great Britain,TSU,26.0,HARD,5.0,46.420979020979026,71.145
Great Britain,TSU,27.0,HARD,6.0,46.420979020979026,71.262
Great Britain,TSU,28.0,HARD,7.0,46.420979020979026,71.281
Great Britain,TSU,29.0,HARD,8.0,46.420979020979026,71.232
Great Britain,TSU,30.0,HARD,9.0,46.420979020979026,71.245
Great Britain,TSU,31.0,HARD,10.0,46.420979020979026,71.128
Great Britain,TSU,32.0,HARD,11.0,46.420979020979026,71.361
Great Britain,TSU,33.0,HARD,12.0,46.420979020979026,71.368
Great Britain,TSU,34.0,HARD,13.0,46.420979020979026,71.754
Great Britain,TSU,35.0,HARD,14.0,46.420979020979026,71.942
Great Britain,TSU,36.0,HARD,15.0,46.420979020979026,71.95
Great Britain,TSU,37.0,HARD,16.0,46.420979020979026,71.94
Great Britain,TSU,38.0,HARD,17.0,46.420979020979026,71.594
Great Britain,TSU,39.0,HARD,18.0,46.420979020979026,71.688
Great Britain,TSU,40.0,HARD,19.0,46.420979020979026,71.737
Great Britain,TSU,41.0,HARD,20.0,46.420979020979026,71.872
Great Britain,TSU,42.0,HARD,21.0,46.420979020979026,71.839
Great Britain,TSU,43.0,HARD,22.0,46.420979020979026,71.859
Great Britain,TSU,44.0,HARD,23.0,46.420979020979026,75.062
Great Britain,TSU,46.0,HARD,2.0,46.420979020979026,70.947
Great Britain,TSU,47.0,HARD,3.0,46.420979020979026,70.809
Great Britain,TSU,48.0,HARD,4.0,46.420979020979026,70.587
Great Britain,TSU,49.0,HARD,5.0,46.420979020979026,70.6
Great Britain,TSU,50.0,HARD,6.0,46.420979020979026,70.556
Great Britain,TSU,51.0,HARD,7.0,46.420979020979026,70.7
Great Britain,TSU,52.0,HARD,8.0,46.420979020979026,70.762
Great Britain,TSU,53.0,HARD,9.0,46.420979020979026,73.342
Great Britain,TSU,54.0,HARD,10.0,46.420979020979026,70.318
Great Britain,TSU,55.0,HARD,11.0,46.420979020979026,70.648
Great Britain,TSU,56.0,HARD,12.0,46.420979020979026,70.621
Great Britain,TSU,57.0,HARD,13.0,46.420979020979026,71.613
Great Britain,TSU,58.0,HARD,14.0,46.420979020979026,70.916
Great Britain,TSU,59.0,HARD,15.0,46.420979020979026,70.879
Great Britain,TSU,60.0,HARD,16.0,46.420979020979026,70.847
Great Britain,TSU,61.0,HARD,17.0,46.420979020979026,72.473
Great Britain,TSU,62.0,HARD,18.0,46.420979020979026,70.964
Great Britain,TSU,63.0,HARD,19.0,46.420979020979026,74.31
Great Britain,TSU,64.0,HARD,20.0,46.420979020979026,71.743
Great Britain,TSU,66.0,HARD,22.0,46.420979020979026,70.914
Great Britain,TSU,67.0,HARD,23.0,46.420979020979026,70.845
Great Britain,TSU,68.0,HARD,24.0,46.420979020979026,71.048
Great Britain,TSU,69.0,HARD,25.0,46.420979020979026,70.785
Great Britain,TSU,70.0,HARD,26.0,46.420979020979026,71.09
Great Britain,ALB,2.0,MEDIUM,2.0,46.420979020979026,72.328
Great Britain,ALB,3.0,MEDIUM,3.0,46.420979020979026,71.489
Great Britain,ALB,4.0,MEDIUM,4.0,46.420979020979026,71.506
Great Britain,ALB,5.0,MEDIUM,5.0,46.420979020979026,71.402
Great Britain,ALB,6.0,MEDIUM,6.0,46.420979020979026,71.389
Great Britain,ALB,7.0,MEDIUM,7.0,46.420979020979026,71.836
Great Britain,ALB,8.0,MEDIUM,8.0,46.420979020979026,71.627
Great Britain,ALB,9.0,MEDIUM,9.0,46.420979020979026,71.446
Great Britain,ALB,10.0,MEDIUM,10.0,46.420979020979026,71.789
Great Britain,ALB,11.0,MEDIUM,11.0,46.420979020979026,72.06
Great Britain,ALB,12.0,MEDIUM,12.0,46.420979020979026,74.616
Great Britain,ALB,14.0,HARD,2.0,46.420979020979026,71.379
Great Britain,ALB,15.0,HARD,3.0,46.420979020979026,71.266
Great Britain,ALB,16.0,HARD,4.0,46.420979020979026,71.342
Great Britain,ALB,17.0,HARD,5.0,46.420979020979026,71.486
Great Britain,ALB,18.0,HARD,6.0,46.420979020979026,71.564
Great Britain,ALB,19.0,HARD,7.0,46.420979020979026,71.602
Great Britain,ALB,20.0,HARD,8.0,46.420979020979026,71.677
Great Britain,ALB,21.0,HARD,9.0,46.420979020979026,71.28
Great Britain,ALB,22.0,HARD,10.0,46.420979020979026,71.653
Great Britain,ALB,23.0,HARD,11.0,46.420979020979026,72.175
Great Britain,ALB,24.0,HARD,12.0,46.420979020979026,71.171
Great Britain,ALB,25.0,HARD,13.0,46.420979020979026,72.308
Great Britain,ALB,26.0,HARD,14.0,46.420979020979026,71.37
Great Britain,ALB,27.0,HARD,15.0,46.420979020979026,71.872
Great Britain,ALB,28.0,HARD,16.0,46.420979020979026,71.931
Great Britain,ALB,29.0,HARD,17.0,46.420979020979026,71.717
Great Britain,ALB,30.0,HARD,18.0,46.420979020979026,71.618
Great Britain,ALB,31.0,HARD,19.0,46.420979020979026,71.888
Great Britain,ALB,32.0,HARD,20.0,46.420979020979026,71.931
Great Britain,ALB,33.0,HARD,21.0,46.420979020979026,71.767
Great Britain,ALB,34.0,HARD,22.0,46.420979020979026,72.038
Great Britain,ALB,35.0,HARD,23.0,46.420979020979026,72.367
Great Britain,ALB,36.0,HARD,24.0,46.420979020979026,71.99
Great Britain,ALB,37.0,HARD,25.0,46.420979020979026,73.504
Great Britain,ALB,38.0,HARD,26.0,46.420979020979026,71.964
Great Britain,ALB,41.0,HARD,2.0,46.420979020979026,70.364
Great Britain,ALB,42.0,HARD,3.0,46.420979020979026,70.736
Great Britain,ALB,43.0,HARD,4.0,46.420979020979026,71.011
Great Britain,ALB,44.0,HARD,5.0,46.420979020979026,70.848
Great Britain,ALB,45.0,HARD,6.0,46.420979020979026,70.649
Great Britain,ALB,46.0,HARD,7.0,46.420979020979026,70.913
Great Britain,ALB,47.0,HARD,8.0,46.420979020979026,70.936
Great Britain,ALB,48.0,HARD,9.0,46.420979020979026,70.661
Great Britain,ALB,49.0,HARD,10.0,46.420979020979026,70.676
Great Britain,ALB,50.0,HARD,11.0,46.420979020979026,70.961
Great Britain,ALB,51.0,HARD,12.0,46.420979020979026,71.146
Great Britain,ALB,52.0,HARD,13.0,46.420979020979026,70.827
Great Britain,ALB,53.0,HARD,14.0,46.420979020979026,70.812
Great Britain,ALB,54.0,HARD,15.0,46.420979020979026,71.922
Great Britain,ALB,55.0,HARD,16.0,46.420979020979026,72.452
Great Britain,ALB,56.0,HARD,17.0,46.420979020979026,70.716
Great Britain,ALB,57.0,HARD,18.0,46.420979020979026,71.095
Great Britain,ALB,58.0,HARD,19.0,46.420979020979026,71.009
Great Britain,ALB,59.0,HARD,20.0,46.420979020979026,71.128
Great Britain,ALB,60.0,HARD,21.0,46.420979020979026,72.202
Great Britain,ALB,61.0,HARD,22.0,46.420979020979026,71.036
Great Britain,ALB,62.0,HARD,23.0,46.420979020979026,71.005
Great Britain,ALB,63.0,HARD,24.0,46.420979020979026,71.929
Great Britain,ALB,64.0,HARD,25.0,46.420979020979026,73.165
Great Britain,ALB,66.0,HARD,27.0,46.420979020979026,72.159
Great Britain,ALB,67.0,HARD,28.0,46.420979020979026,71.206
Great Britain,ALB,68.0,HARD,29.0,46.420979020979026,70.851
Great Britain,ALB,69.0,HARD,30.0,46.420979020979026,70.933
Great Britain,ALB,70.0,HARD,31.0,46.420979020979026,71.437
Great Britain,BOT,2.0,MEDIUM,2.0,46.420979020979026,72.859
Great Britain,BOT,3.0,MEDIUM,3.0,46.420979020979026,72.113
Great Britain,BOT,4.0,MEDIUM,4.0,46.420979020979026,71.571
Great Britain,BOT,5.0,MEDIUM,5.0,46.420979020979026,72.185
Great Britain,BOT,6.0,MEDIUM,6.0,46.420979020979026,71.672
Great Britain,BOT,7.0,MEDIUM,7.0,46.420979020979026,71.773
Great Britain,BOT,8.0,MEDIUM,8.0,46.420979020979026,71.941
Great Britain,BOT,9.0,MEDIUM,9.0,46.420979020979026,71.671
Great Britain,BOT,10.0,MEDIUM,10.0,46.420979020979026,71.756
Great Britain,BOT,11.0,MEDIUM,11.0,46.420979020979026,71.821
Great Britain,BOT,12.0,MEDIUM,12.0,46.420979020979026,71.965
Great Britain,BOT,13.0,MEDIUM,13.0,46.420979020979026,72.069
Great Britain,BOT,14.0,MEDIUM,14.0,46.420979020979026,72.12
Great Britain,BOT,15.0,MEDIUM,15.0,46.420979020979026,72.191
Great Britain,BOT,16.0,MEDIUM,16.0,46.420979020979026,72.754
Great Britain,BOT,17.0,MEDIUM,17.0,46.420979020979026,72.437
Great Britain,BOT,18.0,MEDIUM,18.0,46.420979020979026,72.538
Great Britain,BOT,19.0,MEDIUM,19.0,46.420979020979026,76.062
Great Britain,BOT,21.0,HARD,2.0,46.420979020979026,71.308
Great Britain,BOT,22.0,HARD,3.0,46.420979020979026,71.777
Great Britain,BOT,23.0,HARD,4.0,46.420979020979026,71.607
Great Britain,BOT,24.0,HARD,5.0,46.420979020979026,71.358
Great Britain,BOT,25.0,HARD,6.0,46.420979020979026,71.562
Great Britain,BOT,26.0,HARD,7.0,46.420979020979026,71.128
Great Britain,BOT,27.0,HARD,8.0,46.420979020979026,71.533
Great Britain,BOT,28.0,HARD,9.0,46.420979020979026,71.642
Great Britain,BOT,29.0,HARD,10.0,46.420979020979026,71.633
Great Britain,BOT,30.0,HARD,11.0,46.420979020979026,71.569
Great Britain,BOT,31.0,HARD,12.0,46.420979020979026,71.37
Great Britain,BOT,32.0,HARD,13.0,46.420979020979026,71.459
Great Britain,BOT,33.0,HARD,14.0,46.420979020979026,71.432
Great Britain,BOT,34.0,HARD,15.0,46.420979020979026,71.604
Great Britain,BOT,35.0,HARD,16.0,46.420979020979026,71.653
Great Britain,BOT,36.0,HARD,17.0,46.420979020979026,71.815
Great Britain,BOT,37.0,HARD,18.0,46.420979020979026,71.797
Great Britain,BOT,38.0,HARD,19.0,46.420979020979026,71.921
Great Britain,BOT,39.0,HARD,20.0,46.420979020979026,72.135
Great Britain,BOT,40.0,HARD,21.0,46.420979020979026,72.199
Great Britain,BOT,41.0,HARD,22.0,46.420979020979026,72.103
Great Britain,BOT,42.0,HARD,23.0,46.420979020979026,75.36
Great Britain,BOT,44.0,HARD,2.0,46.420979020979026,71.193
Great Britain,BOT,45.0,HARD,3.0,46.420979020979026,71.074
Great Britain,BOT,46.0,HARD,4.0,46.420979020979026,71.958
Great Britain,BOT,47.0,HARD,5.0,46.420979020979026,70.711
Great Britain,BOT,48.0,HARD,6.0,46.420979020979026,70.449
Great Britain,BOT,49.0,HARD,7.0,46.420979020979026,70.726
Great Britain,BOT,50.0,HARD,8.0,46.420979020979026,70.736
Great Britain,BOT,51.0,HARD,9.0,46.420979020979026,71.229
Great Britain,BOT,52.0,HARD,10.0,46.420979020979026,72.04
Great Britain,BOT,53.0,HARD,11.0,46.420979020979026,71.0
Great Britain,BOT,54.0,HARD,12.0,46.420979020979026,70.902
Great Britain,BOT,55.0,HARD,13.0,46.420979020979026,70.536
Great Britain,BOT,56.0,HARD,14.0,46.420979020979026,71.177
Great Britain,BOT,57.0,HARD,15.0,46.420979020979026,71.473
Great Britain,BOT,58.0,HARD,16.0,46.420979020979026,72.808
Great Britain,BOT,59.0,HARD,17.0,46.420979020979026,73.607
Great Britain,BOT,60.0,HARD,18.0,46.420979020979026,70.778
Great Britain,BOT,61.0,HARD,19.0,46.420979020979026,71.21
Great Britain,BOT,62.0,HARD,20.0,46.420979020979026,71.356
Great Britain,BOT,63.0,HARD,21.0,46.420979020979026,71.812
Great Britain,BOT,64.0,HARD,22.0,46.420979020979026,71.574
Great Britain,BOT,66.0,HARD,24.0,46.420979020979026,71.464
Great Britain,BOT,67.0,HARD,25.0,46.420979020979026,71.11
Great Britain,BOT,68.0,HARD,26.0,46.420979020979026,71.085
Great Britain,BOT,69.0,HARD,27.0,46.420979020979026,71.174
Great Britain,BOT,70.0,HARD,28.0,46.420979020979026,71.022
Great Britain,ZHO,2.0,HARD,2.0,46.420979020979026,71.66
Great Britain,ZHO,3.0,HARD,3.0,46.420979020979026,71.793
Great Britain,ZHO,4.0,HARD,4.0,46.420979020979026,72.269
Great Britain,ZHO,5.0,HARD,5.0,46.420979020979026,71.779
Great Britain,ZHO,6.0,HARD,6.0,46.420979020979026,71.973
Great Britain,ZHO,7.0,HARD,7.0,46.420979020979026,72.045
Great Britain,ZHO,8.0,HARD,8.0,46.420979020979026,72.089
Great Britain,ZHO,9.0,HARD,9.0,46.420979020979026,72.16
Great Britain,ZHO,10.0,HARD,10.0,46.420979020979026,72.335
Great Britain,ZHO,11.0,HARD,11.0,46.420979020979026,72.068
Great Britain,ZHO,12.0,HARD,12.0,46.420979020979026,72.397
Great Britain,ZHO,13.0,HARD,13.0,46.420979020979026,72.211
Great Britain,ZHO,14.0,HARD,14.0,46.420979020979026,72.337
Great Britain,ZHO,15.0,HARD,15.0,46.420979020979026,72.239
Great Britain,ZHO,16.0,HARD,16.0,46.420979020979026,72.441
Great Britain,ZHO,17.0,HARD,17.0,46.420979020979026,72.852
Great Britain,ZHO,18.0,HARD,18.0,46.420979020979026,73.866
Great Britain,ZHO,19.0,HARD,19.0,46.420979020979026,72.597
Great Britain,ZHO,20.0,HARD,20.0,46.420979020979026,75.649
Great Britain,ZHO,21.0,HARD,21.0,46.420979020979026,73.624
Great Britain,ZHO,22.0,HARD,22.0,46.420979020979026,73.307
Great Britain,ZHO,23.0,HARD,23.0,46.420979020979026,72.674
Great Britain,ZHO,24.0,HARD,24.0,46.420979020979026,72.726
Great Britain,ZHO,25.0,HARD,25.0,46.420979020979026,74.091
Great Britain,ZHO,26.0,HARD,26.0,46.420979020979026,73.839
Great Britain,ZHO,27.0,HARD,27.0,46.420979020979026,72.905
Great Britain,ZHO,30.0,MEDIUM,2.0,46.420979020979026,70.915
Great Britain,ZHO,31.0,MEDIUM,3.0,46.420979020979026,70.713
Great Britain,ZHO,32.0,MEDIUM,4.0,46.420979020979026,72.217
Great Britain,ZHO,33.0,MEDIUM,5.0,46.420979020979026,70.748
Great Britain,ZHO,34.0,MEDIUM,6.0,46.420979020979026,71.224
Great Britain,ZHO,35.0,MEDIUM,7.0,46.420979020979026,71.692
Great Britain,ZHO,36.0,MEDIUM,8.0,46.420979020979026,72.638
Great Britain,ZHO,37.0,MEDIUM,9.0,46.420979020979026,72.234
Great Britain,ZHO,38.0,MEDIUM,10.0,46.420979020979026,72.77
Great Britain,ZHO,39.0,MEDIUM,11.0,46.420979020979026,70.987
Great Britain,ZHO,40.0,MEDIUM,12.0,46.420979020979026,71.298
Great Britain,ZHO,41.0,MEDIUM,13.0,46.420979020979026,74.79
Great Britain,ZHO,42.0,MEDIUM,14.0,46.420979020979026,71.54
Great Britain,ZHO,43.0,MEDIUM,15.0,46.420979020979026,71.821
Great Britain,ZHO,44.0,MEDIUM,16.0,46.420979020979026,71.336
Great Britain,ZHO,45.0,MEDIUM,17.0,46.420979020979026,71.291
Great Britain,ZHO,46.0,MEDIUM,18.0,46.420979020979026,71.231
Great Britain,ZHO,47.0,MEDIUM,19.0,46.420979020979026,71.714
Great Britain,ZHO,48.0,MEDIUM,20.0,46.420979020979026,71.663
Great Britain,ZHO,49.0,MEDIUM,21.0,46.420979020979026,71.385
Great Britain,ZHO,50.0,MEDIUM,22.0,46.420979020979026,73.529
Great Britain,ZHO,51.0,MEDIUM,23.0,46.420979020979026,75.549
Great Britain,ZHO,53.0,HARD,2.0,46.420979020979026,70.726
Great Britain,ZHO,54.0,HARD,3.0,46.420979020979026,70.47
Great Britain,ZHO,55.0,HARD,4.0,46.420979020979026,70.809
Great Britain,ZHO,56.0,HARD,5.0,46.420979020979026,71.042
Great Britain,ZHO,57.0,HARD,6.0,46.420979020979026,71.155
Great Britain,ZHO,58.0,HARD,7.0,46.420979020979026,71.225
Great Britain,ZHO,59.0,HARD,8.0,46.420979020979026,70.977
Great Britain,ZHO,60.0,HARD,9.0,46.420979020979026,70.765
Great Britain,ZHO,61.0,HARD,10.0,46.420979020979026,70.976
Great Britain,ZHO,62.0,HARD,11.0,46.420979020979026,71.06
Great Britain,ZHO,63.0,HARD,12.0,46.420979020979026,71.171
Great Britain,ZHO,66.0,HARD,15.0,46.420979020979026,71.016
Great Britain,ZHO,67.0,HARD,16.0,46.420979020979026,70.958
Great Britain,ZHO,68.0,HARD,17.0,46.420979020979026,71.114
Great Britain,ZHO,69.0,HARD,18.0,46.420979020979026,70.769
Great Britain,ZHO,70.0,HARD,19.0,46.420979020979026,70.777
Great Britain,ALO,2.0,MEDIUM,5.0,46.420979020979026,72.316
Great Britain,ALO,3.0,MEDIUM,6.0,46.420979020979026,71.424
Great Britain,ALO,4.0,MEDIUM,7.0,46.420979020979026,71.555
Great Britain,ALO,5.0,MEDIUM,8.0,46.420979020979026,71.505
Great Britain,ALO,6.0,MEDIUM,9.0,46.420979020979026,71.32
Great Britain,ALO,7.0,MEDIUM,10.0,46.420979020979026,71.712
Great Britain,ALO,8.0,MEDIUM,11.0,46.420979020979026,71.608
Great Britain,ALO,9.0,MEDIUM,12.0,46.420979020979026,71.485
Great Britain,ALO,10.0,MEDIUM,13.0,46.420979020979026,71.902
Great Britain,ALO,11.0,MEDIUM,14.0,46.420979020979026,75.343
Great Britain,ALO,13.0,MEDIUM,3.0,46.420979020979026,70.912
Great Britain,ALO,14.0,MEDIUM,4.0,46.420979020979026,71.382
Great Britain,ALO,15.0,MEDIUM,5.0,46.420979020979026,71.189
Great Britain,ALO,16.0,MEDIUM,6.0,46.420979020979026,71.141
Great Britain,ALO,17.0,MEDIUM,7.0,46.420979020979026,71.285
Great Britain,ALO,18.0,MEDIUM,8.0,46.420979020979026,71.483
Great Britain,ALO,19.0,MEDIUM,9.0,46.420979020979026,71.38
Great Britain,ALO,20.0,MEDIUM,10.0,46.420979020979026,71.521
Great Britain,ALO,21.0,MEDIUM,11.0,46.420979020979026,71.425
Great Britain,ALO,22.0,MEDIUM,12.0,46.420979020979026,72.107
Great Britain,ALO,23.0,MEDIUM,13.0,46.420979020979026,71.324
Great Britain,ALO,24.0,MEDIUM,14.0,46.420979020979026,71.348
Great Britain,ALO,25.0,MEDIUM,15.0,46.420979020979026,71.516
Great Britain,ALO,26.0,MEDIUM,16.0,46.420979020979026,71.741
Great Britain,ALO,27.0,MEDIUM,17.0,46.420979020979026,71.72
Great Britain,ALO,28.0,MEDIUM,18.0,46.420979020979026,71.693
Great Britain,ALO,29.0,MEDIUM,19.0,46.420979020979026,72.079
Great Britain,ALO,30.0,MEDIUM,20.0,46.420979020979026,71.771
Great Britain,ALO,31.0,MEDIUM,21.0,46.420979020979026,71.845
Great Britain,ALO,32.0,MEDIUM,22.0,46.420979020979026,72.0
Great Britain,ALO,33.0,MEDIUM,23.0,46.420979020979026,71.501
Great Britain,ALO,34.0,MEDIUM,24.0,46.420979020979026,72.44
Great Britain,ALO,37.0,HARD,3.0,46.420979020979026,70.871
Great Britain,ALO,38.0,HARD,4.0,46.420979020979026,70.908
Great Britain,ALO,39.0,HARD,5.0,46.420979020979026,70.594
Great Britain,ALO,40.0,HARD,6.0,46.420979020979026,70.861
Great Britain,ALO,41.0,HARD,7.0,46.420979020979026,70.737
Great Britain,ALO,42.0,HARD,8.0,46.420979020979026,70.588
Great Britain,ALO,43.0,HARD,9.0,46.420979020979026,70.94
Great Britain,ALO,44.0,HARD,10.0,46.420979020979026,71.365
Great Britain,ALO,45.0,HARD,11.0,46.420979020979026,72.15
Great Britain,ALO,46.0,HARD,12.0,46.420979020979026,71.329
Great Britain,ALO,47.0,HARD,13.0,46.420979020979026,71.119
Great Britain,ALO,48.0,HARD,14.0,46.420979020979026,70.576
Great Britain,ALO,49.0,HARD,15.0,46.420979020979026,70.731
Great Britain,ALO,50.0,HARD,16.0,46.420979020979026,70.914
Great Britain,ALO,51.0,HARD,17.0,46.420979020979026,72.431
Great Britain,ALO,52.0,HARD,18.0,46.420979020979026,71.568
Great Britain,ALO,53.0,HARD,19.0,46.420979020979026,71.336
Great Britain,ALO,54.0,HARD,20.0,46.420979020979026,72.38
Great Britain,ALO,55.0,HARD,21.0,46.420979020979026,70.693
Great Britain,ALO,56.0,HARD,22.0,46.420979020979026,71.399
Great Britain,ALO,57.0,HARD,23.0,46.420979020979026,72.992
Great Britain,ALO,58.0,HARD,24.0,46.420979020979026,72.769
Great Britain,ALO,59.0,HARD,25.0,46.420979020979026,72.403
Great Britain,ALO,60.0,HARD,26.0,46.420979020979026,71.964
Great Britain,ALO,61.0,HARD,27.0,46.420979020979026,71.617
Great Britain,ALO,62.0,HARD,28.0,46.420979020979026,72.025
Great Britain,ALO,63.0,HARD,29.0,46.420979020979026,72.18
Great Britain,ALO,64.0,HARD,30.0,46.420979020979026,73.162
Great Britain,ALO,66.0,HARD,32.0,46.420979020979026,72.709
Great Britain,ALO,67.0,HARD,33.0,46.420979020979026,71.295
Great Britain,ALO,68.0,HARD,34.0,46.420979020979026,75.636
Great Britain,ALO,70.0,SOFT,2.0,46.420979020979026,67.694
Great Britain,SAR,3.0,MEDIUM,8.0,46.420979020979026,71.686
Great Britain,SAR,4.0,MEDIUM,9.0,46.420979020979026,71.76
Great Britain,SAR,5.0,MEDIUM,10.0,46.420979020979026,71.895
Great Britain,SAR,6.0,MEDIUM,11.0,46.420979020979026,71.968
Great Britain,SAR,7.0,MEDIUM,12.0,46.420979020979026,71.954
Great Britain,SAR,8.0,MEDIUM,13.0,46.420979020979026,72.104
Great Britain,SAR,9.0,MEDIUM,14.0,46.420979020979026,72.297
Great Britain,SAR,10.0,MEDIUM,15.0,46.420979020979026,72.429
Great Britain,SAR,11.0,MEDIUM,16.0,46.420979020979026,72.332
Great Britain,SAR,12.0,MEDIUM,17.0,46.420979020979026,72.701
Great Britain,SAR,13.0,MEDIUM,18.0,46.420979020979026,72.669
Great Britain,SAR,14.0,MEDIUM,19.0,46.420979020979026,72.642
Great Britain,SAR,15.0,MEDIUM,20.0,46.420979020979026,72.561
Great Britain,SAR,16.0,MEDIUM,21.0,46.420979020979026,72.858
Great Britain,SAR,17.0,MEDIUM,22.0,46.420979020979026,73.584
Great Britain,SAR,18.0,MEDIUM,23.0,46.420979020979026,74.433
Great Britain,SAR,19.0,MEDIUM,24.0,46.420979020979026,72.772
Great Britain,SAR,22.0,HARD,2.0,46.420979020979026,71.128
Great Britain,SAR,23.0,HARD,3.0,46.420979020979026,73.689
Great Britain,SAR,24.0,HARD,4.0,46.420979020979026,70.753
Great Britain,SAR,25.0,HARD,5.0,46.420979020979026,72.872
Great Britain,SAR,26.0,HARD,6.0,46.420979020979026,72.961
Great Britain,SAR,27.0,HARD,7.0,46.420979020979026,71.549
Great Britain,SAR,28.0,HARD,8.0,46.420979020979026,71.795
Great Britain,SAR,29.0,HARD,9.0,46.420979020979026,72.662
Great Britain,SAR,30.0,HARD,10.0,46.420979020979026,71.427
Great Britain,SAR,31.0,HARD,11.0,46.420979020979026,71.943
Great Britain,SAR,32.0,HARD,12.0,46.420979020979026,71.733
Great Britain,SAR,33.0,HARD,13.0,46.420979020979026,73.633
Great Britain,SAR,34.0,HARD,14.0,46.420979020979026,71.821
Great Britain,SAR,35.0,HARD,15.0,46.420979020979026,72.035
Great Britain,SAR,36.0,HARD,16.0,46.420979020979026,71.802
Great Britain,SAR,37.0,HARD,17.0,46.420979020979026,71.778
Great Britain,SAR,38.0,HARD,18.0,46.420979020979026,71.889
Great Britain,SAR,39.0,HARD,19.0,46.420979020979026,72.015
Great Britain,SAR,40.0,HARD,20.0,46.420979020979026,72.322
Great Britain,SAR,41.0,HARD,21.0,46.420979020979026,72.077
Great Britain,SAR,42.0,HARD,22.0,46.420979020979026,72.177
Great Britain,SAR,43.0,HARD,23.0,46.420979020979026,72.175
Great Britain,SAR,44.0,HARD,24.0,46.420979020979026,72.287
Great Britain,SAR,45.0,HARD,25.0,46.420979020979026,72.42
Great Britain,SAR,46.0,HARD,26.0,46.420979020979026,72.051
Great Britain,SAR,47.0,HARD,27.0,46.420979020979026,71.899
Great Britain,SAR,48.0,HARD,28.0,46.420979020979026,71.902
Great Britain,SAR,49.0,HARD,29.0,46.420979020979026,75.384
Great Britain,SAR,51.0,MEDIUM,3.0,46.420979020979026,70.498
Great Britain,SAR,52.0,MEDIUM,4.0,46.420979020979026,70.774
Great Britain,SAR,53.0,MEDIUM,5.0,46.420979020979026,70.667
Great Britain,SAR,54.0,MEDIUM,6.0,46.420979020979026,70.629
Great Britain,SAR,55.0,MEDIUM,7.0,46.420979020979026,70.776
Great Britain,SAR,56.0,MEDIUM,8.0,46.420979020979026,70.644
Great Britain,SAR,57.0,MEDIUM,9.0,46.420979020979026,74.583
Great Britain,SAR,58.0,MEDIUM,10.0,46.420979020979026,70.755
Great Britain,SAR,59.0,MEDIUM,11.0,46.420979020979026,70.657
Great Britain,SAR,60.0,MEDIUM,12.0,46.420979020979026,70.406
Great Britain,SAR,61.0,MEDIUM,13.0,46.420979020979026,71.008
Great Britain,SAR,62.0,MEDIUM,14.0,46.420979020979026,74.4
Great Britain,SAR,63.0,MEDIUM,15.0,46.420979020979026,71.949
Great Britain,SAR,65.0,MEDIUM,17.0,46.420979020979026,70.742
Great Britain,SAR,66.0,MEDIUM,18.0,46.420979020979026,70.855
Great Britain,SAR,67.0,MEDIUM,19.0,46.420979020979026,72.454
Great Britain,SAR,68.0,MEDIUM,20.0,46.420979020979026,73.607
Great Britain,SAR,69.0,MEDIUM,21.0,46.420979020979026,71.489
Great Britain,NOR,1.0,MEDIUM,1.0,46.420979020979026,73.371
Great Britain,NOR,2.0,MEDIUM,2.0,46.420979020979026,69.813
Great Britain,NOR,3.0,MEDIUM,3.0,46.420979020979026,70.528
Great Britain,NOR,4.0,MEDIUM,4.0,46.420979020979026,70.389
Great Britain,NOR,5.0,MEDIUM,5.0,46.420979020979026,70.424
Great Britain,NOR,6.0,MEDIUM,6.0,46.420979020979026,70.329
Great Britain,NOR,7.0,MEDIUM,7.0,46.420979020979026,70.539
Great Britain,NOR,8.0,MEDIUM,8.0,46.420979020979026,70.512
Great Britain,NOR,9.0,MEDIUM,9.0,46.420979020979026,70.446
Great Britain,NOR,10.0,MEDIUM,10.0,46.420979020979026,71.751
Great Britain,NOR,11.0,MEDIUM,11.0,46.420979020979026,70.844
Great Britain,NOR,12.0,MEDIUM,12.0,46.420979020979026,70.885
Great Britain,NOR,13.0,MEDIUM,13.0,46.420979020979026,71.064
Great Britain,NOR,14.0,MEDIUM,14.0,46.420979020979026,71.103
Great Britain,NOR,15.0,MEDIUM,15.0,46.420979020979026,71.004
Great Britain,NOR,16.0,MEDIUM,16.0,46.420979020979026,71.333
Great Britain,NOR,17.0,MEDIUM,17.0,46.420979020979026,71.149
Great Britain,NOR,18.0,MEDIUM,18.0,46.420979020979026,71.258
Great Britain,NOR,19.0,MEDIUM,19.0,46.420979020979026,71.658
Great Britain,NOR,20.0,MEDIUM,20.0,46.420979020979026,71.288
Great Britain,NOR,21.0,MEDIUM,21.0,46.420979020979026,71.407
Great Britain,NOR,22.0,MEDIUM,22.0,46.420979020979026,71.229
Great Britain,NOR,23.0,MEDIUM,23.0,46.420979020979026,75.037
Great Britain,NOR,25.0,HARD,2.0,46.420979020979026,69.434
Great Britain,NOR,26.0,HARD,3.0,46.420979020979026,69.692
Great Britain,NOR,27.0,HARD,4.0,46.420979020979026,69.68
Great Britain,NOR,28.0,HARD,5.0,46.420979020979026,69.716
Great Britain,NOR,29.0,HARD,6.0,46.420979020979026,69.604
Great Britain,NOR,30.0,HARD,7.0,46.420979020979026,69.851
Great Britain,NOR,31.0,HARD,8.0,46.420979020979026,70.1
Great Britain,NOR,32.0,HARD,9.0,46.420979020979026,69.919
Great Britain,NOR,33.0,HARD,10.0,46.420979020979026,69.4
Great Britain,NOR,34.0,HARD,11.0,46.420979020979026,69.755
Great Britain,NOR,35.0,HARD,12.0,46.420979020979026,69.908
Great Britain,NOR,36.0,HARD,13.0,46.420979020979026,70.106
Great Britain,NOR,37.0,HARD,14.0,46.420979020979026,69.883
Great Britain,NOR,38.0,HARD,15.0,46.420979020979026,70.161
Great Britain,NOR,39.0,HARD,16.0,46.420979020979026,70.388
Great Britain,NOR,40.0,HARD,17.0,46.420979020979026,70.102
Great Britain,NOR,41.0,HARD,18.0,46.420979020979026,70.441
Great Britain,NOR,42.0,HARD,19.0,46.420979020979026,70.47
Great Britain,NOR,43.0,HARD,20.0,46.420979020979026,70.141
Great Britain,NOR,44.0,HARD,21.0,46.420979020979026,70.777
Great Britain,NOR,45.0,HARD,22.0,46.420979020979026,70.171
Great Britain,NOR,46.0,HARD,23.0,46.420979020979026,70.411
Great Britain,NOR,47.0,HARD,24.0,46.420979020979026,70.73
Great Britain,NOR,48.0,HARD,25.0,46.420979020979026,70.774
Great Britain,NOR,49.0,HARD,26.0,46.420979020979026,70.444
Great Britain,NOR,50.0,HARD,27.0,46.420979020979026,70.546
Great Britain,NOR,51.0,HARD,28.0,46.420979020979026,74.573
Great Britain,NOR,53.0,MEDIUM,2.0,46.420979020979026,68.016
Great Britain,NOR,54.0,MEDIUM,3.0,46.420979020979026,68.429
Great Britain,NOR,55.0,MEDIUM,4.0,46.420979020979026,69.348
Great Britain,NOR,56.0,MEDIUM,5.0,46.420979020979026,68.77
Great Britain,NOR,57.0,MEDIUM,6.0,46.420979020979026,68.751
Great Britain,NOR,58.0,MEDIUM,7.0,46.420979020979026,69.161
Great Britain,NOR,59.0,MEDIUM,8.0,46.420979020979026,70.626
Great Britain,NOR,60.0,MEDIUM,9.0,46.420979020979026,69.356
Great Britain,NOR,61.0,MEDIUM,10.0,46.420979020979026,70.037
Great Britain,NOR,62.0,MEDIUM,11.0,46.420979020979026,69.509
Great Britain,NOR,63.0,MEDIUM,12.0,46.420979020979026,70.234
Italy,LEC,1.0,MEDIUM,1.0,49.31127819548872,88.179
Italy,LEC,2.0,MEDIUM,2.0,49.31127819548872,85.396
Italy,LEC,3.0,MEDIUM,3.0,49.31127819548872,85.179
Italy,LEC,4.0,MEDIUM,4.0,49.31127819548872,84.81
Italy,LEC,5.0,MEDIUM,5.0,49.31127819548872,84.603
Italy,LEC,6.0,MEDIUM,6.0,49.31127819548872,84.663
Italy,LEC,7.0,MEDIUM,7.0,49.31127819548872,84.434
Italy,LEC,8.0,MEDIUM,8.0,49.31127819548872,84.569
Italy,LEC,9.0,MEDIUM,9.0,49.31127819548872,84.362
Italy,LEC,10.0,MEDIUM,10.0,49.31127819548872,84.432
Italy,LEC,11.0,MEDIUM,11.0,49.31127819548872,84.846
Italy,LEC,12.0,MEDIUM,12.0,49.31127819548872,84.916
Italy,LEC,13.0,MEDIUM,13.0,49.31127819548872,85.529
Italy,LEC,14.0,MEDIUM,14.0,49.31127819548872,85.606
Italy,LEC,17.0,HARD,2.0,49.31127819548872,84.27
Italy,LEC,18.0,HARD,3.0,49.31127819548872,83.875
Italy,LEC,19.0,HARD,4.0,49.31127819548872,84.203
Italy,LEC,20.0,HARD,5.0,49.31127819548872,83.826
Italy,LEC,21.0,HARD,6.0,49.31127819548872,83.88
Italy,LEC,22.0,HARD,7.0,49.31127819548872,83.768
Italy,LEC,23.0,HARD,8.0,49.31127819548872,83.864
Italy,LEC,24.0,HARD,9.0,49.31127819548872,83.64
Italy,LEC,25.0,HARD,10.0,49.31127819548872,83.59
Italy,LEC,26.0,HARD,11.0,49.31127819548872,83.321
Italy,LEC,27.0,HARD,12.0,49.31127819548872,83.534
Italy,LEC,28.0,HARD,13.0,49.31127819548872,83.284
Italy,LEC,29.0,HARD,14.0,49.31127819548872,83.229
Italy,LEC,30.0,HARD,15.0,49.31127819548872,83.359
Italy,LEC,31.0,HARD,16.0,49.31127819548872,83.972
Italy,LEC,32.0,HARD,17.0,49.31127819548872,83.274
Italy,LEC,33.0,HARD,18.0,49.31127819548872,83.226
Italy,LEC,34.0,HARD,19.0,49.31127819548872,83.43
Italy,LEC,35.0,HARD,20.0,49.31127819548872,83.681
Italy,LEC,36.0,HARD,21.0,49.31127819548872,83.714
Italy,LEC,37.0,HARD,22.0,49.31127819548872,83.55
Italy,LEC,38.0,HARD,23.0,49.31127819548872,83.624
Italy,LEC,39.0,HARD,24.0,49.31127819548872,83.718
Italy,LEC,40.0,HARD,25.0,49.31127819548872,83.69
Italy,LEC,41.0,HARD,26.0,49.31127819548872,83.611
Italy,LEC,42.0,HARD,27.0,49.31127819548872,83.67
Italy,LEC,43.0,HARD,28.0,49.31127819548872,83.867
Italy,LEC,44.0,HARD,29.0,49.31127819548872,83.43
Italy,LEC,45.0,HARD,30.0,49.31127819548872,83.731
Italy,LEC,46.0,HARD,31.0,49.31127819548872,83.597
Italy,LEC,47.0,HARD,32.0,49.31127819548872,83.676
Italy,LEC,48.0,HARD,33.0,49.31127819548872,83.518
Italy,LEC,49.0,HARD,34.0,49.31127819548872,83.467
Italy,LEC,50.0,HARD,35.0,49.31127819548872,83.461
Italy,LEC,51.0,HARD,36.0,49.31127819548872,83.555
Italy,LEC,52.0,HARD,37.0,49.31127819548872,83.75
Italy,LEC,53.0,HARD,38.0,49.31127819548872,83.268
Italy,PIA,1.0,MEDIUM,1.0,49.31127819548872,87.623
Italy,PIA,2.0,MEDIUM,2.0,49.31127819548872,85.116
Italy,PIA,3.0,MEDIUM,3.0,49.31127819548872,85.261
Italy,PIA,4.0,MEDIUM,4.0,49.31127819548872,84.695
Italy,PIA,5.0,MEDIUM,5.0,49.31127819548872,84.66
Italy,PIA,6.0,MEDIUM,6.0,49.31127819548872,84.603
Italy,PIA,7.0,MEDIUM,7.0,49.31127819548872,84.418
Italy,PIA,8.0,MEDIUM,8.0,49.31127819548872,84.57
Italy,PIA,9.0,MEDIUM,9.0,49.31127819548872,84.375
Italy,PIA,10.0,MEDIUM,10.0,49.31127819548872,84.077
Italy,PIA,11.0,MEDIUM,11.0,49.31127819548872,84.247
Italy,PIA,12.0,MEDIUM,12.0,49.31127819548872,84.748
Italy,PIA,13.0,MEDIUM,13.0,49.31127819548872,84.67
Italy,PIA,14.0,MEDIUM,14.0,49.31127819548872,85.048
Italy,PIA,15.0,MEDIUM,15.0,49.31127819548872,85.166
Italy,PIA,16.0,MEDIUM,16.0,49.31127819548872,89.939
Italy,PIA,18.0,HARD,2.0,49.31127819548872,84.028
Italy,PIA,19.0,HARD,3.0,49.31127819548872,84.602
Italy,PIA,20.0,HARD,4.0,49.31127819548872,83.986
Italy,PIA,21.0,HARD,5.0,49.31127819548872,83.903
Italy,PIA,22.0,HARD,6.0,49.31127819548872,83.647
Italy,PIA,23.0,HARD,7.0,49.31127819548872,83.66
Italy,PIA,24.0,HARD,8.0,49.31127819548872,83.315
Italy,PIA,25.0,HARD,9.0,49.31127819548872,83.23
Italy,PIA,26.0,HARD,10.0,49.31127819548872,83.133
Italy,PIA,27.0,HARD,11.0,49.31127819548872,83.088
Italy,PIA,28.0,HARD,12.0,49.31127819548872,83.168
Italy,PIA,29.0,HARD,13.0,49.31127819548872,83.066
Italy,PIA,30.0,HARD,14.0,49.31127819548872,82.968
Italy,PIA,31.0,HARD,15.0,49.31127819548872,83.221
Italy,PIA,32.0,HARD,16.0,49.31127819548872,83.48
Italy,PIA,33.0,HARD,17.0,49.31127819548872,83.148
Italy,PIA,34.0,HARD,18.0,49.31127819548872,83.456
Italy,PIA,35.0,HARD,19.0,49.31127819548872,83.409
Italy,PIA,36.0,HARD,20.0,49.31127819548872,83.746
Italy,PIA,37.0,HARD,21.0,49.31127819548872,83.691
Italy,PIA,38.0,HARD,22.0,49.31127819548872,88.125
Italy,PIA,40.0,HARD,2.0,49.31127819548872,82.264
Italy,PIA,41.0,HARD,3.0,49.31127819548872,82.066
Italy,PIA,42.0,HARD,4.0,49.31127819548872,82.331
Italy,PIA,43.0,HARD,5.0,49.31127819548872,82.092
Italy,PIA,44.0,HARD,6.0,49.31127819548872,82.628
Italy,PIA,45.0,HARD,7.0,49.31127819548872,83.675
Italy,PIA,46.0,HARD,8.0,49.31127819548872,82.537
Italy,PIA,47.0,HARD,9.0,49.31127819548872,82.253
Italy,PIA,48.0,HARD,10.0,49.31127819548872,82.725
Italy,PIA,49.0,HARD,11.0,49.31127819548872,82.945
Italy,PIA,50.0,HARD,12.0,49.31127819548872,82.586
Italy,PIA,51.0,HARD,13.0,49.31127819548872,82.424
Italy,PIA,52.0,HARD,14.0,49.31127819548872,81.948
Italy,PIA,53.0,HARD,15.0,49.31127819548872,81.943
Italy,NOR,1.0,MEDIUM,1.0,49.31127819548872,88.971
Italy,NOR,2.0,MEDIUM,2.0,49.31127819548872,85.458
Italy,NOR,3.0,MEDIUM,3.0,49.31127819548872,85.11
Italy,NOR,4.0,MEDIUM,4.0,49.31127819548872,85.168
Italy,NOR,5.0,MEDIUM,5.0,49.31127819548872,84.674
Italy,NOR,6.0,MEDIUM,6.0,49.31127819548872,84.768
Italy,NOR,7.0,MEDIUM,7.0,49.31127819548872,84.531
Italy,NOR,8.0,MEDIUM,8.0,49.31127819548872,84.674
Italy,NOR,9.0,MEDIUM,9.0,49.31127819548872,84.664
Italy,NOR,10.0,MEDIUM,10.0,49.31127819548872,84.391
Italy,NOR,11.0,MEDIUM,11.0,49.31127819548872,84.448
Italy,NOR,12.0,MEDIUM,12.0,49.31127819548872,84.655
Italy,NOR,13.0,MEDIUM,13.0,49.31127819548872,85.359
Italy,NOR,14.0,MEDIUM,14.0,49.31127819548872,89.417
Italy,NOR,16.0,HARD,2.0,49.31127819548872,84.154
Italy,NOR,17.0,HARD,3.0,49.31127819548872,85.585
Italy,NOR,18.0,HARD,4.0,49.31127819548872,83.92
Italy,NOR,19.0,HARD,5.0,49.31127819548872,84.152
Italy,NOR,20.0,HARD,6.0,49.31127819548872,83.882
Italy,NOR,21.0,HARD,7.0,49.31127819548872,83.753
Italy,NOR,22.0,HARD,8.0,49.31127819548872,83.652
Italy,NOR,23.0,HARD,9.0,49.31127819548872,83.581
Italy,NOR,24.0,HARD,10.0,49.31127819548872,83.601
Italy,NOR,25.0,HARD,11.0,49.31127819548872,83.321
Italy,NOR,26.0,HARD,12.0,49.31127819548872,83.469
Italy,NOR,27.0,HARD,13.0,49.31127819548872,83.267
Italy,NOR,28.0,HARD,14.0,49.31127819548872,83.067
Italy,NOR,29.0,HARD,15.0,49.31127819548872,83.3
Italy,NOR,30.0,HARD,16.0,49.31127819548872,83.614
Italy,NOR,31.0,HARD,17.0,49.31127819548872,84.94
Italy,NOR,32.0,HARD,18.0,49.31127819548872,87.414
Italy,NOR,34.0,HARD,2.0,49.31127819548872,82.837
Italy,NOR,35.0,HARD,3.0,49.31127819548872,83.137
Italy,NOR,36.0,HARD,4.0,49.31127819548872,83.114
Italy,NOR,37.0,HARD,5.0,49.31127819548872,83.178
Italy,NOR,38.0,HARD,6.0,49.31127819548872,83.133
Italy,NOR,39.0,HARD,7.0,49.31127819548872,83.061
Italy,NOR,40.0,HARD,8.0,49.31127819548872,84.162
Italy,NOR,41.0,HARD,9.0,49.31127819548872,82.234
Italy,NOR,42.0,HARD,10.0,49.31127819548872,82.678
Italy,NOR,43.0,HARD,11.0,49.31127819548872,82.25
Italy,NOR,44.0,HARD,12.0,49.31127819548872,82.403
Italy,NOR,45.0,HARD,13.0,49.31127819548872,82.398
Italy,NOR,46.0,HARD,14.0,49.31127819548872,82.041
Italy,NOR,47.0,HARD,15.0,49.31127819548872,83.852
Italy,NOR,48.0,HARD,16.0,49.31127819548872,81.824
Italy,NOR,49.0,HARD,17.0,49.31127819548872,82.436
Italy,NOR,50.0,HARD,18.0,49.31127819548872,83.266
Italy,NOR,51.0,HARD,19.0,49.31127819548872,82.269
Italy,NOR,52.0,HARD,20.0,49.31127819548872,82.302
Italy,NOR,53.0,HARD,21.0,49.31127819548872,81.432
Italy,SAI,1.0,MEDIUM,1.0,49.31127819548872,89.345
Italy,SAI,2.0,MEDIUM,2.0,49.31127819548872,85.731
Italy,SAI,3.0,MEDIUM,3.0,49.31127819548872,85.358
Italy,SAI,4.0,MEDIUM,4.0,49.31127819548872,85.086
Italy,SAI,5.0,MEDIUM,5.0,49.31127819548872,85.006
Italy,SAI,6.0,MEDIUM,6.0,49.31127819548872,84.642
Italy,SAI,7.0,MEDIUM,7.0,49.31127819548872,84.715
Italy,SAI,8.0,MEDIUM,8.0,49.31127819548872,84.87
Italy,SAI,9.0,MEDIUM,9.0,49.31127819548872,84.774
Italy,SAI,10.0,MEDIUM,10.0,49.31127819548872,84.684
Italy,SAI,11.0,MEDIUM,11.0,49.31127819548872,85.066
Italy,SAI,12.0,MEDIUM,12.0,49.31127819548872,85.276
Italy,SAI,13.0,MEDIUM,13.0,49.31127819548872,85.423
Italy,SAI,14.0,MEDIUM,14.0,49.31127819548872,85.234
Italy,SAI,15.0,MEDIUM,15.0,49.31127819548872,85.183
Italy,SAI,16.0,MEDIUM,16.0,49.31127819548872,85.341
Italy,SAI,17.0,MEDIUM,17.0,49.31127819548872,85.407
Italy,SAI,18.0,MEDIUM,18.0,49.31127819548872,85.678
Italy,SAI,21.0,HARD,2.0,49.31127819548872,84.499
Italy,SAI,22.0,HARD,3.0,49.31127819548872,84.226
Italy,SAI,23.0,HARD,4.0,49.31127819548872,84.557
Italy,SAI,24.0,HARD,5.0,49.31127819548872,83.682
Italy,SAI,25.0,HARD,6.0,49.31127819548872,83.687
Italy,SAI,26.0,HARD,7.0,49.31127819548872,83.503
Italy,SAI,27.0,HARD,8.0,49.31127819548872,83.503
Italy,SAI,28.0,HARD,9.0,49.31127819548872,83.751
Italy,SAI,29.0,HARD,10.0,49.31127819548872,83.473
Italy,SAI,30.0,HARD,11.0,49.31127819548872,83.584
Italy,SAI,31.0,HARD,12.0,49.31127819548872,83.33
Italy,SAI,32.0,HARD,13.0,49.31127819548872,83.354
Italy,SAI,33.0,HARD,14.0,49.31127819548872,83.412
Italy,SAI,34.0,HARD,15.0,49.31127819548872,83.285
Italy,SAI,35.0,HARD,16.0,49.31127819548872,83.334
Italy,SAI,36.0,HARD,17.0,49.31127819548872,83.27
Italy,SAI,37.0,HARD,18.0,49.31127819548872,83.29
Italy,SAI,38.0,HARD,19.0,49.31127819548872,83.551
Italy,SAI,39.0,HARD,20.0,49.31127819548872,83.809
Italy,SAI,40.0,HARD,21.0,49.31127819548872,83.803
Italy,SAI,41.0,HARD,22.0,49.31127819548872,83.337
Italy,SAI,42.0,HARD,23.0,49.31127819548872,83.838
Italy,SAI,43.0,HARD,24.0,49.31127819548872,83.793
Italy,SAI,44.0,HARD,25.0,49.31127819548872,83.931
Italy,SAI,45.0,HARD,26.0,49.31127819548872,85.113
Italy,SAI,46.0,HARD,27.0,49.31127819548872,84.001
Italy,SAI,47.0,HARD,28.0,49.31127819548872,84.09
Italy,SAI,48.0,HARD,29.0,49.31127819548872,84.939
Italy,SAI,49.0,HARD,30.0,49.31127819548872,83.921
Italy,SAI,50.0,HARD,31.0,49.31127819548872,83.769
Italy,SAI,51.0,HARD,32.0,49.31127819548872,83.754
Italy,SAI,52.0,HARD,33.0,49.31127819548872,83.722
Italy,SAI,53.0,HARD,34.0,49.31127819548872,83.219
Italy,HAM,1.0,MEDIUM,1.0,49.31127819548872,89.674
Italy,HAM,2.0,MEDIUM,2.0,49.31127819548872,86.043
Italy,HAM,3.0,MEDIUM,3.0,49.31127819548872,85.63
Italy,HAM,4.0,MEDIUM,4.0,49.31127819548872,85.722
Italy,HAM,5.0,MEDIUM,5.0,49.31127819548872,84.771
Italy,HAM,6.0,MEDIUM,6.0,49.31127819548872,84.919
Italy,HAM,7.0,MEDIUM,7.0,49.31127819548872,85.205
Italy,HAM,8.0,MEDIUM,8.0,49.31127819548872,84.871
Italy,HAM,9.0,MEDIUM,9.0,49.31127819548872,85.035
Italy,HAM,10.0,MEDIUM,10.0,49.31127819548872,84.909
Italy,HAM,11.0,MEDIUM,11.0,49.31127819548872,84.938
Italy,HAM,12.0,MEDIUM,12.0,49.31127819548872,84.932
Italy,HAM,13.0,MEDIUM,13.0,49.31127819548872,85.329
Italy,HAM,14.0,MEDIUM,14.0,49.31127819548872,85.817
Italy,HAM,17.0,HARD,2.0,49.31127819548872,84.843
Italy,HAM,18.0,HARD,3.0,49.31127819548872,84.831
Italy,HAM,19.0,HARD,4.0,49.31127819548872,84.649
Italy,HAM,20.0,HARD,5.0,49.31127819548872,84.64
Italy,HAM,21.0,HARD,6.0,49.31127819548872,84.915
Italy,HAM,22.0,HARD,7.0,49.31127819548872,84.613
Italy,HAM,23.0,HARD,8.0,49.31127819548872,84.132
Italy,HAM,24.0,HARD,9.0,49.31127819548872,83.818
Italy,HAM,25.0,HARD,10.0,49.31127819548872,83.804
Italy,HAM,26.0,HARD,11.0,49.31127819548872,83.673
Italy,HAM,27.0,HARD,12.0,49.31127819548872,83.495
Italy,HAM,28.0,HARD,13.0,49.31127819548872,83.64
Italy,HAM,29.0,HARD,14.0,49.31127819548872,83.507
Italy,HAM,30.0,HARD,15.0,49.31127819548872,83.445
Italy,HAM,31.0,HARD,16.0,49.31127819548872,83.36
Italy,HAM,32.0,HARD,17.0,49.31127819548872,83.328
Italy,HAM,33.0,HARD,18.0,49.31127819548872,83.397
Italy,HAM,34.0,HARD,19.0,49.31127819548872,83.531
Italy,HAM,35.0,HARD,20.0,49.31127819548872,83.378
Italy,HAM,36.0,HARD,21.0,49.31127819548872,83.601
Italy,HAM,37.0,HARD,22.0,49.31127819548872,88.349
Italy,HAM,39.0,HARD,2.0,49.31127819548872,82.968
Italy,HAM,40.0,HARD,3.0,49.31127819548872,83.012
Italy,HAM,41.0,HARD,4.0,49.31127819548872,82.927
Italy,HAM,42.0,HARD,5.0,49.31127819548872,82.52
Italy,HAM,43.0,HARD,6.0,49.31127819548872,82.396
Italy,HAM,44.0,HARD,7.0,49.31127819548872,82.136
Italy,HAM,45.0,HARD,8.0,49.31127819548872,82.176
Italy,HAM,46.0,HARD,9.0,49.31127819548872,82.307
Italy,HAM,47.0,HARD,10.0,49.31127819548872,82.471
Italy,HAM,48.0,HARD,11.0,49.31127819548872,82.794
Italy,HAM,49.0,HARD,12.0,49.31127819548872,82.446
Italy,HAM,50.0,HARD,13.0,49.31127819548872,82.243
Italy,HAM,51.0,HARD,14.0,49.31127819548872,82.737
Italy,HAM,52.0,HARD,15.0,49.31127819548872,85.703
Italy,HAM,53.0,HARD,16.0,49.31127819548872,81.512
Italy,VER,2.0,HARD,2.0,49.31127819548872,86.17
Italy,VER,3.0,HARD,3.0,49.31127819548872,85.855
Italy,VER,4.0,HARD,4.0,49.31127819548872,85.633
Italy,VER,5.0,HARD,5.0,49.31127819548872,85.218
Italy,VER,6.0,HARD,6.0,49.31127819548872,85.096
Italy,VER,7.0,HARD,7.0,49.31127819548872,85.042
Italy,VER,8.0,HARD,8.0,49.31127819548872,84.918
Italy,VER,9.0,HARD,9.0,49.31127819548872,85.05
Italy,VER,10.0,HARD,10.0,49.31127819548872,84.964
Italy,VER,11.0,HARD,11.0,49.31127819548872,84.978
Italy,VER,12.0,HARD,12.0,49.31127819548872,84.968
Italy,VER,13.0,HARD,13.0,49.31127819548872,84.957
Italy,VER,14.0,HARD,14.0,49.31127819548872,85.287
Italy,VER,15.0,HARD,15.0,49.31127819548872,85.746
Italy,VER,16.0,HARD,16.0,49.31127819548872,85.244
Italy,VER,17.0,HARD,17.0,49.31127819548872,85.34
Italy,VER,18.0,HARD,18.0,49.31127819548872,85.469
Italy,VER,19.0,HARD,19.0,49.31127819548872,85.537
Italy,VER,20.0,HARD,20.0,49.31127819548872,85.559
Italy,VER,21.0,HARD,21.0,49.31127819548872,85.381
Italy,VER,22.0,HARD,22.0,49.31127819548872,89.668
Italy,VER,24.0,HARD,2.0,49.31127819548872,83.545
Italy,VER,25.0,HARD,3.0,49.31127819548872,83.801
Italy,VER,26.0,HARD,4.0,49.31127819548872,83.618
Italy,VER,27.0,HARD,5.0,49.31127819548872,83.524
Italy,VER,28.0,HARD,6.0,49.31127819548872,83.509
Italy,VER,29.0,HARD,7.0,49.31127819548872,83.452
Italy,VER,30.0,HARD,8.0,49.31127819548872,83.542
Italy,VER,31.0,HARD,9.0,49.31127819548872,83.424
Italy,VER,32.0,HARD,10.0,49.31127819548872,83.49
Italy,VER,33.0,HARD,11.0,49.31127819548872,83.621
Italy,VER,34.0,HARD,12.0,49.31127819548872,83.576
Italy,VER,35.0,HARD,13.0,49.31127819548872,83.589
Italy,VER,36.0,HARD,14.0,49.31127819548872,83.559
Italy,VER,37.0,HARD,15.0,49.31127819548872,83.485
Italy,VER,38.0,HARD,16.0,49.31127819548872,83.427
Italy,VER,39.0,HARD,17.0,49.31127819548872,83.501
Italy,VER,40.0,HARD,18.0,49.31127819548872,84.337
Italy,VER,41.0,HARD,19.0,49.31127819548872,88.738
Italy,VER,43.0,MEDIUM,2.0,49.31127819548872,81.745
Italy,VER,44.0,MEDIUM,3.0,49.31127819548872,83.045
Italy,VER,45.0,MEDIUM,4.0,49.31127819548872,83.363
Italy,VER,46.0,MEDIUM,5.0,49.31127819548872,82.941
Italy,VER,47.0,MEDIUM,6.0,49.31127819548872,82.52
Italy,VER,48.0,MEDIUM,7.0,49.31127819548872,82.57
Italy,VER,49.0,MEDIUM,8.0,49.31127819548872,82.584
Italy,VER,50.0,MEDIUM,9.0,49.31127819548872,82.585
Italy,VER,51.0,MEDIUM,10.0,49.31127819548872,82.574
Italy,VER,52.0,MEDIUM,11.0,49.31127819548872,82.92
Italy,VER,53.0,MEDIUM,12.0,49.31127819548872,83.711
Italy,RUS,2.0,MEDIUM,2.0,49.31127819548872,86.055
Italy,RUS,3.0,MEDIUM,3.0,49.31127819548872,85.733
Italy,RUS,4.0,MEDIUM,4.0,49.31127819548872,85.762
Italy,RUS,5.0,MEDIUM,5.0,49.31127819548872,85.494
Italy,RUS,6.0,MEDIUM,6.0,49.31127819548872,85.101
Italy,RUS,7.0,MEDIUM,7.0,49.31127819548872,85.046
Italy,RUS,8.0,MEDIUM,8.0,49.31127819548872,85.216
Italy,RUS,9.0,MEDIUM,9.0,49.31127819548872,85.115
Italy,RUS,10.0,MEDIUM,10.0,49.31127819548872,85.468
Italy,RUS,13.0,HARD,2.0,49.31127819548872,84.546
Italy,RUS,14.0,HARD,3.0,49.31127819548872,84.548
Italy,RUS,15.0,HARD,4.0,49.31127819548872,84.56
Italy,RUS,16.0,HARD,5.0,49.31127819548872,84.692
Italy,RUS,17.0,HARD,6.0,49.31127819548872,84.546
Italy,RUS,18.0,HARD,7.0,49.31127819548872,84.521
Italy,RUS,19.0,HARD,8.0,49.31127819548872,84.706
Italy,RUS,20.0,HARD,9.0,49.31127819548872,85.504
Italy,RUS,21.0,HARD,10.0,49.31127819548872,84.626
Italy,RUS,22.0,HARD,11.0,49.31127819548872,84.711
Italy,RUS,23.0,HARD,12.0,49.31127819548872,84.624
Italy,RUS,24.0,HARD,13.0,49.31127819548872,84.621
Italy,RUS,25.0,HARD,14.0,49.31127819548872,85.174
Italy,RUS,26.0,HARD,15.0,49.31127819548872,83.575
Italy,RUS,27.0,HARD,16.0,49.31127819548872,83.732
Italy,RUS,28.0,HARD,17.0,49.31127819548872,83.383
Italy,RUS,29.0,HARD,18.0,49.31127819548872,83.516
Italy,RUS,30.0,HARD,19.0,49.31127819548872,83.177
Italy,RUS,31.0,HARD,20.0,49.31127819548872,85.331
Italy,RUS,32.0,HARD,21.0,49.31127819548872,83.542
Italy,RUS,33.0,HARD,22.0,49.31127819548872,88.264
Italy,RUS,35.0,HARD,2.0,49.31127819548872,82.944
Italy,RUS,36.0,HARD,3.0,49.31127819548872,83.333
Italy,RUS,37.0,HARD,4.0,49.31127819548872,83.158
Italy,RUS,38.0,HARD,5.0,49.31127819548872,85.166
Italy,RUS,39.0,HARD,6.0,49.31127819548872,83.142
Italy,RUS,40.0,HARD,7.0,49.31127819548872,82.886
Italy,RUS,41.0,HARD,8.0,49.31127819548872,84.039
Italy,RUS,42.0,HARD,9.0,49.31127819548872,82.799
Italy,RUS,43.0,HARD,10.0,49.31127819548872,82.939
Italy,RUS,44.0,HARD,11.0,49.31127819548872,82.923
Italy,RUS,45.0,HARD,12.0,49.31127819548872,82.685
Italy,RUS,46.0,HARD,13.0,49.31127819548872,82.419
Italy,RUS,47.0,HARD,14.0,49.31127819548872,82.343
Italy,RUS,48.0,HARD,15.0,49.31127819548872,82.165
Italy,RUS,49.0,HARD,16.0,49.31127819548872,82.036
Italy,RUS,50.0,HARD,17.0,49.31127819548872,82.156
Italy,RUS,51.0,HARD,18.0,49.31127819548872,82.311
Italy,RUS,52.0,HARD,19.0,49.31127819548872,82.447
Italy,RUS,53.0,HARD,20.0,49.31127819548872,82.7
Italy,PER,2.0,HARD,2.0,49.31127819548872,86.411
Italy,PER,3.0,HARD,3.0,49.31127819548872,85.757
Italy,PER,4.0,HARD,4.0,49.31127819548872,85.805
Italy,PER,5.0,HARD,5.0,49.31127819548872,85.447
Italy,PER,6.0,HARD,6.0,49.31127819548872,85.105
Italy,PER,7.0,HARD,7.0,49.31127819548872,85.434
Italy,PER,8.0,HARD,8.0,49.31127819548872,85.186
Italy,PER,9.0,HARD,9.0,49.31127819548872,84.977
Italy,PER,10.0,HARD,10.0,49.31127819548872,84.841
Italy,PER,11.0,HARD,11.0,49.31127819548872,84.773
Italy,PER,12.0,HARD,12.0,49.31127819548872,84.654
Italy,PER,13.0,HARD,13.0,49.31127819548872,85.041
Italy,PER,14.0,HARD,14.0,49.31127819548872,85.229
Italy,PER,15.0,HARD,15.0,49.31127819548872,85.543
Italy,PER,16.0,HARD,16.0,49.31127819548872,85.434
Italy,PER,17.0,HARD,17.0,49.31127819548872,85.444
Italy,PER,18.0,HARD,18.0,49.31127819548872,85.448
Italy,PER,19.0,HARD,19.0,49.31127819548872,85.683
Italy,PER,20.0,HARD,20.0,49.31127819548872,86.111
Italy,PER,21.0,HARD,21.0,49.31127819548872,85.864
Italy,PER,22.0,HARD,22.0,49.31127819548872,85.709
Italy,PER,23.0,HARD,23.0,49.31127819548872,89.869
Italy,PER,25.0,HARD,2.0,49.31127819548872,84.109
Italy,PER,26.0,HARD,3.0,49.31127819548872,83.975
Italy,PER,27.0,HARD,4.0,49.31127819548872,83.784
Italy,PER,28.0,HARD,5.0,49.31127819548872,83.598
Italy,PER,29.0,HARD,6.0,49.31127819548872,83.854
Italy,PER,30.0,HARD,7.0,49.31127819548872,83.474
Italy,PER,31.0,HARD,8.0,49.31127819548872,85.086
Italy,PER,32.0,HARD,9.0,49.31127819548872,83.825
Italy,PER,33.0,HARD,10.0,49.31127819548872,83.473
Italy,PER,34.0,HARD,11.0,49.31127819548872,83.611
Italy,PER,35.0,HARD,12.0,49.31127819548872,88.255
Italy,PER,37.0,MEDIUM,2.0,49.31127819548872,83.291
Italy,PER,38.0,MEDIUM,3.0,49.31127819548872,86.243
Italy,PER,39.0,MEDIUM,4.0,49.31127819548872,83.707
Italy,PER,40.0,MEDIUM,5.0,49.31127819548872,83.393
Italy,PER,41.0,MEDIUM,6.0,49.31127819548872,83.267
Italy,PER,42.0,MEDIUM,7.0,49.31127819548872,83.908
Italy,PER,43.0,MEDIUM,8.0,49.31127819548872,84.537
Italy,PER,44.0,MEDIUM,9.0,49.31127819548872,83.617
Italy,PER,45.0,MEDIUM,10.0,49.31127819548872,83.033
Italy,PER,46.0,MEDIUM,11.0,49.31127819548872,82.996
Italy,PER,47.0,MEDIUM,12.0,49.31127819548872,82.971
Italy,PER,48.0,MEDIUM,13.0,49.31127819548872,83.315
Italy,PER,49.0,MEDIUM,14.0,49.31127819548872,83.612
Italy,PER,50.0,MEDIUM,15.0,49.31127819548872,83.39
Italy,PER,51.0,MEDIUM,16.0,49.31127819548872,83.415
Italy,PER,52.0,MEDIUM,17.0,49.31127819548872,84.071
Italy,PER,53.0,MEDIUM,18.0,49.31127819548872,84.511
Italy,ALB,2.0,MEDIUM,2.0,49.31127819548872,87.011
Italy,ALB,3.0,MEDIUM,3.0,49.31127819548872,86.282
Italy,ALB,4.0,MEDIUM,4.0,49.31127819548872,86.527
Italy,ALB,5.0,MEDIUM,5.0,49.31127819548872,86.039
Italy,ALB,6.0,MEDIUM,6.0,49.31127819548872,85.946
Italy,ALB,7.0,MEDIUM,7.0,49.31127819548872,85.99
Italy,ALB,8.0,MEDIUM,8.0,49.31127819548872,85.963
Italy,ALB,9.0,MEDIUM,9.0,49.31127819548872,85.666
Italy,ALB,10.0,MEDIUM,10.0,49.31127819548872,85.711
Italy,ALB,11.0,MEDIUM,11.0,49.31127819548872,85.734
Italy,ALB,12.0,MEDIUM,12.0,49.31127819548872,85.468
Italy,ALB,13.0,MEDIUM,13.0,49.31127819548872,85.533
Italy,ALB,14.0,MEDIUM,14.0,49.31127819548872,86.14
Italy,ALB,15.0,MEDIUM,15.0,49.31127819548872,86.463
Italy,ALB,16.0,MEDIUM,16.0,49.31127819548872,86.454
Italy,ALB,19.0,HARD,2.0,49.31127819548872,85.254
Italy,ALB,20.0,HARD,3.0,49.31127819548872,85.074
Italy,ALB,21.0,HARD,4.0,49.31127819548872,84.86
Italy,ALB,22.0,HARD,5.0,49.31127819548872,85.053
Italy,ALB,23.0,HARD,6.0,49.31127819548872,85.132
Italy,ALB,24.0,HARD,7.0,49.31127819548872,85.196
Italy,ALB,25.0,HARD,8.0,49.31127819548872,84.707
Italy,ALB,26.0,HARD,9.0,49.31127819548872,85.065
Italy,ALB,27.0,HARD,10.0,49.31127819548872,84.949
Italy,ALB,28.0,HARD,11.0,49.31127819548872,84.793
Italy,ALB,29.0,HARD,12.0,49.31127819548872,84.871
Italy,ALB,30.0,HARD,13.0,49.31127819548872,84.754
Italy,ALB,31.0,HARD,14.0,49.31127819548872,85.229
Italy,ALB,32.0,HARD,15.0,49.31127819548872,84.412
Italy,ALB,33.0,HARD,16.0,49.31127819548872,86.282
Italy,ALB,34.0,HARD,17.0,49.31127819548872,85.57
Italy,ALB,35.0,HARD,18.0,49.31127819548872,84.994
Italy,ALB,36.0,HARD,19.0,49.31127819548872,84.748
Italy,ALB,37.0,HARD,20.0,49.31127819548872,85.882
Italy,ALB,38.0,HARD,21.0,49.31127819548872,85.214
Italy,ALB,39.0,HARD,22.0,49.31127819548872,84.971
Italy,ALB,40.0,HARD,23.0,49.31127819548872,84.552
Italy,ALB,41.0,HARD,24.0,49.31127819548872,84.372
Italy,ALB,42.0,HARD,25.0,49.31127819548872,84.874
Italy,ALB,43.0,HARD,26.0,49.31127819548872,84.669
Italy,ALB,44.0,HARD,27.0,49.31127819548872,84.678
Italy,ALB,45.0,HARD,28.0,49.31127819548872,84.569
Italy,ALB,46.0,HARD,29.0,49.31127819548872,84.554
Italy,ALB,47.0,HARD,30.0,49.31127819548872,84.383
Italy,ALB,48.0,HARD,31.0,49.31127819548872,84.149
Italy,ALB,49.0,HARD,32.0,49.31127819548872,84.262
Italy,ALB,50.0,HARD,33.0,49.31127819548872,83.956
Italy,ALB,51.0,HARD,34.0,49.31127819548872,83.921
Italy,ALB,52.0,HARD,35.0,49.31127819548872,83.955
Italy,ALB,53.0,HARD,36.0,49.31127819548872,83.918
Italy,MAG,2.0,MEDIUM,2.0,49.31127819548872,87.205
Italy,MAG,3.0,MEDIUM,3.0,49.31127819548872,86.584
Italy,MAG,4.0,MEDIUM,4.0,49.31127819548872,86.372
Italy,MAG,5.0,MEDIUM,5.0,49.31127819548872,86.142
Italy,MAG,6.0,MEDIUM,6.0,49.31127819548872,85.902
Italy,MAG,7.0,MEDIUM,7.0,49.31127819548872,85.825
Italy,MAG,8.0,MEDIUM,8.0,49.31127819548872,85.966
Italy,MAG,9.0,MEDIUM,9.0,49.31127819548872,85.785
Italy,MAG,10.0,MEDIUM,10.0,49.31127819548872,85.799
Italy,MAG,11.0,MEDIUM,11.0,49.31127819548872,86.04
Italy,MAG,12.0,MEDIUM,12.0,49.31127819548872,86.145
Italy,MAG,13.0,MEDIUM,13.0,49.31127819548872,86.286
Italy,MAG,14.0,MEDIUM,14.0,49.31127819548872,89.943
Italy,MAG,16.0,HARD,2.0,49.31127819548872,85.644
Italy,MAG,17.0,HARD,3.0,49.31127819548872,84.769
Italy,MAG,18.0,HARD,4.0,49.31127819548872,86.533
Italy,MAG,19.0,HARD,5.0,49.31127819548872,85.109
Italy,MAG,20.0,HARD,6.0,49.31127819548872,85.154
Italy,MAG,21.0,HARD,7.0,49.31127819548872,84.793
Italy,MAG,22.0,HARD,8.0,49.31127819548872,85.071
Italy,MAG,23.0,HARD,9.0,49.31127819548872,85.057
Italy,MAG,24.0,HARD,10.0,49.31127819548872,85.131
Italy,MAG,25.0,HARD,11.0,49.31127819548872,85.504
Italy,MAG,26.0,HARD,12.0,49.31127819548872,85.199
Italy,MAG,27.0,HARD,13.0,49.31127819548872,84.64
Italy,MAG,28.0,HARD,14.0,49.31127819548872,84.415
Italy,MAG,29.0,HARD,15.0,49.31127819548872,84.799
Italy,MAG,30.0,HARD,16.0,49.31127819548872,84.573
Italy,MAG,31.0,HARD,17.0,49.31127819548872,84.458
Italy,MAG,32.0,HARD,18.0,49.31127819548872,84.408
Italy,MAG,33.0,HARD,19.0,49.31127819548872,84.853
Italy,MAG,34.0,HARD,20.0,49.31127819548872,84.702
Italy,MAG,35.0,HARD,21.0,49.31127819548872,84.17
Italy,MAG,36.0,HARD,22.0,49.31127819548872,84.276
Italy,MAG,37.0,HARD,23.0,49.31127819548872,83.95
Italy,MAG,38.0,HARD,24.0,49.31127819548872,84.803
Italy,MAG,39.0,HARD,25.0,49.31127819548872,84.463
Italy,MAG,40.0,HARD,26.0,49.31127819548872,84.282
Italy,MAG,41.0,HARD,27.0,49.31127819548872,84.625
Italy,MAG,42.0,HARD,28.0,49.31127819548872,84.628
Italy,MAG,43.0,HARD,29.0,49.31127819548872,84.605
Italy,MAG,44.0,HARD,30.0,49.31127819548872,85.205
Italy,MAG,45.0,HARD,31.0,49.31127819548872,84.272
Italy,MAG,46.0,HARD,32.0,49.31127819548872,84.124
Italy,MAG,47.0,HARD,33.0,49.31127819548872,83.971
Italy,MAG,48.0,HARD,34.0,49.31127819548872,83.741
Italy,MAG,49.0,HARD,35.0,49.31127819548872,83.708
Italy,MAG,50.0,HARD,36.0,49.31127819548872,83.603
Italy,MAG,51.0,HARD,37.0,49.31127819548872,83.437
Italy,MAG,52.0,HARD,38.0,49.31127819548872,83.691
Italy,MAG,53.0,HARD,39.0,49.31127819548872,83.715
Italy,ALO,2.0,MEDIUM,3.0,49.31127819548872,87.236
Italy,ALO,3.0,MEDIUM,4.0,49.31127819548872,86.41
Italy,ALO,4.0,MEDIUM,5.0,49.31127819548872,86.411
Italy,ALO,5.0,MEDIUM,6.0,49.31127819548872,86.218
Italy,ALO,6.0,MEDIUM,7.0,49.31127819548872,85.911
Italy,ALO,7.0,MEDIUM,8.0,49.31127819548872,85.95
Italy,ALO,8.0,MEDIUM,9.0,49.31127819548872,85.693
Italy,ALO,9.0,MEDIUM,10.0,49.31127819548872,85.969
Italy,ALO,10.0,MEDIUM,11.0,49.31127819548872,85.832
Italy,ALO,11.0,MEDIUM,12.0,49.31127819548872,85.758
Italy,ALO,12.0,MEDIUM,13.0,49.31127819548872,89.74
Italy,ALO,14.0,HARD,3.0,49.31127819548872,85.832
Italy,ALO,15.0,HARD,4.0,49.31127819548872,84.67
Italy,ALO,16.0,HARD,5.0,49.31127819548872,84.614
Italy,ALO,17.0,HARD,6.0,49.31127819548872,84.574
Italy,ALO,18.0,HARD,7.0,49.31127819548872,84.882
Italy,ALO,19.0,HARD,8.0,49.31127819548872,85.314
Italy,ALO,20.0,HARD,9.0,49.31127819548872,85.676
Italy,ALO,21.0,HARD,10.0,49.31127819548872,85.297
Italy,ALO,22.0,HARD,11.0,49.31127819548872,85.451
Italy,ALO,23.0,HARD,12.0,49.31127819548872,85.017
Italy,ALO,24.0,HARD,13.0,49.31127819548872,84.588
Italy,ALO,25.0,HARD,14.0,49.31127819548872,84.504
Italy,ALO,26.0,HARD,15.0,49.31127819548872,84.937
Italy,ALO,27.0,HARD,16.0,49.31127819548872,84.891
Italy,ALO,28.0,HARD,17.0,49.31127819548872,84.725
Italy,ALO,29.0,HARD,18.0,49.31127819548872,85.011
Italy,ALO,30.0,HARD,19.0,49.31127819548872,85.039
Italy,ALO,31.0,HARD,20.0,49.31127819548872,85.128
Italy,ALO,32.0,HARD,21.0,49.31127819548872,85.099
Italy,ALO,33.0,HARD,22.0,49.31127819548872,85.289
Italy,ALO,34.0,HARD,23.0,49.31127819548872,85.083
Italy,ALO,35.0,HARD,24.0,49.31127819548872,89.799
Italy,ALO,37.0,HARD,4.0,49.31127819548872,83.703
Italy,ALO,38.0,HARD,5.0,49.31127819548872,83.847
Italy,ALO,39.0,HARD,6.0,49.31127819548872,83.77
Italy,ALO,40.0,HARD,7.0,49.31127819548872,83.683
Italy,ALO,41.0,HARD,8.0,49.31127819548872,83.822
Italy,ALO,42.0,HARD,9.0,49.31127819548872,83.637
Italy,ALO,43.0,HARD,10.0,49.31127819548872,83.681
Italy,ALO,44.0,HARD,11.0,49.31127819548872,83.529
Italy,ALO,45.0,HARD,12.0,49.31127819548872,83.484
Italy,ALO,46.0,HARD,13.0,49.31127819548872,82.944
Italy,ALO,47.0,HARD,14.0,49.31127819548872,83.221
Italy,ALO,48.0,HARD,15.0,49.31127819548872,83.245
Italy,ALO,49.0,HARD,16.0,49.31127819548872,83.525
Italy,ALO,50.0,HARD,17.0,49.31127819548872,83.511
Italy,ALO,51.0,HARD,18.0,49.31127819548872,83.468
Italy,ALO,52.0,HARD,19.0,49.31127819548872,83.761
Italy,ALO,53.0,HARD,20.0,49.31127819548872,83.686
Italy,COL,2.0,MEDIUM,2.0,49.31127819548872,87.845
Italy,COL,3.0,MEDIUM,3.0,49.31127819548872,86.578
Italy,COL,4.0,MEDIUM,4.0,49.31127819548872,86.25
Italy,COL,5.0,MEDIUM,5.0,49.31127819548872,87.151
Italy,COL,6.0,MEDIUM,6.0,49.31127819548872,86.057
Italy,COL,7.0,MEDIUM,7.0,49.31127819548872,87.204
Italy,COL,8.0,MEDIUM,8.0,49.31127819548872,86.385
Italy,COL,9.0,MEDIUM,9.0,49.31127819548872,86.222
Italy,COL,10.0,MEDIUM,10.0,49.31127819548872,86.289
Italy,COL,11.0,MEDIUM,11.0,49.31127819548872,86.607
Italy,COL,12.0,MEDIUM,12.0,49.31127819548872,86.5
Italy,COL,13.0,MEDIUM,13.0,49.31127819548872,86.41
Italy,COL,14.0,MEDIUM,14.0,49.31127819548872,86.93
Italy,COL,15.0,MEDIUM,15.0,49.31127819548872,86.672
Italy,COL,18.0,HARD,2.0,49.31127819548872,84.485
Italy,COL,19.0,HARD,3.0,49.31127819548872,84.928
Italy,COL,20.0,HARD,4.0,49.31127819548872,85.148
Italy,COL,21.0,HARD,5.0,49.31127819548872,84.784
Italy,COL,22.0,HARD,6.0,49.31127819548872,84.852
Italy,COL,23.0,HARD,7.0,49.31127819548872,84.649
Italy,COL,24.0,HARD,8.0,49.31127819548872,84.635
Italy,COL,25.0,HARD,9.0,49.31127819548872,84.916
Italy,COL,26.0,HARD,10.0,49.31127819548872,84.639
Italy,COL,27.0,HARD,11.0,49.31127819548872,84.497
Italy,COL,28.0,HARD,12.0,49.31127819548872,85.005
Italy,COL,29.0,HARD,13.0,49.31127819548872,85.634
Italy,COL,30.0,HARD,14.0,49.31127819548872,85.412
Italy,COL,31.0,HARD,15.0,49.31127819548872,85.586
Italy,COL,32.0,HARD,16.0,49.31127819548872,85.433
Italy,COL,33.0,HARD,17.0,49.31127819548872,84.868
Italy,COL,34.0,HARD,18.0,49.31127819548872,84.921
Italy,COL,35.0,HARD,19.0,49.31127819548872,84.798
Italy,COL,36.0,HARD,20.0,49.31127819548872,84.84
Italy,COL,37.0,HARD,21.0,49.31127819548872,85.345
Italy,COL,38.0,HARD,22.0,49.31127819548872,85.194
Italy,COL,39.0,HARD,23.0,49.31127819548872,85.128
Italy,COL,40.0,HARD,24.0,49.31127819548872,85.147
Italy,COL,41.0,HARD,25.0,49.31127819548872,84.801
Italy,COL,42.0,HARD,26.0,49.31127819548872,84.62
Italy,COL,43.0,HARD,27.0,49.31127819548872,85.979
Italy,COL,44.0,HARD,28.0,49.31127819548872,85.161
Italy,COL,45.0,HARD,29.0,49.31127819548872,84.812
Italy,COL,46.0,HARD,30.0,49.31127819548872,84.939
Italy,COL,47.0,HARD,31.0,49.31127819548872,84.697
Italy,COL,48.0,HARD,32.0,49.31127819548872,84.538
Italy,COL,49.0,HARD,33.0,49.31127819548872,84.474
Italy,COL,50.0,HARD,34.0,49.31127819548872,84.3
Italy,COL,51.0,HARD,35.0,49.31127819548872,84.186
Italy,COL,52.0,HARD,36.0,49.31127819548872,84.429
Italy,COL,53.0,HARD,37.0,49.31127819548872,83.728
Italy,RIC,2.0,MEDIUM,2.0,49.31127819548872,87.177
Italy,RIC,3.0,MEDIUM,3.0,49.31127819548872,86.588
Italy,RIC,4.0,MEDIUM,4.0,49.31127819548872,86.488
Italy,RIC,5.0,MEDIUM,5.0,49.31127819548872,86.251
Italy,RIC,6.0,MEDIUM,6.0,49.31127819548872,85.899
Italy,RIC,7.0,MEDIUM,7.0,49.31127819548872,85.713
Italy,RIC,8.0,MEDIUM,8.0,49.31127819548872,85.993
Italy,RIC,9.0,MEDIUM,9.0,49.31127819548872,85.815
Italy,RIC,10.0,MEDIUM,10.0,49.31127819548872,86.111
Italy,RIC,13.0,HARD,3.0,49.31127819548872,86.122
Italy,RIC,14.0,HARD,4.0,49.31127819548872,85.827
Italy,RIC,15.0,HARD,5.0,49.31127819548872,85.572
Italy,RIC,16.0,HARD,6.0,49.31127819548872,85.398
Italy,RIC,17.0,HARD,7.0,49.31127819548872,85.028
Italy,RIC,18.0,HARD,8.0,49.31127819548872,85.062
Italy,RIC,19.0,HARD,9.0,49.31127819548872,84.897
Italy,RIC,20.0,HARD,10.0,49.31127819548872,84.753
Italy,RIC,21.0,HARD,11.0,49.31127819548872,84.991
Italy,RIC,22.0,HARD,12.0,49.31127819548872,85.08
Italy,RIC,23.0,HARD,13.0,49.31127819548872,84.848
Italy,RIC,24.0,HARD,14.0,49.31127819548872,84.931
Italy,RIC,25.0,HARD,15.0,49.31127819548872,85.047
Italy,RIC,26.0,HARD,16.0,49.31127819548872,84.906
Italy,RIC,27.0,HARD,17.0,49.31127819548872,85.595
Italy,RIC,28.0,HARD,18.0,49.31127819548872,85.38
Italy,RIC,29.0,HARD,19.0,49.31127819548872,84.835
Italy,RIC,30.0,HARD,20.0,49.31127819548872,84.97
Italy,RIC,31.0,HARD,21.0,49.31127819548872,84.875
Italy,RIC,32.0,HARD,22.0,49.31127819548872,84.69
Italy,RIC,33.0,HARD,23.0,49.31127819548872,84.662
Italy,RIC,34.0,HARD,24.0,49.31127819548872,84.777
Italy,RIC,35.0,HARD,25.0,49.31127819548872,85.588
Italy,RIC,36.0,HARD,26.0,49.31127819548872,85.081
Italy,RIC,37.0,HARD,27.0,49.31127819548872,85.095
Italy,RIC,38.0,HARD,28.0,49.31127819548872,85.288
Italy,RIC,39.0,HARD,29.0,49.31127819548872,85.033
Italy,RIC,40.0,HARD,30.0,49.31127819548872,85.025
Italy,RIC,41.0,HARD,31.0,49.31127819548872,84.945
Italy,RIC,42.0,HARD,32.0,49.31127819548872,84.954
Italy,RIC,43.0,HARD,33.0,49.31127819548872,85.179
Italy,RIC,44.0,HARD,34.0,49.31127819548872,84.776
Italy,RIC,45.0,HARD,35.0,49.31127819548872,85.063
Italy,RIC,46.0,HARD,36.0,49.31127819548872,85.685
Italy,RIC,47.0,HARD,37.0,49.31127819548872,84.775
Italy,RIC,48.0,HARD,38.0,49.31127819548872,84.518
Italy,RIC,49.0,HARD,39.0,49.31127819548872,84.617
Italy,RIC,50.0,HARD,40.0,49.31127819548872,84.817
Italy,RIC,51.0,HARD,41.0,49.31127819548872,84.639
Italy,RIC,52.0,HARD,42.0,49.31127819548872,84.219
Italy,RIC,53.0,HARD,43.0,49.31127819548872,84.347
Italy,OCO,2.0,HARD,2.0,49.31127819548872,86.837
Italy,OCO,3.0,HARD,3.0,49.31127819548872,86.466
Italy,OCO,4.0,HARD,4.0,49.31127819548872,86.297
Italy,OCO,5.0,HARD,5.0,49.31127819548872,86.568
Italy,OCO,6.0,HARD,6.0,49.31127819548872,85.684
Italy,OCO,7.0,HARD,7.0,49.31127819548872,86.006
Italy,OCO,8.0,HARD,8.0,49.31127819548872,86.053
Italy,OCO,9.0,HARD,9.0,49.31127819548872,85.369
Italy,OCO,10.0,HARD,10.0,49.31127819548872,86.035
Italy,OCO,11.0,HARD,11.0,49.31127819548872,86.349
Italy,OCO,12.0,HARD,12.0,49.31127819548872,85.954
Italy,OCO,13.0,HARD,13.0,49.31127819548872,86.059
Italy,OCO,14.0,HARD,14.0,49.31127819548872,86.307
Italy,OCO,15.0,HARD,15.0,49.31127819548872,86.677
Italy,OCO,16.0,HARD,16.0,49.31127819548872,86.694
Italy,OCO,17.0,HARD,17.0,49.31127819548872,86.002
Italy,OCO,18.0,HARD,18.0,49.31127819548872,86.234
Italy,OCO,19.0,HARD,19.0,49.31127819548872,86.174
Italy,OCO,20.0,HARD,20.0,49.31127819548872,87.326
Italy,OCO,21.0,HARD,21.0,49.31127819548872,86.45
Italy,OCO,22.0,HARD,22.0,49.31127819548872,86.327
Italy,OCO,23.0,HARD,23.0,49.31127819548872,86.201
Italy,OCO,24.0,HARD,24.0,49.31127819548872,86.77
Italy,OCO,25.0,HARD,25.0,49.31127819548872,87.519
Italy,OCO,26.0,HARD,26.0,49.31127819548872,86.383
Italy,OCO,27.0,HARD,27.0,49.31127819548872,86.725
Italy,OCO,28.0,HARD,28.0,49.31127819548872,86.013
Italy,OCO,29.0,HARD,29.0,49.31127819548872,86.099
Italy,OCO,30.0,HARD,30.0,49.31127819548872,86.025
Italy,OCO,33.0,MEDIUM,2.0,49.31127819548872,84.652
Italy,OCO,34.0,MEDIUM,3.0,49.31127819548872,84.965
Italy,OCO,35.0,MEDIUM,4.0,49.31127819548872,85.019
Italy,OCO,36.0,MEDIUM,5.0,49.31127819548872,84.942
Italy,OCO,37.0,MEDIUM,6.0,49.31127819548872,84.613
Italy,OCO,38.0,MEDIUM,7.0,49.31127819548872,84.845
Italy,OCO,39.0,MEDIUM,8.0,49.31127819548872,85.267
Italy,OCO,40.0,MEDIUM,9.0,49.31127819548872,85.211
Italy,OCO,41.0,MEDIUM,10.0,49.31127819548872,85.06
Italy,OCO,42.0,MEDIUM,11.0,49.31127819548872,85.119
Italy,OCO,43.0,MEDIUM,12.0,49.31127819548872,86.111
Italy,OCO,44.0,MEDIUM,13.0,49.31127819548872,84.669
Italy,OCO,45.0,MEDIUM,14.0,49.31127819548872,84.587
Italy,OCO,46.0,MEDIUM,15.0,49.31127819548872,84.449
Italy,OCO,47.0,MEDIUM,16.0,49.31127819548872,84.506
Italy,OCO,48.0,MEDIUM,17.0,49.31127819548872,84.458
Italy,OCO,49.0,MEDIUM,18.0,49.31127819548872,85.79
Italy,OCO,50.0,MEDIUM,19.0,49.31127819548872,85.688
Italy,OCO,51.0,MEDIUM,20.0,49.31127819548872,84.59
Italy,OCO,52.0,MEDIUM,21.0,49.31127819548872,84.343
Italy,GAS,2.0,MEDIUM,2.0,49.31127819548872,86.606
Italy,GAS,3.0,MEDIUM,3.0,49.31127819548872,86.646
Italy,GAS,4.0,MEDIUM,4.0,49.31127819548872,86.395
Italy,GAS,5.0,MEDIUM,5.0,49.31127819548872,86.361
Italy,GAS,6.0,MEDIUM,6.0,49.31127819548872,86.042
Italy,GAS,7.0,MEDIUM,7.0,49.31127819548872,85.82
Italy,GAS,8.0,MEDIUM,8.0,49.31127819548872,86.465
Italy,GAS,9.0,MEDIUM,9.0,49.31127819548872,87.148
Italy,GAS,12.0,HARD,2.0,49.31127819548872,85.07
Italy,GAS,13.0,HARD,3.0,49.31127819548872,84.816
Italy,GAS,14.0,HARD,4.0,49.31127819548872,85.214
Italy,GAS,15.0,HARD,5.0,49.31127819548872,85.529
Italy,GAS,16.0,HARD,6.0,49.31127819548872,85.537
Italy,GAS,17.0,HARD,7.0,49.31127819548872,85.165
Italy,GAS,18.0,HARD,8.0,49.31127819548872,86.182
Italy,GAS,19.0,HARD,9.0,49.31127819548872,85.403
Italy,GAS,20.0,HARD,10.0,49.31127819548872,85.058
Italy,GAS,21.0,HARD,11.0,49.31127819548872,84.878
Italy,GAS,22.0,HARD,12.0,49.31127819548872,85.105
Italy,GAS,23.0,HARD,13.0,49.31127819548872,86.161
Italy,GAS,24.0,HARD,14.0,49.31127819548872,85.882
Italy,GAS,25.0,HARD,15.0,49.31127819548872,85.988
Italy,GAS,26.0,HARD,16.0,49.31127819548872,85.742
Italy,GAS,27.0,HARD,17.0,49.31127819548872,87.191
Italy,GAS,28.0,HARD,18.0,49.31127819548872,85.823
Italy,GAS,29.0,HARD,19.0,49.31127819548872,86.079
Italy,GAS,32.0,HARD,2.0,49.31127819548872,84.423
Italy,GAS,33.0,HARD,3.0,49.31127819548872,84.252
Italy,GAS,34.0,HARD,4.0,49.31127819548872,84.383
Italy,GAS,35.0,HARD,5.0,49.31127819548872,84.822
Italy,GAS,36.0,HARD,6.0,49.31127819548872,85.591
Italy,GAS,37.0,HARD,7.0,49.31127819548872,84.386
Italy,GAS,38.0,HARD,8.0,49.31127819548872,85.229
Italy,GAS,39.0,HARD,9.0,49.31127819548872,84.591
Italy,GAS,40.0,HARD,10.0,49.31127819548872,85.104
Italy,GAS,41.0,HARD,11.0,49.31127819548872,85.772
Italy,GAS,42.0,HARD,12.0,49.31127819548872,84.605
Italy,GAS,43.0,HARD,13.0,49.31127819548872,85.142
Italy,GAS,44.0,HARD,14.0,49.31127819548872,86.175
Italy,GAS,45.0,HARD,15.0,49.31127819548872,85.425
Italy,GAS,46.0,HARD,16.0,49.31127819548872,84.403
Italy,GAS,47.0,HARD,17.0,49.31127819548872,83.923
Italy,GAS,48.0,HARD,18.0,49.31127819548872,84.036
Italy,GAS,49.0,HARD,19.0,49.31127819548872,83.852
Italy,GAS,50.0,HARD,20.0,49.31127819548872,84.077
Italy,GAS,51.0,HARD,21.0,49.31127819548872,83.755
Italy,GAS,52.0,HARD,22.0,49.31127819548872,83.973
Italy,BOT,2.0,HARD,3.0,49.31127819548872,88.377
Italy,BOT,3.0,HARD,4.0,49.31127819548872,86.918
Italy,BOT,4.0,HARD,5.0,49.31127819548872,86.324
Italy,BOT,5.0,HARD,6.0,49.31127819548872,88.242
Italy,BOT,6.0,HARD,7.0,49.31127819548872,86.499
Italy,BOT,7.0,HARD,8.0,49.31127819548872,86.359
Italy,BOT,8.0,HARD,9.0,49.31127819548872,86.206
Italy,BOT,9.0,HARD,10.0,49.31127819548872,86.188
Italy,BOT,10.0,HARD,11.0,49.31127819548872,86.118
Italy,BOT,11.0,HARD,12.0,49.31127819548872,86.47
Italy,BOT,12.0,HARD,13.0,49.31127819548872,86.207
Italy,BOT,13.0,HARD,14.0,49.31127819548872,86.349
Italy,BOT,14.0,HARD,15.0,49.31127819548872,86.481
Italy,BOT,15.0,HARD,16.0,49.31127819548872,86.79
Italy,BOT,16.0,HARD,17.0,49.31127819548872,86.569
Italy,BOT,17.0,HARD,18.0,49.31127819548872,86.396
Italy,BOT,18.0,HARD,19.0,49.31127819548872,86.359
Italy,BOT,19.0,HARD,20.0,49.31127819548872,86.456
Italy,BOT,20.0,HARD,21.0,49.31127819548872,86.803
Italy,BOT,21.0,HARD,22.0,49.31127819548872,87.23
Italy,BOT,22.0,HARD,23.0,49.31127819548872,87.404
Italy,BOT,23.0,HARD,24.0,49.31127819548872,86.943
Italy,BOT,24.0,HARD,25.0,49.31127819548872,86.542
Italy,BOT,25.0,HARD,26.0,49.31127819548872,86.863
Italy,BOT,26.0,HARD,27.0,49.31127819548872,86.885
Italy,BOT,27.0,HARD,28.0,49.31127819548872,86.309
Italy,BOT,28.0,HARD,29.0,49.31127819548872,85.804
Italy,BOT,29.0,HARD,30.0,49.31127819548872,86.827
Italy,BOT,30.0,HARD,31.0,49.31127819548872,86.022
Italy,BOT,31.0,HARD,32.0,49.31127819548872,86.004
Italy,BOT,32.0,HARD,33.0,49.31127819548872,87.859
Italy,BOT,35.0,MEDIUM,3.0,49.31127819548872,85.336
Italy,BOT,36.0,MEDIUM,4.0,49.31127819548872,85.114
Italy,BOT,37.0,MEDIUM,5.0,49.31127819548872,85.213
Italy,BOT,38.0,MEDIUM,6.0,49.31127819548872,86.704
Italy,BOT,39.0,MEDIUM,7.0,49.31127819548872,85.081
Italy,BOT,40.0,MEDIUM,8.0,49.31127819548872,85.16
Italy,BOT,41.0,MEDIUM,9.0,49.31127819548872,86.31
Italy,BOT,42.0,MEDIUM,10.0,49.31127819548872,86.036
Italy,BOT,43.0,MEDIUM,11.0,49.31127819548872,84.637
Italy,BOT,44.0,MEDIUM,12.0,49.31127819548872,84.792
Italy,BOT,45.0,MEDIUM,13.0,49.31127819548872,84.588
Italy,BOT,46.0,MEDIUM,14.0,49.31127819548872,84.358
Italy,BOT,47.0,MEDIUM,15.0,49.31127819548872,84.089
Italy,BOT,48.0,MEDIUM,16.0,49.31127819548872,85.126
Italy,BOT,49.0,MEDIUM,17.0,49.31127819548872,83.885
Italy,BOT,50.0,MEDIUM,18.0,49.31127819548872,84.357
Italy,BOT,51.0,MEDIUM,19.0,49.31127819548872,83.979
Italy,BOT,52.0,MEDIUM,20.0,49.31127819548872,83.609
Italy,HUL,2.0,MEDIUM,2.0,49.31127819548872,87.512
Italy,HUL,3.0,MEDIUM,3.0,49.31127819548872,86.434
Italy,HUL,4.0,MEDIUM,4.0,49.31127819548872,86.541
Italy,HUL,7.0,HARD,2.0,49.31127819548872,85.882
Italy,HUL,8.0,HARD,3.0,49.31127819548872,85.351
Italy,HUL,9.0,HARD,4.0,49.31127819548872,85.191
Italy,HUL,10.0,HARD,5.0,49.31127819548872,85.194
Italy,HUL,11.0,HARD,6.0,49.31127819548872,85.322
Italy,HUL,12.0,HARD,7.0,49.31127819548872,85.166
Italy,HUL,13.0,HARD,8.0,49.31127819548872,84.983
Italy,HUL,14.0,HARD,9.0,49.31127819548872,85.014
Italy,HUL,15.0,HARD,10.0,49.31127819548872,85.862
Italy,HUL,16.0,HARD,11.0,49.31127819548872,85.017
Italy,HUL,17.0,HARD,12.0,49.31127819548872,86.119
Italy,HUL,18.0,HARD,13.0,49.31127819548872,85.465
Italy,HUL,19.0,HARD,14.0,49.31127819548872,85.326
Italy,HUL,20.0,HARD,15.0,49.31127819548872,86.113
Italy,HUL,21.0,HARD,16.0,49.31127819548872,85.735
Italy,HUL,22.0,HARD,17.0,49.31127819548872,85.565
Italy,HUL,23.0,HARD,18.0,49.31127819548872,85.632
Italy,HUL,24.0,HARD,19.0,49.31127819548872,85.608
Italy,HUL,25.0,HARD,20.0,49.31127819548872,85.716
Italy,HUL,26.0,HARD,21.0,49.31127819548872,85.506
Italy,HUL,27.0,HARD,22.0,49.31127819548872,85.674
Italy,HUL,28.0,HARD,23.0,49.31127819548872,85.43
Italy,HUL,29.0,HARD,24.0,49.31127819548872,85.57
Italy,HUL,30.0,HARD,25.0,49.31127819548872,85.628
Italy,HUL,31.0,HARD,26.0,49.31127819548872,85.142
Italy,HUL,32.0,HARD,27.0,49.31127819548872,89.903
Italy,HUL,34.0,HARD,2.0,49.31127819548872,83.587
Italy,HUL,35.0,HARD,3.0,49.31127819548872,83.761
Italy,HUL,36.0,HARD,4.0,49.31127819548872,83.772
Italy,HUL,37.0,HARD,5.0,49.31127819548872,87.809
Italy,HUL,38.0,HARD,6.0,49.31127819548872,83.88
Italy,HUL,39.0,HARD,7.0,49.31127819548872,84.019
Italy,HUL,40.0,HARD,8.0,49.31127819548872,83.621
Italy,HUL,41.0,HARD,9.0,49.31127819548872,83.449
Italy,HUL,42.0,HARD,10.0,49.31127819548872,83.624
Italy,HUL,43.0,HARD,11.0,49.31127819548872,83.591
Italy,HUL,44.0,HARD,12.0,49.31127819548872,83.275
Italy,HUL,45.0,HARD,13.0,49.31127819548872,83.807
Italy,HUL,46.0,HARD,14.0,49.31127819548872,84.107
Italy,HUL,47.0,HARD,15.0,49.31127819548872,86.991
Italy,HUL,48.0,HARD,16.0,49.31127819548872,85.125
Italy,HUL,49.0,HARD,17.0,49.31127819548872,83.404
Italy,HUL,50.0,HARD,18.0,49.31127819548872,84.017
Italy,HUL,51.0,HARD,19.0,49.31127819548872,84.211
Italy,HUL,52.0,HARD,20.0,49.31127819548872,83.966
Italy,ZHO,2.0,MEDIUM,3.0,49.31127819548872,88.721
Italy,ZHO,3.0,MEDIUM,4.0,49.31127819548872,86.997
Italy,ZHO,4.0,MEDIUM,5.0,49.31127819548872,86.226
Italy,ZHO,5.0,MEDIUM,6.0,49.31127819548872,89.256
Italy,ZHO,6.0,MEDIUM,7.0,49.31127819548872,85.942
Italy,ZHO,7.0,MEDIUM,8.0,49.31127819548872,86.381
Italy,ZHO,8.0,MEDIUM,9.0,49.31127819548872,86.411
Italy,ZHO,9.0,MEDIUM,10.0,49.31127819548872,86.315
Italy,ZHO,10.0,MEDIUM,11.0,49.31127819548872,86.128
Italy,ZHO,11.0,MEDIUM,12.0,49.31127819548872,86.488
Italy,ZHO,12.0,MEDIUM,13.0,49.31127819548872,86.348
Italy,ZHO,13.0,MEDIUM,14.0,49.31127819548872,86.802
Italy,ZHO,14.0,MEDIUM,15.0,49.31127819548872,87.092
Italy,ZHO,17.0,HARD,3.0,49.31127819548872,85.092
Italy,ZHO,18.0,HARD,4.0,49.31127819548872,85.245
Italy,ZHO,19.0,HARD,5.0,49.31127819548872,85.777
Italy,ZHO,20.0,HARD,6.0,49.31127819548872,85.588
Italy,ZHO,21.0,HARD,7.0,49.31127819548872,85.743
Italy,ZHO,22.0,HARD,8.0,49.31127819548872,85.876
Italy,ZHO,23.0,HARD,9.0,49.31127819548872,86.061
Italy,ZHO,24.0,HARD,10.0,49.31127819548872,86.041
Italy,ZHO,25.0,HARD,11.0,49.31127819548872,85.583
Italy,ZHO,26.0,HARD,12.0,49.31127819548872,85.549
Italy,ZHO,27.0,HARD,13.0,49.31127819548872,85.603
Italy,ZHO,28.0,HARD,14.0,49.31127819548872,85.699
Italy,ZHO,29.0,HARD,15.0,49.31127819548872,85.515
Italy,ZHO,30.0,HARD,16.0,49.31127819548872,85.491
Italy,ZHO,31.0,HARD,17.0,49.31127819548872,85.478
Italy,ZHO,32.0,HARD,18.0,49.31127819548872,85.356
Italy,ZHO,33.0,HARD,19.0,49.31127819548872,85.451
Italy,ZHO,34.0,HARD,20.0,49.31127819548872,85.487
Italy,ZHO,35.0,HARD,21.0,49.31127819548872,85.52
Italy,ZHO,36.0,HARD,22.0,49.31127819548872,86.606
Italy,ZHO,37.0,HARD,23.0,49.31127819548872,85.205
Italy,ZHO,38.0,HARD,24.0,49.31127819548872,86.652
Italy,ZHO,39.0,HARD,25.0,49.31127819548872,85.584
Italy,ZHO,40.0,HARD,26.0,49.31127819548872,85.82
Italy,ZHO,41.0,HARD,27.0,49.31127819548872,86.437
Italy,ZHO,42.0,HARD,28.0,49.31127819548872,87.64
Italy,ZHO,43.0,HARD,29.0,49.31127819548872,86.916
Italy,ZHO,44.0,HARD,30.0,49.31127819548872,86.918
Italy,ZHO,45.0,HARD,31.0,49.31127819548872,85.632
Italy,ZHO,46.0,HARD,32.0,49.31127819548872,85.857
Italy,ZHO,47.0,HARD,33.0,49.31127819548872,87.442
Italy,ZHO,48.0,HARD,34.0,49.31127819548872,85.84
Italy,ZHO,49.0,HARD,35.0,49.31127819548872,86.298
Italy,ZHO,50.0,HARD,36.0,49.31127819548872,85.539
Italy,ZHO,51.0,HARD,37.0,49.31127819548872,85.946
Italy,ZHO,52.0,HARD,38.0,49.31127819548872,87.28
Italy,STR,2.0,HARD,3.0,49.31127819548872,88.342
Italy,STR,3.0,HARD,4.0,49.31127819548872,86.734
Italy,STR,4.0,HARD,5.0,49.31127819548872,86.253
Italy,STR,5.0,HARD,6.0,49.31127819548872,87.234
Italy,STR,6.0,HARD,7.0,49.31127819548872,85.558
Italy,STR,7.0,HARD,8.0,49.31127819548872,86.208
Italy,STR,8.0,HARD,9.0,49.31127819548872,85.799
Italy,STR,9.0,HARD,10.0,49.31127819548872,86.024
Italy,STR,10.0,HARD,11.0,49.31127819548872,86.182
Italy,STR,11.0,HARD,12.0,49.31127819548872,85.675
Italy,STR,12.0,HARD,13.0,49.31127819548872,85.947
Italy,STR,13.0,HARD,14.0,49.31127819548872,86.143
Italy,STR,14.0,HARD,15.0,49.31127819548872,85.895
Italy,STR,15.0,HARD,16.0,49.31127819548872,86.986
Italy,STR,16.0,HARD,17.0,49.31127819548872,86.593
Italy,STR,17.0,HARD,18.0,49.31127819548872,86.584
Italy,STR,18.0,HARD,19.0,49.31127819548872,87.524
Italy,STR,21.0,HARD,4.0,49.31127819548872,84.721
Italy,STR,22.0,HARD,5.0,49.31127819548872,84.721
Italy,STR,23.0,HARD,6.0,49.31127819548872,84.659
Italy,STR,24.0,HARD,7.0,49.31127819548872,84.768
Italy,STR,25.0,HARD,8.0,49.31127819548872,84.743
Italy,STR,26.0,HARD,9.0,49.31127819548872,84.491
Italy,STR,27.0,HARD,10.0,49.31127819548872,84.437
Italy,STR,28.0,HARD,11.0,49.31127819548872,84.618
Italy,STR,29.0,HARD,12.0,49.31127819548872,85.397
Italy,STR,30.0,HARD,13.0,49.31127819548872,86.377
Italy,STR,31.0,HARD,14.0,49.31127819548872,84.749
Italy,STR,32.0,HARD,15.0,49.31127819548872,85.576
Italy,STR,33.0,HARD,16.0,49.31127819548872,84.947
Italy,STR,34.0,HARD,17.0,49.31127819548872,84.856
Italy,STR,35.0,HARD,18.0,49.31127819548872,84.863
Italy,STR,36.0,HARD,19.0,49.31127819548872,89.334
Italy,STR,38.0,MEDIUM,3.0,49.31127819548872,83.617
Italy,STR,39.0,MEDIUM,4.0,49.31127819548872,84.43
Italy,STR,40.0,MEDIUM,5.0,49.31127819548872,85.777
Italy,STR,41.0,MEDIUM,6.0,49.31127819548872,83.702
Italy,STR,42.0,MEDIUM,7.0,49.31127819548872,83.823
Italy,STR,43.0,MEDIUM,8.0,49.31127819548872,83.81
Italy,STR,44.0,MEDIUM,9.0,49.31127819548872,83.654
Italy,STR,45.0,MEDIUM,10.0,49.31127819548872,83.427
Italy,STR,46.0,MEDIUM,11.0,49.31127819548872,83.906
Italy,STR,47.0,MEDIUM,12.0,49.31127819548872,84.014
Italy,STR,48.0,MEDIUM,13.0,49.31127819548872,86.104
Italy,STR,49.0,MEDIUM,14.0,49.31127819548872,85.064
Italy,STR,52.0,SOFT,2.0,49.31127819548872,82.232
Italy,TSU,2.0,HARD,3.0,49.31127819548872,87.538
Italy,TSU,3.0,HARD,4.0,49.31127819548872,86.665
Italy,TSU,4.0,HARD,5.0,49.31127819548872,86.198
Italy,TSU,6.0,HARD,7.0,49.31127819548872,88.473
Belgium,HAM,1.0,MEDIUM,1.0,42.26715328467153,112.7
Belgium,HAM,2.0,MEDIUM,2.0,42.26715328467153,109.849
Belgium,HAM,3.0,MEDIUM,3.0,42.26715328467153,109.109
Belgium,HAM,4.0,MEDIUM,4.0,42.26715328467153,109.808
Belgium,HAM,5.0,MEDIUM,5.0,42.26715328467153,109.376
Belgium,HAM,6.0,MEDIUM,6.0,42.26715328467153,109.4
Belgium,HAM,7.0,MEDIUM,7.0,42.26715328467153,109.357
Belgium,HAM,8.0,MEDIUM,8.0,42.26715328467153,109.666
Belgium,HAM,9.0,MEDIUM,9.0,42.26715328467153,109.704
Belgium,HAM,10.0,MEDIUM,10.0,42.26715328467153,109.951
Belgium,HAM,13.0,HARD,2.0,42.26715328467153,108.204
Belgium,HAM,14.0,HARD,3.0,42.26715328467153,108.124
Belgium,HAM,15.0,HARD,4.0,42.26715328467153,108.15
Belgium,HAM,16.0,HARD,5.0,42.26715328467153,107.973
Belgium,HAM,17.0,HARD,6.0,42.26715328467153,107.957
Belgium,HAM,18.0,HARD,7.0,42.26715328467153,107.91
Belgium,HAM,19.0,HARD,8.0,42.26715328467153,108.04
Belgium,HAM,20.0,HARD,9.0,42.26715328467153,108.237
Belgium,HAM,21.0,HARD,10.0,42.26715328467153,108.396
Belgium,HAM,22.0,HARD,11.0,42.26715328467153,108.368
Belgium,HAM,23.0,HARD,12.0,42.26715328467153,108.338
Belgium,HAM,24.0,HARD,13.0,42.26715328467153,108.028
Belgium,HAM,25.0,HARD,14.0,42.26715328467153,107.845
Belgium,HAM,26.0,HARD,15.0,42.26715328467153,112.047
Belgium,HAM,28.0,HARD,2.0,42.26715328467153,107.396
Belgium,HAM,29.0,HARD,3.0,42.26715328467153,107.429
Belgium,HAM,30.0,HARD,4.0,42.26715328467153,107.031
Belgium,HAM,31.0,HARD,5.0,42.26715328467153,107.182
Belgium,HAM,32.0,HARD,6.0,42.26715328467153,107.003
Belgium,HAM,33.0,HARD,7.0,42.26715328467153,106.653
Belgium,HAM,34.0,HARD,8.0,42.26715328467153,106.856
Belgium,HAM,35.0,HARD,9.0,42.26715328467153,106.729
Belgium,HAM,36.0,HARD,10.0,42.26715328467153,106.931
Belgium,HAM,37.0,HARD,11.0,42.26715328467153,107.042
Belgium,HAM,38.0,HARD,12.0,42.26715328467153,106.747
Belgium,HAM,39.0,HARD,13.0,42.26715328467153,107.054
Belgium,HAM,40.0,HARD,14.0,42.26715328467153,107.125
Belgium,HAM,41.0,HARD,15.0,42.26715328467153,107.622
Belgium,HAM,42.0,HARD,16.0,42.26715328467153,107.387
Belgium,HAM,43.0,HARD,17.0,42.26715328467153,107.388
Belgium,HAM,44.0,HARD,18.0,42.26715328467153,107.034
Belgium,PIA,1.0,MEDIUM,1.0,42.26715328467153,114.248
Belgium,PIA,2.0,MEDIUM,2.0,42.26715328467153,110.164
Belgium,PIA,3.0,MEDIUM,3.0,42.26715328467153,109.971
Belgium,PIA,4.0,MEDIUM,4.0,42.26715328467153,109.847
Belgium,PIA,5.0,MEDIUM,5.0,42.26715328467153,110.085
Belgium,PIA,6.0,MEDIUM,6.0,42.26715328467153,109.963
Belgium,PIA,7.0,MEDIUM,7.0,42.26715328467153,110.03
Belgium,PIA,8.0,MEDIUM,8.0,42.26715328467153,110.062
Belgium,PIA,9.0,MEDIUM,9.0,42.26715328467153,110.481
Belgium,PIA,10.0,MEDIUM,10.0,42.26715328467153,110.045
Belgium,PIA,11.0,MEDIUM,11.0,42.26715328467153,114.271
Belgium,PIA,13.0,HARD,2.0,42.26715328467153,107.565
Belgium,PIA,14.0,HARD,3.0,42.26715328467153,108.239
Belgium,PIA,15.0,HARD,4.0,42.26715328467153,108.07
Belgium,PIA,16.0,HARD,5.0,42.26715328467153,108.355
Belgium,PIA,17.0,HARD,6.0,42.26715328467153,108.473
Belgium,PIA,18.0,HARD,7.0,42.26715328467153,108.153
Belgium,PIA,19.0,HARD,8.0,42.26715328467153,108.233
Belgium,PIA,20.0,HARD,9.0,42.26715328467153,108.175
Belgium,PIA,21.0,HARD,10.0,42.26715328467153,108.376
Belgium,PIA,22.0,HARD,11.0,42.26715328467153,108.179
Belgium,PIA,23.0,HARD,12.0,42.26715328467153,108.352
Belgium,PIA,24.0,HARD,13.0,42.26715328467153,108.163
Belgium,PIA,25.0,HARD,14.0,42.26715328467153,107.98
Belgium,PIA,26.0,HARD,15.0,42.26715328467153,107.519
Belgium,PIA,27.0,HARD,16.0,42.26715328467153,107.024
Belgium,PIA,28.0,HARD,17.0,42.26715328467153,107.609
Belgium,PIA,29.0,HARD,18.0,42.26715328467153,107.653
Belgium,PIA,30.0,HARD,19.0,42.26715328467153,111.738
Belgium,PIA,32.0,HARD,2.0,42.26715328467153,105.84
Belgium,PIA,33.0,HARD,3.0,42.26715328467153,106.265
Belgium,PIA,34.0,HARD,4.0,42.26715328467153,106.528
Belgium,PIA,35.0,HARD,5.0,42.26715328467153,108.312
Belgium,PIA,36.0,HARD,6.0,42.26715328467153,107.179
Belgium,PIA,37.0,HARD,7.0,42.26715328467153,107.136
Belgium,PIA,38.0,HARD,8.0,42.26715328467153,106.648
Belgium,PIA,39.0,HARD,9.0,42.26715328467153,106.445
Belgium,PIA,40.0,HARD,10.0,42.26715328467153,106.409
Belgium,PIA,41.0,HARD,11.0,42.26715328467153,106.39
Belgium,PIA,42.0,HARD,12.0,42.26715328467153,106.262
Belgium,PIA,43.0,HARD,13.0,42.26715328467153,106.621
Belgium,PIA,44.0,HARD,14.0,42.26715328467153,106.628
Belgium,LEC,1.0,MEDIUM,1.0,42.26715328467153,111.912
Belgium,LEC,2.0,MEDIUM,2.0,42.26715328467153,110.24
Belgium,LEC,3.0,MEDIUM,3.0,42.26715328467153,110.519
Belgium,LEC,4.0,MEDIUM,4.0,42.26715328467153,109.796
Belgium,LEC,5.0,MEDIUM,5.0,42.26715328467153,109.494
Belgium,LEC,6.0,MEDIUM,6.0,42.26715328467153,109.658
Belgium,LEC,7.0,MEDIUM,7.0,42.26715328467153,109.798
Belgium,LEC,8.0,MEDIUM,8.0,42.26715328467153,109.549
Belgium,LEC,9.0,MEDIUM,9.0,42.26715328467153,110.096
Belgium,LEC,10.0,MEDIUM,10.0,42.26715328467153,109.963
Belgium,LEC,11.0,MEDIUM,11.0,42.26715328467153,109.967
Belgium,LEC,12.0,MEDIUM,12.0,42.26715328467153,114.091
Belgium,LEC,14.0,HARD,2.0,42.26715328467153,108.227
Belgium,LEC,15.0,HARD,3.0,42.26715328467153,108.021
Belgium,LEC,16.0,HARD,4.0,42.26715328467153,107.982
Belgium,LEC,17.0,HARD,5.0,42.26715328467153,107.981
Belgium,LEC,18.0,HARD,6.0,42.26715328467153,107.971
Belgium,LEC,19.0,HARD,7.0,42.26715328467153,108.346
Belgium,LEC,20.0,HARD,8.0,42.26715328467153,108.279
Belgium,LEC,21.0,HARD,9.0,42.26715328467153,108.38
Belgium,LEC,22.0,HARD,10.0,42.26715328467153,108.356
Belgium,LEC,23.0,HARD,11.0,42.26715328467153,108.449
Belgium,LEC,24.0,HARD,12.0,42.26715328467153,108.444
Belgium,LEC,25.0,HARD,13.0,42.26715328467153,112.358
Belgium,LEC,27.0,HARD,2.0,42.26715328467153,107.034
Belgium,LEC,28.0,HARD,3.0,42.26715328467153,107.039
Belgium,LEC,29.0,HARD,4.0,42.26715328467153,107.517
Belgium,LEC,30.0,HARD,5.0,42.26715328467153,107.311
Belgium,LEC,31.0,HARD,6.0,42.26715328467153,107.018
Belgium,LEC,32.0,HARD,7.0,42.26715328467153,107.064
Belgium,LEC,33.0,HARD,8.0,42.26715328467153,107.013
Belgium,LEC,34.0,HARD,9.0,42.26715328467153,107.023
Belgium,LEC,35.0,HARD,10.0,42.26715328467153,108.321
Belgium,LEC,36.0,HARD,11.0,42.26715328467153,109.289
Belgium,LEC,37.0,HARD,12.0,42.26715328467153,107.601
Belgium,LEC,38.0,HARD,13.0,42.26715328467153,107.142
Belgium,LEC,39.0,HARD,14.0,42.26715328467153,107.539
Belgium,LEC,40.0,HARD,15.0,42.26715328467153,107.354
Belgium,LEC,41.0,HARD,16.0,42.26715328467153,107.46
Belgium,LEC,42.0,HARD,17.0,42.26715328467153,107.216
Belgium,LEC,43.0,HARD,18.0,42.26715328467153,107.071
Belgium,LEC,44.0,HARD,19.0,42.26715328467153,107.061
Belgium,VER,2.0,MEDIUM,2.0,42.26715328467153,109.828
Belgium,VER,3.0,MEDIUM,3.0,42.26715328467153,110.141
Belgium,VER,4.0,MEDIUM,4.0,42.26715328467153,110.055
Belgium,VER,5.0,MEDIUM,5.0,42.26715328467153,110.138
Belgium,VER,6.0,MEDIUM,6.0,42.26715328467153,110.073
Belgium,VER,7.0,MEDIUM,7.0,42.26715328467153,110.146
Belgium,VER,8.0,MEDIUM,8.0,42.26715328467153,110.094
Belgium,VER,9.0,MEDIUM,9.0,42.26715328467153,110.609
Belgium,VER,12.0,HARD,2.0,42.26715328467153,108.403
Belgium,VER,13.0,HARD,3.0,42.26715328467153,108.431
Belgium,VER,14.0,HARD,4.0,42.26715328467153,108.153
Belgium,VER,15.0,HARD,5.0,42.26715328467153,108.229
Belgium,VER,16.0,HARD,6.0,42.26715328467153,108.509
Belgium,VER,17.0,HARD,7.0,42.26715328467153,108.431
Belgium,VER,18.0,HARD,8.0,42.26715328467153,108.896
Belgium,VER,19.0,HARD,9.0,42.26715328467153,108.578
Belgium,VER,20.0,HARD,10.0,42.26715328467153,109.134
Belgium,VER,21.0,HARD,11.0,42.26715328467153,109.273
Belgium,VER,22.0,HARD,12.0,42.26715328467153,108.448
Belgium,VER,23.0,HARD,13.0,42.26715328467153,108.494
Belgium,VER,24.0,HARD,14.0,42.26715328467153,108.154
Belgium,VER,25.0,HARD,15.0,42.26715328467153,107.921
Belgium,VER,26.0,HARD,16.0,42.26715328467153,107.815
Belgium,VER,27.0,HARD,17.0,42.26715328467153,107.431
Belgium,VER,28.0,HARD,18.0,42.26715328467153,112.026
Belgium,VER,30.0,MEDIUM,2.0,42.26715328467153,106.447
Belgium,VER,31.0,MEDIUM,3.0,42.26715328467153,106.363
Belgium,VER,32.0,MEDIUM,4.0,42.26715328467153,106.128
Belgium,VER,33.0,MEDIUM,5.0,42.26715328467153,106.417
Belgium,VER,34.0,MEDIUM,6.0,42.26715328467153,106.63
Belgium,VER,35.0,MEDIUM,7.0,42.26715328467153,107.009
Belgium,VER,36.0,MEDIUM,8.0,42.26715328467153,107.156
Belgium,VER,37.0,MEDIUM,9.0,42.26715328467153,107.2
Belgium,VER,38.0,MEDIUM,10.0,42.26715328467153,107.177
Belgium,VER,39.0,MEDIUM,11.0,42.26715328467153,107.244
Belgium,VER,40.0,MEDIUM,12.0,42.26715328467153,107.227
Belgium,VER,41.0,MEDIUM,13.0,42.26715328467153,107.354
Belgium,VER,42.0,MEDIUM,14.0,42.26715328467153,107.387
Belgium,VER,43.0,MEDIUM,15.0,42.26715328467153,107.102
Belgium,VER,44.0,MEDIUM,16.0,42.26715328467153,106.899
Belgium,NOR,2.0,MEDIUM,2.0,42.26715328467153,110.504
Belgium,NOR,3.0,MEDIUM,3.0,42.26715328467153,110.131
Belgium,NOR,4.0,MEDIUM,4.0,42.26715328467153,110.012
Belgium,NOR,5.0,MEDIUM,5.0,42.26715328467153,110.155
Belgium,NOR,6.0,MEDIUM,6.0,42.26715328467153,110.201
Belgium,NOR,7.0,MEDIUM,7.0,42.26715328467153,110.072
Belgium,NOR,8.0,MEDIUM,8.0,42.26715328467153,110.298
Belgium,NOR,9.0,MEDIUM,9.0,42.26715328467153,110.298
Belgium,NOR,10.0,MEDIUM,10.0,42.26715328467153,110.334
Belgium,NOR,11.0,MEDIUM,11.0,42.26715328467153,110.009
Belgium,NOR,12.0,MEDIUM,12.0,42.26715328467153,109.724
Belgium,NOR,13.0,MEDIUM,13.0,42.26715328467153,109.963
Belgium,NOR,14.0,MEDIUM,14.0,42.26715328467153,109.567
Belgium,NOR,15.0,MEDIUM,15.0,42.26715328467153,113.928
Belgium,NOR,17.0,HARD,2.0,42.26715328467153,107.522
Belgium,NOR,18.0,HARD,3.0,42.26715328467153,108.143
Belgium,NOR,19.0,HARD,4.0,42.26715328467153,108.049
Belgium,NOR,20.0,HARD,5.0,42.26715328467153,108.132
Belgium,NOR,21.0,HARD,6.0,42.26715328467153,108.263
Belgium,NOR,22.0,HARD,7.0,42.26715328467153,108.18
Belgium,NOR,23.0,HARD,8.0,42.26715328467153,108.464
Belgium,NOR,24.0,HARD,9.0,42.26715328467153,108.356
Belgium,NOR,25.0,HARD,10.0,42.26715328467153,108.098
Belgium,NOR,26.0,HARD,11.0,42.26715328467153,107.669
Belgium,NOR,27.0,HARD,12.0,42.26715328467153,107.515
Belgium,NOR,28.0,HARD,13.0,42.26715328467153,107.537
Belgium,NOR,29.0,HARD,14.0,42.26715328467153,111.781
Belgium,NOR,31.0,HARD,2.0,42.26715328467153,105.563
Belgium,NOR,32.0,HARD,3.0,42.26715328467153,106.217
Belgium,NOR,33.0,HARD,4.0,42.26715328467153,106.655
Belgium,NOR,34.0,HARD,5.0,42.26715328467153,106.588
Belgium,NOR,35.0,HARD,6.0,42.26715328467153,106.775
Belgium,NOR,36.0,HARD,7.0,42.26715328467153,106.806
Belgium,NOR,37.0,HARD,8.0,42.26715328467153,107.461
Belgium,NOR,38.0,HARD,9.0,42.26715328467153,107.096
Belgium,NOR,39.0,HARD,10.0,42.26715328467153,107.128
Belgium,NOR,40.0,HARD,11.0,42.26715328467153,107.218
Belgium,NOR,41.0,HARD,12.0,42.26715328467153,107.238
Belgium,NOR,42.0,HARD,13.0,42.26715328467153,107.291
Belgium,NOR,43.0,HARD,14.0,42.26715328467153,107.406
Belgium,NOR,44.0,HARD,15.0,42.26715328467153,106.793
Belgium,SAI,2.0,HARD,2.0,42.26715328467153,110.26
Belgium,SAI,3.0,HARD,3.0,42.26715328467153,110.113
Belgium,SAI,4.0,HARD,4.0,42.26715328467153,109.882
Belgium,SAI,5.0,HARD,5.0,42.26715328467153,110.237
Belgium,SAI,6.0,HARD,6.0,42.26715328467153,110.243
Belgium,SAI,7.0,HARD,7.0,42.26715328467153,109.977
Belgium,SAI,8.0,HARD,8.0,42.26715328467153,110.385
Belgium,SAI,9.0,HARD,9.0,42.26715328467153,110.296
Belgium,SAI,10.0,HARD,10.0,42.26715328467153,110.182
Belgium,SAI,11.0,HARD,11.0,42.26715328467153,109.522
Belgium,SAI,12.0,HARD,12.0,42.26715328467153,109.141
Belgium,SAI,13.0,HARD,13.0,42.26715328467153,109.248
Belgium,SAI,14.0,HARD,14.0,42.26715328467153,109.047
Belgium,SAI,15.0,HARD,15.0,42.26715328467153,111.152
Belgium,SAI,16.0,HARD,16.0,42.26715328467153,109.161
Belgium,SAI,17.0,HARD,17.0,42.26715328467153,108.831
Belgium,SAI,18.0,HARD,18.0,42.26715328467153,109.042
Belgium,SAI,19.0,HARD,19.0,42.26715328467153,109.052
Belgium,SAI,20.0,HARD,20.0,42.26715328467153,113.718
Belgium,SAI,22.0,MEDIUM,2.0,42.26715328467153,107.928
Belgium,SAI,23.0,MEDIUM,3.0,42.26715328467153,108.431
Belgium,SAI,24.0,MEDIUM,4.0,42.26715328467153,107.815
Belgium,SAI,25.0,MEDIUM,5.0,42.26715328467153,108.234
Belgium,SAI,26.0,MEDIUM,6.0,42.26715328467153,107.75
Belgium,SAI,27.0,MEDIUM,7.0,42.26715328467153,108.355
Belgium,SAI,28.0,MEDIUM,8.0,42.26715328467153,112.56
Belgium,SAI,30.0,HARD,2.0,42.26715328467153,106.713
Belgium,SAI,31.0,HARD,3.0,42.26715328467153,106.647
Belgium,SAI,32.0,HARD,4.0,42.26715328467153,107.191
Belgium,SAI,33.0,HARD,5.0,42.26715328467153,107.087
Belgium,SAI,34.0,HARD,6.0,42.26715328467153,107.38
Belgium,SAI,35.0,HARD,7.0,42.26715328467153,107.012
Belgium,SAI,36.0,HARD,8.0,42.26715328467153,107.358
Belgium,SAI,37.0,HARD,9.0,42.26715328467153,107.722
Belgium,SAI,38.0,HARD,10.0,42.26715328467153,107.558
Belgium,SAI,39.0,HARD,11.0,42.26715328467153,107.32
Belgium,SAI,40.0,HARD,12.0,42.26715328467153,107.297
Belgium,SAI,41.0,HARD,13.0,42.26715328467153,107.226
Belgium,SAI,42.0,HARD,14.0,42.26715328467153,106.971
Belgium,SAI,43.0,HARD,15.0,42.26715328467153,106.913
Belgium,SAI,44.0,HARD,16.0,42.26715328467153,106.364
Belgium,PER,1.0,MEDIUM,1.0,42.26715328467153,113.439
Belgium,PER,2.0,MEDIUM,2.0,42.26715328467153,110.24
Belgium,PER,3.0,MEDIUM,3.0,42.26715328467153,109.983
Belgium,PER,4.0,MEDIUM,4.0,42.26715328467153,109.79
Belgium,PER,5.0,MEDIUM,5.0,42.26715328467153,109.896
Belgium,PER,6.0,MEDIUM,6.0,42.26715328467153,110.129
Belgium,PER,7.0,MEDIUM,7.0,42.26715328467153,109.637
Belgium,PER,8.0,MEDIUM,8.0,42.26715328467153,109.912
Belgium,PER,9.0,MEDIUM,9.0,42.26715328467153,110.286
Belgium,PER,10.0,MEDIUM,10.0,42.26715328467153,110.057
Belgium,PER,13.0,MEDIUM,2.0,42.26715328467153,108.772
Belgium,PER,14.0,MEDIUM,3.0,42.26715328467153,108.394
Belgium,PER,15.0,MEDIUM,4.0,42.26715328467153,108.305
Belgium,PER,16.0,MEDIUM,5.0,42.26715328467153,108.504
Belgium,PER,17.0,MEDIUM,6.0,42.26715328467153,108.492
Belgium,PER,18.0,MEDIUM,7.0,42.26715328467153,108.554
Belgium,PER,19.0,MEDIUM,8.0,42.26715328467153,108.695
Belgium,PER,20.0,MEDIUM,9.0,42.26715328467153,109.663
Belgium,PER,23.0,HARD,2.0,42.26715328467153,107.223
Belgium,PER,24.0,HARD,3.0,42.26715328467153,107.822
Belgium,PER,25.0,HARD,4.0,42.26715328467153,107.667
Belgium,PER,26.0,HARD,5.0,42.26715328467153,108.048
Belgium,PER,27.0,HARD,6.0,42.26715328467153,107.625
Belgium,PER,28.0,HARD,7.0,42.26715328467153,107.7
Belgium,PER,29.0,HARD,8.0,42.26715328467153,107.47
Belgium,PER,30.0,HARD,9.0,42.26715328467153,108.878
Belgium,PER,31.0,HARD,10.0,42.26715328467153,108.335
Belgium,PER,32.0,HARD,11.0,42.26715328467153,108.016
Belgium,PER,33.0,HARD,12.0,42.26715328467153,107.63
Belgium,PER,34.0,HARD,13.0,42.26715328467153,108.217
Belgium,PER,35.0,HARD,14.0,42.26715328467153,107.843
Belgium,PER,36.0,HARD,15.0,42.26715328467153,108.014
Belgium,PER,37.0,HARD,16.0,42.26715328467153,108.057
Belgium,PER,38.0,HARD,17.0,42.26715328467153,107.783
Belgium,PER,39.0,HARD,18.0,42.26715328467153,109.272
Belgium,PER,40.0,HARD,19.0,42.26715328467153,107.896
Belgium,PER,41.0,HARD,20.0,42.26715328467153,107.84
Belgium,PER,42.0,HARD,21.0,42.26715328467153,112.866
Belgium,PER,44.0,SOFT,2.0,42.26715328467153,104.701
Belgium,ALO,2.0,MEDIUM,2.0,42.26715328467153,111.316
Belgium,ALO,3.0,MEDIUM,3.0,42.26715328467153,110.204
Belgium,ALO,4.0,MEDIUM,4.0,42.26715328467153,110.421
Belgium,ALO,5.0,MEDIUM,5.0,42.26715328467153,110.69
Belgium,ALO,6.0,MEDIUM,6.0,42.26715328467153,110.751
Belgium,ALO,7.0,MEDIUM,7.0,42.26715328467153,110.778
Belgium,ALO,8.0,MEDIUM,8.0,42.26715328467153,110.826
Belgium,ALO,9.0,MEDIUM,9.0,42.26715328467153,111.232
Belgium,ALO,10.0,MEDIUM,10.0,42.26715328467153,110.915
Belgium,ALO,11.0,MEDIUM,11.0,42.26715328467153,110.682
Belgium,ALO,12.0,MEDIUM,12.0,42.26715328467153,110.891
Belgium,ALO,15.0,MEDIUM,2.0,42.26715328467153,109.469
Belgium,ALO,16.0,MEDIUM,3.0,42.26715328467153,109.54
Belgium,ALO,17.0,MEDIUM,4.0,42.26715328467153,110.031
Belgium,ALO,18.0,MEDIUM,5.0,42.26715328467153,109.962
Belgium,ALO,19.0,MEDIUM,6.0,42.26715328467153,109.791
Belgium,ALO,20.0,MEDIUM,7.0,42.26715328467153,111.21
Belgium,ALO,21.0,MEDIUM,8.0,42.26715328467153,110.195
Belgium,ALO,22.0,MEDIUM,9.0,42.26715328467153,109.932
Belgium,ALO,23.0,MEDIUM,10.0,42.26715328467153,110.016
Belgium,ALO,24.0,MEDIUM,11.0,42.26715328467153,109.353
Belgium,ALO,25.0,MEDIUM,12.0,42.26715328467153,108.926
Belgium,ALO,26.0,MEDIUM,13.0,42.26715328467153,109.254
Belgium,ALO,27.0,MEDIUM,14.0,42.26715328467153,109.067
Belgium,ALO,28.0,MEDIUM,15.0,42.26715328467153,109.04
Belgium,ALO,29.0,MEDIUM,16.0,42.26715328467153,109.297
Belgium,ALO,30.0,MEDIUM,17.0,42.26715328467153,108.872
Belgium,ALO,31.0,MEDIUM,18.0,42.26715328467153,108.957
Belgium,ALO,32.0,MEDIUM,19.0,42.26715328467153,108.921
Belgium,ALO,33.0,MEDIUM,20.0,42.26715328467153,108.645
Belgium,ALO,34.0,MEDIUM,21.0,42.26715328467153,108.979
Belgium,ALO,35.0,MEDIUM,22.0,42.26715328467153,108.582
Belgium,ALO,36.0,MEDIUM,23.0,42.26715328467153,108.727
Belgium,ALO,37.0,MEDIUM,24.0,42.26715328467153,108.49
Belgium,ALO,38.0,MEDIUM,25.0,42.26715328467153,108.414
Belgium,ALO,39.0,MEDIUM,26.0,42.26715328467153,108.523
Belgium,ALO,40.0,MEDIUM,27.0,42.26715328467153,108.278
Belgium,ALO,41.0,MEDIUM,28.0,42.26715328467153,108.326
Belgium,ALO,42.0,MEDIUM,29.0,42.26715328467153,108.051
Belgium,ALO,43.0,MEDIUM,30.0,42.26715328467153,108.157
Belgium,ALO,44.0,MEDIUM,31.0,42.26715328467153,108.068
Belgium,OCO,2.0,MEDIUM,2.0,42.26715328467153,111.312
Belgium,OCO,3.0,MEDIUM,3.0,42.26715328467153,110.518
Belgium,OCO,4.0,MEDIUM,4.0,42.26715328467153,110.371
Belgium,OCO,5.0,MEDIUM,5.0,42.26715328467153,110.636
Belgium,OCO,6.0,MEDIUM,6.0,42.26715328467153,110.908
Belgium,OCO,7.0,MEDIUM,7.0,42.26715328467153,111.095
Belgium,OCO,8.0,MEDIUM,8.0,42.26715328467153,111.11
Belgium,OCO,9.0,MEDIUM,9.0,42.26715328467153,111.305
Belgium,OCO,10.0,MEDIUM,10.0,42.26715328467153,111.085
Belgium,OCO,11.0,MEDIUM,11.0,42.26715328467153,110.932
Belgium,OCO,14.0,HARD,2.0,42.26715328467153,109.999
Belgium,OCO,15.0,HARD,3.0,42.26715328467153,109.476
Belgium,OCO,16.0,HARD,4.0,42.26715328467153,108.997
Belgium,OCO,17.0,HARD,5.0,42.26715328467153,109.43
Belgium,OCO,18.0,HARD,6.0,42.26715328467153,109.48
Belgium,OCO,19.0,HARD,7.0,42.26715328467153,109.728
Belgium,OCO,20.0,HARD,8.0,42.26715328467153,109.499
Belgium,OCO,21.0,HARD,9.0,42.26715328467153,109.599
Belgium,OCO,22.0,HARD,10.0,42.26715328467153,109.428
Belgium,OCO,23.0,HARD,11.0,42.26715328467153,109.651
Belgium,OCO,24.0,HARD,12.0,42.26715328467153,108.745
Belgium,OCO,25.0,HARD,13.0,42.26715328467153,108.745
Belgium,OCO,26.0,HARD,14.0,42.26715328467153,108.517
Belgium,OCO,27.0,HARD,15.0,42.26715328467153,108.419
Belgium,OCO,28.0,HARD,16.0,42.26715328467153,108.555
Belgium,OCO,29.0,HARD,17.0,42.26715328467153,108.788
Belgium,OCO,30.0,HARD,18.0,42.26715328467153,112.671
Belgium,OCO,32.0,HARD,2.0,42.26715328467153,106.992
Belgium,OCO,33.0,HARD,3.0,42.26715328467153,107.478
Belgium,OCO,34.0,HARD,4.0,42.26715328467153,108.3
Belgium,OCO,35.0,HARD,5.0,42.26715328467153,109.241
Belgium,OCO,36.0,HARD,6.0,42.26715328467153,108.983
Belgium,OCO,37.0,HARD,7.0,42.26715328467153,109.611
Belgium,OCO,38.0,HARD,8.0,42.26715328467153,106.958
Belgium,OCO,39.0,HARD,9.0,42.26715328467153,107.225
Belgium,OCO,40.0,HARD,10.0,42.26715328467153,107.364
Belgium,OCO,41.0,HARD,11.0,42.26715328467153,107.32
Belgium,OCO,42.0,HARD,12.0,42.26715328467153,107.175
Belgium,OCO,43.0,HARD,13.0,42.26715328467153,106.957
Belgium,OCO,44.0,HARD,14.0,42.26715328467153,107.528
Belgium,RIC,2.0,SOFT,2.0,42.26715328467153,111.541
Belgium,RIC,3.0,SOFT,3.0,42.26715328467153,111.215
Belgium,RIC,4.0,SOFT,4.0,42.26715328467153,110.715
Belgium,RIC,5.0,SOFT,5.0,42.26715328467153,110.314
Belgium,RIC,6.0,SOFT,6.0,42.26715328467153,110.96
Belgium,RIC,7.0,SOFT,7.0,42.26715328467153,111.29
Belgium,RIC,10.0,MEDIUM,2.0,42.26715328467153,109.689
Belgium,RIC,11.0,MEDIUM,3.0,42.26715328467153,109.945
Belgium,RIC,12.0,MEDIUM,4.0,42.26715328467153,109.946
Belgium,RIC,13.0,MEDIUM,5.0,42.26715328467153,109.823
Belgium,RIC,14.0,MEDIUM,6.0,42.26715328467153,109.471
Belgium,RIC,15.0,MEDIUM,7.0,42.26715328467153,110.011
Belgium,RIC,16.0,MEDIUM,8.0,42.26715328467153,109.495
Belgium,RIC,17.0,MEDIUM,9.0,42.26715328467153,109.728
Belgium,RIC,18.0,MEDIUM,10.0,42.26715328467153,109.973
Belgium,RIC,19.0,MEDIUM,11.0,42.26715328467153,109.876
Belgium,RIC,20.0,MEDIUM,12.0,42.26715328467153,110.202
Belgium,RIC,23.0,SOFT,2.0,42.26715328467153,108.322
Belgium,RIC,24.0,SOFT,3.0,42.26715328467153,108.562
Belgium,RIC,25.0,SOFT,4.0,42.26715328467153,108.279
Belgium,RIC,26.0,SOFT,5.0,42.26715328467153,108.229
Belgium,RIC,27.0,SOFT,6.0,42.26715328467153,108.723
Belgium,RIC,28.0,SOFT,7.0,42.26715328467153,108.431
Belgium,RIC,29.0,SOFT,8.0,42.26715328467153,108.513
Belgium,RIC,30.0,SOFT,9.0,42.26715328467153,108.221
Belgium,RIC,31.0,SOFT,10.0,42.26715328467153,108.237
Belgium,RIC,32.0,SOFT,11.0,42.26715328467153,107.883
Belgium,RIC,33.0,SOFT,12.0,42.26715328467153,107.875
Belgium,RIC,34.0,SOFT,13.0,42.26715328467153,108.412
Belgium,RIC,35.0,SOFT,14.0,42.26715328467153,109.425
Belgium,RIC,36.0,SOFT,15.0,42.26715328467153,108.86
Belgium,RIC,37.0,SOFT,16.0,42.26715328467153,107.435
Belgium,RIC,38.0,SOFT,17.0,42.26715328467153,108.079
Belgium,RIC,39.0,SOFT,18.0,42.26715328467153,107.843
Belgium,RIC,40.0,SOFT,19.0,42.26715328467153,107.652
Belgium,RIC,41.0,SOFT,20.0,42.26715328467153,109.163
Belgium,RIC,42.0,SOFT,21.0,42.26715328467153,107.685
Belgium,RIC,43.0,SOFT,22.0,42.26715328467153,107.546
Belgium,RIC,44.0,SOFT,23.0,42.26715328467153,107.675
Belgium,STR,2.0,MEDIUM,2.0,42.26715328467153,111.654
Belgium,STR,3.0,MEDIUM,3.0,42.26715328467153,111.394
Belgium,STR,4.0,MEDIUM,4.0,42.26715328467153,110.819
Belgium,STR,5.0,MEDIUM,5.0,42.26715328467153,110.495
Belgium,STR,6.0,MEDIUM,6.0,42.26715328467153,110.923
Belgium,STR,7.0,MEDIUM,7.0,42.26715328467153,111.234
Belgium,STR,8.0,MEDIUM,8.0,42.26715328467153,111.57
Belgium,STR,9.0,MEDIUM,9.0,42.26715328467153,111.335
Belgium,STR,10.0,MEDIUM,10.0,42.26715328467153,111.251
Belgium,STR,11.0,MEDIUM,11.0,42.26715328467153,110.762
Belgium,STR,14.0,MEDIUM,2.0,42.26715328467153,109.194
Belgium,STR,15.0,MEDIUM,3.0,42.26715328467153,109.852
Belgium,STR,16.0,MEDIUM,4.0,42.26715328467153,109.684
Belgium,STR,17.0,MEDIUM,5.0,42.26715328467153,109.711
Belgium,STR,18.0,MEDIUM,6.0,42.26715328467153,109.81
Belgium,STR,19.0,MEDIUM,7.0,42.26715328467153,110.086
Belgium,STR,20.0,MEDIUM,8.0,42.26715328467153,110.632
Belgium,STR,21.0,MEDIUM,9.0,42.26715328467153,109.579
Belgium,STR,22.0,MEDIUM,10.0,42.26715328467153,109.507
Belgium,STR,23.0,MEDIUM,11.0,42.26715328467153,109.574
Belgium,STR,24.0,MEDIUM,12.0,42.26715328467153,109.81
Belgium,STR,25.0,MEDIUM,13.0,42.26715328467153,109.549
Belgium,STR,26.0,MEDIUM,14.0,42.26715328467153,109.528
Belgium,STR,27.0,MEDIUM,15.0,42.26715328467153,109.62
Belgium,STR,28.0,MEDIUM,16.0,42.26715328467153,109.339
Belgium,STR,29.0,MEDIUM,17.0,42.26715328467153,109.122
Belgium,STR,30.0,MEDIUM,18.0,42.26715328467153,108.849
Belgium,STR,31.0,MEDIUM,19.0,42.26715328467153,108.928
Belgium,STR,32.0,MEDIUM,20.0,42.26715328467153,108.865
Belgium,STR,33.0,MEDIUM,21.0,42.26715328467153,108.845
Belgium,STR,34.0,MEDIUM,22.0,42.26715328467153,109.135
Belgium,STR,35.0,MEDIUM,23.0,42.26715328467153,109.297
Belgium,STR,36.0,MEDIUM,24.0,42.26715328467153,108.973
Belgium,STR,37.0,MEDIUM,25.0,42.26715328467153,110.136
Belgium,STR,38.0,MEDIUM,26.0,42.26715328467153,109.703
Belgium,STR,39.0,MEDIUM,27.0,42.26715328467153,108.933
Belgium,STR,40.0,MEDIUM,28.0,42.26715328467153,109.032
Belgium,STR,41.0,MEDIUM,29.0,42.26715328467153,108.766
Belgium,STR,42.0,MEDIUM,30.0,42.26715328467153,108.839
Belgium,STR,43.0,MEDIUM,31.0,42.26715328467153,108.195
Belgium,STR,44.0,MEDIUM,32.0,42.26715328467153,108.105
Belgium,ALB,2.0,MEDIUM,2.0,42.26715328467153,111.283
Belgium,ALB,3.0,MEDIUM,3.0,42.26715328467153,110.2
Belgium,ALB,4.0,MEDIUM,4.0,42.26715328467153,110.31
Belgium,ALB,5.0,MEDIUM,5.0,42.26715328467153,110.723
Belgium,ALB,6.0,MEDIUM,6.0,42.26715328467153,111.027
Belgium,ALB,7.0,MEDIUM,7.0,42.26715328467153,110.906
Belgium,ALB,10.0,MEDIUM,2.0,42.26715328467153,109.702
Belgium,ALB,11.0,MEDIUM,3.0,42.26715328467153,109.954
Belgium,ALB,12.0,MEDIUM,4.0,42.26715328467153,110.126
Belgium,ALB,13.0,MEDIUM,5.0,42.26715328467153,110.375
Belgium,ALB,14.0,MEDIUM,6.0,42.26715328467153,110.518
Belgium,ALB,15.0,MEDIUM,7.0,42.26715328467153,109.827
Belgium,ALB,16.0,MEDIUM,8.0,42.26715328467153,110.265
Belgium,ALB,17.0,MEDIUM,9.0,42.26715328467153,110.044
Belgium,ALB,18.0,MEDIUM,10.0,42.26715328467153,109.892
Belgium,ALB,19.0,MEDIUM,11.0,42.26715328467153,110.002
Belgium,ALB,20.0,MEDIUM,12.0,42.26715328467153,110.235
Belgium,ALB,21.0,MEDIUM,13.0,42.26715328467153,109.806
Belgium,ALB,22.0,MEDIUM,14.0,42.26715328467153,110.042
Belgium,ALB,23.0,MEDIUM,15.0,42.26715328467153,114.299
Belgium,ALB,25.0,HARD,2.0,42.26715328467153,108.175
Belgium,ALB,26.0,HARD,3.0,42.26715328467153,109.172
Belgium,ALB,27.0,HARD,4.0,42.26715328467153,108.587
Belgium,ALB,28.0,HARD,5.0,42.26715328467153,108.879
Belgium,ALB,29.0,HARD,6.0,42.26715328467153,108.41
Belgium,ALB,30.0,HARD,7.0,42.26715328467153,108.149
Belgium,ALB,31.0,HARD,8.0,42.26715328467153,108.138
Belgium,ALB,32.0,HARD,9.0,42.26715328467153,109.009
Belgium,ALB,33.0,HARD,10.0,42.26715328467153,108.303
Belgium,ALB,34.0,HARD,11.0,42.26715328467153,108.215
Belgium,ALB,35.0,HARD,12.0,42.26715328467153,108.294
Belgium,ALB,36.0,HARD,13.0,42.26715328467153,108.932
Belgium,ALB,37.0,HARD,14.0,42.26715328467153,108.797
Belgium,ALB,38.0,HARD,15.0,42.26715328467153,109.105
Belgium,ALB,39.0,HARD,16.0,42.26715328467153,108.952
Belgium,ALB,40.0,HARD,17.0,42.26715328467153,109.097
Belgium,ALB,41.0,HARD,18.0,42.26715328467153,108.732
Belgium,ALB,42.0,HARD,19.0,42.26715328467153,108.898
Belgium,ALB,43.0,HARD,20.0,42.26715328467153,108.279
Belgium,ALB,44.0,HARD,21.0,42.26715328467153,107.996
Belgium,GAS,2.0,MEDIUM,2.0,42.26715328467153,111.273
Belgium,GAS,3.0,MEDIUM,3.0,42.26715328467153,110.757
Belgium,GAS,4.0,MEDIUM,4.0,42.26715328467153,110.366
Belgium,GAS,5.0,MEDIUM,5.0,42.26715328467153,110.528
Belgium,GAS,6.0,MEDIUM,6.0,42.26715328467153,111.092
Belgium,GAS,7.0,MEDIUM,7.0,42.26715328467153,111.149
Belgium,GAS,8.0,MEDIUM,8.0,42.26715328467153,111.388
Belgium,GAS,11.0,HARD,2.0,42.26715328467153,109.589
Belgium,GAS,12.0,HARD,3.0,42.26715328467153,109.78
Belgium,GAS,13.0,HARD,4.0,42.26715328467153,110.048
Belgium,GAS,14.0,HARD,5.0,42.26715328467153,110.633
Belgium,GAS,15.0,HARD,6.0,42.26715328467153,110.429
Belgium,GAS,16.0,HARD,7.0,42.26715328467153,110.113
Belgium,GAS,17.0,HARD,8.0,42.26715328467153,109.835
Belgium,GAS,18.0,HARD,9.0,42.26715328467153,110.051
Belgium,GAS,19.0,HARD,10.0,42.26715328467153,109.951
Belgium,GAS,20.0,HARD,11.0,42.26715328467153,109.883
Belgium,GAS,21.0,HARD,12.0,42.26715328467153,110.06
Belgium,GAS,22.0,HARD,13.0,42.26715328467153,109.953
Belgium,GAS,23.0,HARD,14.0,42.26715328467153,109.729
Belgium,GAS,24.0,HARD,15.0,42.26715328467153,109.508
Belgium,GAS,25.0,HARD,16.0,42.26715328467153,109.287
Belgium,GAS,26.0,HARD,17.0,42.26715328467153,109.336
Belgium,GAS,27.0,HARD,18.0,42.26715328467153,109.392
Belgium,GAS,28.0,HARD,19.0,42.26715328467153,113.715
Belgium,GAS,30.0,HARD,2.0,42.26715328467153,107.418
Belgium,GAS,31.0,HARD,3.0,42.26715328467153,108.153
Belgium,GAS,32.0,HARD,4.0,42.26715328467153,108.213
Belgium,GAS,33.0,HARD,5.0,42.26715328467153,108.011
Belgium,GAS,34.0,HARD,6.0,42.26715328467153,107.89
Belgium,GAS,35.0,HARD,7.0,42.26715328467153,107.858
Belgium,GAS,36.0,HARD,8.0,42.26715328467153,108.241
Belgium,GAS,37.0,HARD,9.0,42.26715328467153,108.25
Belgium,GAS,38.0,HARD,10.0,42.26715328467153,108.553
Belgium,GAS,39.0,HARD,11.0,42.26715328467153,108.667
Belgium,GAS,40.0,HARD,12.0,42.26715328467153,108.507
Belgium,GAS,41.0,HARD,13.0,42.26715328467153,107.598
Belgium,GAS,42.0,HARD,14.0,42.26715328467153,108.398
Belgium,GAS,43.0,HARD,15.0,42.26715328467153,107.977
Belgium,GAS,44.0,HARD,16.0,42.26715328467153,107.896
Belgium,MAG,2.0,MEDIUM,2.0,42.26715328467153,111.732
Belgium,MAG,3.0,MEDIUM,3.0,42.26715328467153,111.314
Belgium,MAG,4.0,MEDIUM,4.0,42.26715328467153,111.004
Belgium,MAG,5.0,MEDIUM,5.0,42.26715328467153,110.787
Belgium,MAG,6.0,MEDIUM,6.0,42.26715328467153,111.355
Belgium,MAG,7.0,MEDIUM,7.0,42.26715328467153,111.277
Belgium,MAG,8.0,MEDIUM,8.0,42.26715328467153,111.285
Belgium,MAG,9.0,MEDIUM,9.0,42.26715328467153,111.189
Belgium,MAG,10.0,MEDIUM,10.0,42.26715328467153,111.712
Belgium,MAG,11.0,MEDIUM,11.0,42.26715328467153,111.92
Belgium,MAG,12.0,MEDIUM,12.0,42.26715328467153,112.134
Belgium,MAG,13.0,MEDIUM,13.0,42.26715328467153,110.993
Belgium,MAG,14.0,MEDIUM,14.0,42.26715328467153,110.867
Belgium,MAG,15.0,MEDIUM,15.0,42.26715328467153,110.743
Belgium,MAG,16.0,MEDIUM,16.0,42.26715328467153,110.473
Belgium,MAG,19.0,HARD,2.0,42.26715328467153,109.093
Belgium,MAG,20.0,HARD,3.0,42.26715328467153,109.957
Belgium,MAG,21.0,HARD,4.0,42.26715328467153,110.385
Belgium,MAG,22.0,HARD,5.0,42.26715328467153,110.189
Belgium,MAG,23.0,HARD,6.0,42.26715328467153,109.372
Belgium,MAG,24.0,HARD,7.0,42.26715328467153,109.208
Belgium,MAG,25.0,HARD,8.0,42.26715328467153,108.861
Belgium,MAG,26.0,HARD,9.0,42.26715328467153,109.903
Belgium,MAG,27.0,HARD,10.0,42.26715328467153,110.071
Belgium,MAG,28.0,HARD,11.0,42.26715328467153,108.97
Belgium,MAG,29.0,HARD,12.0,42.26715328467153,108.846
Belgium,MAG,30.0,HARD,13.0,42.26715328467153,108.469
Belgium,MAG,31.0,HARD,14.0,42.26715328467153,109.229
Belgium,MAG,32.0,HARD,15.0,42.26715328467153,108.624
Belgium,MAG,33.0,HARD,16.0,42.26715328467153,108.658
Belgium,MAG,34.0,HARD,17.0,42.26715328467153,108.522
Belgium,MAG,35.0,HARD,18.0,42.26715328467153,108.437
Belgium,MAG,36.0,HARD,19.0,42.26715328467153,108.701
Belgium,MAG,37.0,HARD,20.0,42.26715328467153,108.916
Belgium,MAG,38.0,HARD,21.0,42.26715328467153,108.742
Belgium,MAG,39.0,HARD,22.0,42.26715328467153,108.906
Belgium,MAG,40.0,HARD,23.0,42.26715328467153,108.616
Belgium,MAG,41.0,HARD,24.0,42.26715328467153,109.651
Belgium,MAG,42.0,HARD,25.0,42.26715328467153,108.869
Belgium,MAG,43.0,HARD,26.0,42.26715328467153,108.157
Belgium,MAG,44.0,HARD,27.0,42.26715328467153,107.848
Belgium,BOT,2.0,MEDIUM,2.0,42.26715328467153,111.452
Belgium,BOT,3.0,MEDIUM,3.0,42.26715328467153,111.085
Belgium,BOT,4.0,MEDIUM,4.0,42.26715328467153,110.527
Belgium,BOT,5.0,MEDIUM,5.0,42.26715328467153,110.462
Belgium,BOT,6.0,MEDIUM,6.0,42.26715328467153,111.097
Belgium,BOT,7.0,MEDIUM,7.0,42.26715328467153,111.179
Belgium,BOT,8.0,MEDIUM,8.0,42.26715328467153,111.417
Belgium,BOT,9.0,MEDIUM,9.0,42.26715328467153,111.409
Belgium,BOT,10.0,MEDIUM,10.0,42.26715328467153,110.863
Belgium,BOT,13.0,HARD,2.0,42.26715328467153,109.373
Belgium,BOT,14.0,HARD,3.0,42.26715328467153,111.793
Belgium,BOT,15.0,HARD,4.0,42.26715328467153,109.881
Belgium,BOT,16.0,HARD,5.0,42.26715328467153,109.947
Belgium,BOT,17.0,HARD,6.0,42.26715328467153,110.175
Belgium,BOT,18.0,HARD,7.0,42.26715328467153,110.391
Belgium,BOT,19.0,HARD,8.0,42.26715328467153,109.32
Belgium,BOT,20.0,HARD,9.0,42.26715328467153,109.95
Belgium,BOT,21.0,HARD,10.0,42.26715328467153,109.981
Belgium,BOT,22.0,HARD,11.0,42.26715328467153,109.808
Belgium,BOT,23.0,HARD,12.0,42.26715328467153,109.887
Belgium,BOT,24.0,HARD,13.0,42.26715328467153,109.757
Belgium,BOT,25.0,HARD,14.0,42.26715328467153,109.46
Belgium,BOT,26.0,HARD,15.0,42.26715328467153,109.591
Belgium,BOT,27.0,HARD,16.0,42.26715328467153,109.4
Belgium,BOT,28.0,HARD,17.0,42.26715328467153,109.571
Belgium,BOT,29.0,HARD,18.0,42.26715328467153,109.357
Belgium,BOT,30.0,HARD,19.0,42.26715328467153,108.766
Belgium,BOT,31.0,HARD,20.0,42.26715328467153,108.943
Belgium,BOT,32.0,HARD,21.0,42.26715328467153,108.951
Belgium,BOT,33.0,HARD,22.0,42.26715328467153,108.804
Belgium,BOT,34.0,HARD,23.0,42.26715328467153,109.512
Belgium,BOT,35.0,HARD,24.0,42.26715328467153,113.284
Belgium,BOT,37.0,MEDIUM,2.0,42.26715328467153,107.019
Belgium,BOT,38.0,MEDIUM,3.0,42.26715328467153,107.672
Belgium,BOT,39.0,MEDIUM,4.0,42.26715328467153,107.777
Belgium,BOT,40.0,MEDIUM,5.0,42.26715328467153,108.11
Belgium,BOT,41.0,MEDIUM,6.0,42.26715328467153,108.818
Belgium,BOT,42.0,MEDIUM,7.0,42.26715328467153,108.334
Belgium,BOT,43.0,MEDIUM,8.0,42.26715328467153,107.889
Belgium,BOT,44.0,MEDIUM,9.0,42.26715328467153,107.516
Belgium,TSU,2.0,MEDIUM,2.0,42.26715328467153,112.391
Belgium,TSU,3.0,MEDIUM,3.0,42.26715328467153,111.051
Belgium,TSU,4.0,MEDIUM,4.0,42.26715328467153,110.858
Belgium,TSU,5.0,MEDIUM,5.0,42.26715328467153,110.956
Belgium,TSU,6.0,MEDIUM,6.0,42.26715328467153,111.318
Belgium,TSU,7.0,MEDIUM,7.0,42.26715328467153,111.179
Belgium,TSU,8.0,MEDIUM,8.0,42.26715328467153,111.369
Belgium,TSU,9.0,MEDIUM,9.0,42.26715328467153,111.69
Belgium,TSU,10.0,MEDIUM,10.0,42.26715328467153,111.514
Belgium,TSU,11.0,MEDIUM,11.0,42.26715328467153,112.479
Belgium,TSU,12.0,MEDIUM,12.0,42.26715328467153,111.556
Belgium,TSU,13.0,MEDIUM,13.0,42.26715328467153,111.38
Belgium,TSU,14.0,MEDIUM,14.0,42.26715328467153,111.117
Belgium,TSU,17.0,SOFT,2.0,42.26715328467153,109.415
Belgium,TSU,18.0,SOFT,3.0,42.26715328467153,109.66
Belgium,TSU,19.0,SOFT,4.0,42.26715328467153,109.388
Belgium,TSU,20.0,SOFT,5.0,42.26715328467153,109.621
Belgium,TSU,21.0,SOFT,6.0,42.26715328467153,109.633
Belgium,TSU,22.0,SOFT,7.0,42.26715328467153,111.803
Belgium,TSU,23.0,SOFT,8.0,42.26715328467153,111.085
Belgium,TSU,24.0,SOFT,9.0,42.26715328467153,111.096
Belgium,TSU,25.0,SOFT,10.0,42.26715328467153,109.135
Belgium,TSU,26.0,SOFT,11.0,42.26715328467153,109.18
Belgium,TSU,27.0,SOFT,12.0,42.26715328467153,109.162
Belgium,TSU,28.0,SOFT,13.0,42.26715328467153,109.156
Belgium,TSU,29.0,SOFT,14.0,42.26715328467153,109.252
Belgium,TSU,30.0,SOFT,15.0,42.26715328467153,109.936
Belgium,TSU,31.0,SOFT,16.0,42.26715328467153,109.338
Belgium,TSU,32.0,SOFT,17.0,42.26715328467153,109.085
Belgium,TSU,33.0,SOFT,18.0,42.26715328467153,109.017
Belgium,TSU,34.0,SOFT,19.0,42.26715328467153,109.011
Belgium,TSU,35.0,SOFT,20.0,42.26715328467153,109.095
Belgium,TSU,36.0,SOFT,21.0,42.26715328467153,109.145
Belgium,TSU,37.0,SOFT,22.0,42.26715328467153,110.004
Belgium,TSU,38.0,SOFT,23.0,42.26715328467153,108.964
Belgium,TSU,39.0,SOFT,24.0,42.26715328467153,108.767
Belgium,TSU,40.0,SOFT,25.0,42.26715328467153,108.76
Belgium,TSU,41.0,SOFT,26.0,42.26715328467153,108.567
Belgium,TSU,42.0,SOFT,27.0,42.26715328467153,108.574
Belgium,TSU,43.0,SOFT,28.0,42.26715328467153,108.212
Belgium,TSU,44.0,SOFT,29.0,42.26715328467153,107.969
Belgium,SAR,2.0,MEDIUM,2.0,42.26715328467153,112.288
Belgium,SAR,3.0,MEDIUM,3.0,42.26715328467153,111.366
Belgium,SAR,4.0,MEDIUM,4.0,42.26715328467153,110.772
Belgium,SAR,5.0,MEDIUM,5.0,42.26715328467153,111.115
Belgium,SAR,6.0,MEDIUM,6.0,42.26715328467153,111.282
Belgium,SAR,7.0,MEDIUM,7.0,42.26715328467153,111.662
Belgium,SAR,10.0,MEDIUM,2.0,42.26715328467153,109.428
Belgium,SAR,11.0,MEDIUM,3.0,42.26715328467153,110.375
Belgium,SAR,12.0,MEDIUM,4.0,42.26715328467153,110.202
Belgium,SAR,13.0,MEDIUM,5.0,42.26715328467153,110.619
Belgium,SAR,14.0,MEDIUM,6.0,42.26715328467153,111.245
Belgium,SAR,15.0,MEDIUM,7.0,42.26715328467153,110.515
Belgium,SAR,16.0,MEDIUM,8.0,42.26715328467153,110.456
Belgium,SAR,17.0,MEDIUM,9.0,42.26715328467153,110.827
Belgium,SAR,18.0,MEDIUM,10.0,42.26715328467153,110.814
Belgium,SAR,19.0,MEDIUM,11.0,42.26715328467153,110.564
Belgium,SAR,20.0,MEDIUM,12.0,42.26715328467153,111.269
Belgium,SAR,21.0,MEDIUM,13.0,42.26715328467153,110.872
Belgium,SAR,22.0,MEDIUM,14.0,42.26715328467153,113.25
Belgium,SAR,23.0,MEDIUM,15.0,42.26715328467153,111.203
Belgium,SAR,26.0,HARD,2.0,42.26715328467153,108.082
Belgium,SAR,27.0,HARD,3.0,42.26715328467153,108.764
Belgium,SAR,28.0,HARD,4.0,42.26715328467153,109.134
Belgium,SAR,29.0,HARD,5.0,42.26715328467153,108.91
Belgium,SAR,30.0,HARD,6.0,42.26715328467153,108.659
Belgium,SAR,31.0,HARD,7.0,42.26715328467153,108.492
Belgium,SAR,32.0,HARD,8.0,42.26715328467153,108.513
Belgium,SAR,33.0,HARD,9.0,42.26715328467153,108.465
Belgium,SAR,34.0,HARD,10.0,42.26715328467153,108.419
Belgium,SAR,35.0,HARD,11.0,42.26715328467153,108.141
Belgium,SAR,36.0,HARD,12.0,42.26715328467153,108.373
Belgium,SAR,37.0,HARD,13.0,42.26715328467153,108.679
Belgium,SAR,38.0,HARD,14.0,42.26715328467153,108.567
Belgium,SAR,39.0,HARD,15.0,42.26715328467153,108.447
Belgium,SAR,40.0,HARD,16.0,42.26715328467153,108.507
Belgium,SAR,41.0,HARD,17.0,42.26715328467153,108.899
Belgium,SAR,42.0,HARD,18.0,42.26715328467153,109.045
Belgium,SAR,43.0,HARD,19.0,42.26715328467153,107.49
Belgium,SAR,44.0,HARD,20.0,42.26715328467153,108.121
Belgium,HUL,2.0,MEDIUM,2.0,42.26715328467153,111.8
Belgium,HUL,3.0,MEDIUM,3.0,42.26715328467153,111.234
Belgium,HUL,4.0,MEDIUM,4.0,42.26715328467153,110.912
Belgium,HUL,5.0,MEDIUM,5.0,42.26715328467153,110.769
Belgium,HUL,6.0,MEDIUM,6.0,42.26715328467153,111.278
Belgium,HUL,9.0,HARD,2.0,42.26715328467153,109.634
Belgium,HUL,10.0,HARD,3.0,42.26715328467153,109.269
Belgium,HUL,11.0,HARD,4.0,42.26715328467153,109.727
Belgium,HUL,12.0,HARD,5.0,42.26715328467153,109.825
Belgium,HUL,13.0,HARD,6.0,42.26715328467153,109.805
Belgium,HUL,14.0,HARD,7.0,42.26715328467153,110.517
Belgium,HUL,15.0,HARD,8.0,42.26715328467153,109.984
Belgium,HUL,16.0,HARD,9.0,42.26715328467153,110.703
Belgium,HUL,17.0,HARD,10.0,42.26715328467153,110.966
Belgium,HUL,18.0,HARD,11.0,42.26715328467153,110.49
Belgium,HUL,19.0,HARD,12.0,42.26715328467153,111.403
Belgium,HUL,22.0,MEDIUM,2.0,42.26715328467153,109.293
Belgium,HUL,23.0,MEDIUM,3.0,42.26715328467153,110.063
Belgium,HUL,24.0,MEDIUM,4.0,42.26715328467153,110.433
Belgium,HUL,25.0,MEDIUM,5.0,42.26715328467153,109.5
Belgium,HUL,26.0,MEDIUM,6.0,42.26715328467153,109.228
Belgium,HUL,27.0,MEDIUM,7.0,42.26715328467153,109.169
Belgium,HUL,28.0,MEDIUM,8.0,42.26715328467153,109.373
Belgium,HUL,29.0,MEDIUM,9.0,42.26715328467153,109.571
Belgium,HUL,30.0,MEDIUM,10.0,42.26715328467153,109.612
Belgium,HUL,31.0,MEDIUM,11.0,42.26715328467153,109.525
Belgium,HUL,32.0,MEDIUM,12.0,42.26715328467153,109.323
Belgium,HUL,33.0,MEDIUM,13.0,42.26715328467153,109.203
Belgium,HUL,34.0,MEDIUM,14.0,42.26715328467153,110.294
Belgium,HUL,35.0,MEDIUM,15.0,42.26715328467153,109.421
Belgium,HUL,36.0,MEDIUM,16.0,42.26715328467153,109.894
Belgium,HUL,37.0,MEDIUM,17.0,42.26715328467153,109.479
Belgium,HUL,38.0,MEDIUM,18.0,42.26715328467153,109.406
Belgium,HUL,39.0,MEDIUM,19.0,42.26715328467153,109.456
Belgium,HUL,40.0,MEDIUM,20.0,42.26715328467153,109.034
Belgium,HUL,41.0,MEDIUM,21.0,42.26715328467153,109.131
Belgium,HUL,42.0,MEDIUM,22.0,42.26715328467153,109.074
Belgium,HUL,43.0,MEDIUM,23.0,42.26715328467153,109.974
Belgium,HUL,44.0,MEDIUM,24.0,42.26715328467153,108.954
Belgium,ZHO,2.0,HARD,2.0,42.26715328467153,112.099
Belgium,ZHO,4.0,HARD,4.0,42.26715328467153,112.376
Belgium,RUS,2.0,MEDIUM,2.0,42.26715328467153,110.16
Belgium,RUS,3.0,MEDIUM,3.0,42.26715328467153,110.012
Belgium,RUS,4.0,MEDIUM,4.0,42.26715328467153,110.057
Belgium,RUS,5.0,MEDIUM,5.0,42.26715328467153,110.185
Belgium,RUS,6.0,MEDIUM,6.0,42.26715328467153,110.09
Belgium,RUS,7.0,MEDIUM,7.0,42.26715328467153,109.912
Belgium,RUS,8.0,MEDIUM,8.0,42.26715328467153,110.548
Belgium,RUS,9.0,MEDIUM,9.0,42.26715328467153,110.142
Belgium,RUS,12.0,HARD,2.0,42.26715328467153,109.872
Belgium,RUS,13.0,HARD,3.0,42.26715328467153,108.702
Belgium,RUS,14.0,HARD,4.0,42.26715328467153,108.265
Belgium,RUS,15.0,HARD,5.0,42.26715328467153,108.315
Belgium,RUS,16.0,HARD,6.0,42.26715328467153,108.606
Belgium,RUS,17.0,HARD,7.0,42.26715328467153,108.46
Belgium,RUS,18.0,HARD,8.0,42.26715328467153,108.556
Belgium,RUS,19.0,HARD,9.0,42.26715328467153,108.499
Belgium,RUS,20.0,HARD,10.0,42.26715328467153,109.605
Belgium,RUS,21.0,HARD,11.0,42.26715328467153,107.763
Belgium,RUS,22.0,HARD,12.0,42.26715328467153,108.588
Belgium,RUS,23.0,HARD,13.0,42.26715328467153,108.412
Belgium,RUS,24.0,HARD,14.0,42.26715328467153,108.325
Belgium,RUS,25.0,HARD,15.0,42.26715328467153,107.992
Belgium,RUS,26.0,HARD,16.0,42.26715328467153,107.759
Belgium,RUS,27.0,HARD,17.0,42.26715328467153,107.707
Belgium,RUS,28.0,HARD,18.0,42.26715328467153,107.665
Belgium,RUS,29.0,HARD,19.0,42.26715328467153,107.76
Belgium,RUS,30.0,HARD,20.0,42.26715328467153,107.628
Belgium,RUS,31.0,HARD,21.0,42.26715328467153,107.48
Belgium,RUS,32.0,HARD,22.0,42.26715328467153,107.596
Belgium,RUS,33.0,HARD,23.0,42.26715328467153,107.315
Belgium,RUS,34.0,HARD,24.0,42.26715328467153,107.432
Belgium,RUS,35.0,HARD,25.0,42.26715328467153,107.562
Belgium,RUS,36.0,HARD,26.0,42.26715328467153,107.62
Belgium,RUS,37.0,HARD,27.0,42.26715328467153,107.919
Belgium,RUS,38.0,HARD,28.0,42.26715328467153,107.6
Belgium,RUS,39.0,HARD,29.0,42.26715328467153,107.796
Belgium,RUS,40.0,HARD,30.0,42.26715328467153,107.631
Belgium,RUS,41.0,HARD,31.0,42.26715328467153,107.754
Belgium,RUS,42.0,HARD,32.0,42.26715328467153,107.465
Belgium,RUS,43.0,HARD,33.0,42.26715328467153,107.301
Belgium,RUS,44.0,HARD,34.0,42.26715328467153,107.113
Monaco,LEC,4.0,HARD,3.0,46.318000000000005,82.625
Monaco,LEC,5.0,HARD,4.0,46.318000000000005,81.795
Monaco,LEC,6.0,HARD,5.0,46.318000000000005,81.145
Monaco,LEC,7.0,HARD,6.0,46.318000000000005,80.98
Monaco,LEC,8.0,HARD,7.0,46.318000000000005,81.03
Monaco,LEC,9.0,HARD,8.0,46.318000000000005,80.114
Monaco,LEC,10.0,HARD,9.0,46.318000000000005,80.775
Monaco,LEC,11.0,HARD,10.0,46.318000000000005,81.046
Monaco,LEC,12.0,HARD,11.0,46.318000000000005,80.252
Monaco,LEC,13.0,HARD,12.0,46.318000000000005,79.017
Monaco,LEC,14.0,HARD,13.0,46.318000000000005,79.913
Monaco,LEC,15.0,HARD,14.0,46.318000000000005,79.838
Monaco,LEC,16.0,HARD,15.0,46.318000000000005,80.156
Monaco,LEC,17.0,HARD,16.0,46.318000000000005,80.279
Monaco,LEC,18.0,HARD,17.0,46.318000000000005,79.58
Monaco,LEC,19.0,HARD,18.0,46.318000000000005,78.842
Monaco,LEC,20.0,HARD,19.0,46.318000000000005,78.724
Monaco,LEC,21.0,HARD,20.0,46.318000000000005,78.472
Monaco,LEC,22.0,HARD,21.0,46.318000000000005,78.62
Monaco,LEC,23.0,HARD,22.0,46.318000000000005,78.458
Monaco,LEC,24.0,HARD,23.0,46.318000000000005,78.725
Monaco,LEC,25.0,HARD,24.0,46.318000000000005,78.973
Monaco,LEC,26.0,HARD,25.0,46.318000000000005,78.445
Monaco,LEC,27.0,HARD,26.0,46.318000000000005,78.351
Monaco,LEC,28.0,HARD,27.0,46.318000000000005,78.71
Monaco,LEC,29.0,HARD,28.0,46.318000000000005,79.053
Monaco,LEC,30.0,HARD,29.0,46.318000000000005,79.935
Monaco,LEC,31.0,HARD,30.0,46.318000000000005,78.393
Monaco,LEC,32.0,HARD,31.0,46.318000000000005,79.125
Monaco,LEC,33.0,HARD,32.0,46.318000000000005,78.494
Monaco,LEC,34.0,HARD,33.0,46.318000000000005,79.319
Monaco,LEC,35.0,HARD,34.0,46.318000000000005,78.53
Monaco,LEC,36.0,HARD,35.0,46.318000000000005,78.689
Monaco,LEC,37.0,HARD,36.0,46.318000000000005,78.925
Monaco,LEC,38.0,HARD,37.0,46.318000000000005,78.528
Monaco,LEC,39.0,HARD,38.0,46.318000000000005,78.181
Monaco,LEC,40.0,HARD,39.0,46.318000000000005,78.733
Monaco,LEC,41.0,HARD,40.0,46.318000000000005,78.694
Monaco,LEC,42.0,HARD,41.0,46.318000000000005,79.277
Monaco,LEC,43.0,HARD,42.0,46.318000000000005,77.865
Monaco,LEC,44.0,HARD,43.0,46.318000000000005,78.276
Monaco,LEC,45.0,HARD,44.0,46.318000000000005,78.541
Monaco,LEC,46.0,HARD,45.0,46.318000000000005,78.567
Monaco,LEC,47.0,HARD,46.0,46.318000000000005,79.185
Monaco,LEC,48.0,HARD,47.0,46.318000000000005,77.941
Monaco,LEC,49.0,HARD,48.0,46.318000000000005,78.506
Monaco,LEC,50.0,HARD,49.0,46.318000000000005,78.185
Monaco,LEC,51.0,HARD,50.0,46.318000000000005,77.79
Monaco,LEC,52.0,HARD,51.0,46.318000000000005,78.311
Monaco,LEC,53.0,HARD,52.0,46.318000000000005,77.748
Monaco,LEC,54.0,HARD,53.0,46.318000000000005,77.357
Monaco,LEC,55.0,HARD,54.0,46.318000000000005,77.444
Monaco,LEC,56.0,HARD,55.0,46.318000000000005,77.266
Monaco,LEC,57.0,HARD,56.0,46.318000000000005,77.64
Monaco,LEC,58.0,HARD,57.0,46.318000000000005,77.028
Monaco,LEC,59.0,HARD,58.0,46.318000000000005,77.034
Monaco,LEC,60.0,HARD,59.0,46.318000000000005,76.414
Monaco,LEC,61.0,HARD,60.0,46.318000000000005,76.863
Monaco,LEC,62.0,HARD,61.0,46.318000000000005,77.454
Monaco,LEC,63.0,HARD,62.0,46.318000000000005,76.971
Monaco,LEC,64.0,HARD,63.0,46.318000000000005,76.56
Monaco,LEC,65.0,HARD,64.0,46.318000000000005,76.607
Monaco,LEC,66.0,HARD,65.0,46.318000000000005,76.489
Monaco,LEC,67.0,HARD,66.0,46.318000000000005,75.941
Monaco,LEC,68.0,HARD,67.0,46.318000000000005,76.082
Monaco,LEC,69.0,HARD,68.0,46.318000000000005,76.373
Monaco,LEC,70.0,HARD,69.0,46.318000000000005,75.767
Monaco,LEC,71.0,HARD,70.0,46.318000000000005,75.162
Monaco,LEC,72.0,HARD,71.0,46.318000000000005,75.547
Monaco,LEC,73.0,HARD,72.0,46.318000000000005,76.219
Monaco,LEC,74.0,HARD,73.0,46.318000000000005,76.105
Monaco,LEC,75.0,HARD,74.0,46.318000000000005,76.387
Monaco,LEC,76.0,HARD,75.0,46.318000000000005,76.808
Monaco,LEC,77.0,HARD,76.0,46.318000000000005,76.933
Monaco,LEC,78.0,HARD,77.0,46.318000000000005,78.636
Monaco,PIA,4.0,HARD,4.0,46.318000000000005,82.314
Monaco,PIA,5.0,HARD,5.0,46.318000000000005,82.019
Monaco,PIA,6.0,HARD,6.0,46.318000000000005,81.354
Monaco,PIA,7.0,HARD,7.0,46.318000000000005,80.808
Monaco,PIA,8.0,HARD,8.0,46.318000000000005,81.058
Monaco,PIA,9.0,HARD,9.0,46.318000000000005,79.906
Monaco,PIA,10.0,HARD,10.0,46.318000000000005,80.89
Monaco,PIA,11.0,HARD,11.0,46.318000000000005,80.898
Monaco,PIA,12.0,HARD,12.0,46.318000000000005,80.135
Monaco,PIA,13.0,HARD,13.0,46.318000000000005,78.745
Monaco,PIA,14.0,HARD,14.0,46.318000000000005,80.014
Monaco,PIA,15.0,HARD,15.0,46.318000000000005,80.264
Monaco,PIA,16.0,HARD,16.0,46.318000000000005,79.829
Monaco,PIA,17.0,HARD,17.0,46.318000000000005,80.028
Monaco,PIA,18.0,HARD,18.0,46.318000000000005,79.832
Monaco,PIA,19.0,HARD,19.0,46.318000000000005,79.179
Monaco,PIA,20.0,HARD,20.0,46.318000000000005,79.055
Monaco,PIA,21.0,HARD,21.0,46.318000000000005,78.601
Monaco,PIA,22.0,HARD,22.0,46.318000000000005,78.585
Monaco,PIA,23.0,HARD,23.0,46.318000000000005,78.658
Monaco,PIA,24.0,HARD,24.0,46.318000000000005,78.636
Monaco,PIA,25.0,HARD,25.0,46.318000000000005,78.784
Monaco,PIA,26.0,HARD,26.0,46.318000000000005,78.44
Monaco,PIA,27.0,HARD,27.0,46.318000000000005,78.523
Monaco,PIA,28.0,HARD,28.0,46.318000000000005,78.791
Monaco,PIA,29.0,HARD,29.0,46.318000000000005,79.01
Monaco,PIA,30.0,HARD,30.0,46.318000000000005,79.396
Monaco,PIA,31.0,HARD,31.0,46.318000000000005,78.449
Monaco,PIA,32.0,HARD,32.0,46.318000000000005,78.969
Monaco,PIA,33.0,HARD,33.0,46.318000000000005,79.06
Monaco,PIA,34.0,HARD,34.0,46.318000000000005,78.978
Monaco,PIA,35.0,HARD,35.0,46.318000000000005,78.605
Monaco,PIA,36.0,HARD,36.0,46.318000000000005,78.882
Monaco,PIA,37.0,HARD,37.0,46.318000000000005,78.612
Monaco,PIA,38.0,HARD,38.0,46.318000000000005,78.731
Monaco,PIA,39.0,HARD,39.0,46.318000000000005,78.362
Monaco,PIA,40.0,HARD,40.0,46.318000000000005,78.951
Monaco,PIA,41.0,HARD,41.0,46.318000000000005,78.846
Monaco,PIA,42.0,HARD,42.0,46.318000000000005,79.795
Monaco,PIA,43.0,HARD,43.0,46.318000000000005,78.198
Monaco,PIA,44.0,HARD,44.0,46.318000000000005,78.277
Monaco,PIA,45.0,HARD,45.0,46.318000000000005,78.082
Monaco,PIA,46.0,HARD,46.0,46.318000000000005,78.623
Monaco,PIA,47.0,HARD,47.0,46.318000000000005,78.399
Monaco,PIA,48.0,HARD,48.0,46.318000000000005,78.395
Monaco,PIA,49.0,HARD,49.0,46.318000000000005,78.136
Monaco,PIA,50.0,HARD,50.0,46.318000000000005,78.35
Monaco,PIA,51.0,HARD,51.0,46.318000000000005,77.909
Monaco,PIA,52.0,HARD,52.0,46.318000000000005,78.214
Monaco,PIA,53.0,HARD,53.0,46.318000000000005,77.609
Monaco,PIA,54.0,HARD,54.0,46.318000000000005,77.362
Monaco,PIA,55.0,HARD,55.0,46.318000000000005,77.445
Monaco,PIA,56.0,HARD,56.0,46.318000000000005,77.456
Monaco,PIA,57.0,HARD,57.0,46.318000000000005,77.3
Monaco,PIA,58.0,HARD,58.0,46.318000000000005,77.344
Monaco,PIA,59.0,HARD,59.0,46.318000000000005,77.042
Monaco,PIA,60.0,HARD,60.0,46.318000000000005,76.617
Monaco,PIA,61.0,HARD,61.0,46.318000000000005,76.771
Monaco,PIA,62.0,HARD,62.0,46.318000000000005,77.095
Monaco,PIA,63.0,HARD,63.0,46.318000000000005,76.921
Monaco,PIA,64.0,HARD,64.0,46.318000000000005,76.909
Monaco,PIA,65.0,HARD,65.0,46.318000000000005,76.391
Monaco,PIA,66.0,HARD,66.0,46.318000000000005,76.64
Monaco,PIA,67.0,HARD,67.0,46.318000000000005,76.596
Monaco,PIA,68.0,HARD,68.0,46.318000000000005,76.601
Monaco,PIA,69.0,HARD,69.0,46.318000000000005,77.371
Monaco,PIA,70.0,HARD,70.0,46.318000000000005,77.27
Monaco,PIA,71.0,HARD,71.0,46.318000000000005,77.184
Monaco,PIA,72.0,HARD,72.0,46.318000000000005,76.652
Monaco,PIA,73.0,HARD,73.0,46.318000000000005,76.281
Monaco,PIA,74.0,HARD,74.0,46.318000000000005,76.356
Monaco,PIA,75.0,HARD,75.0,46.318000000000005,76.644
Monaco,PIA,76.0,HARD,76.0,46.318000000000005,76.59
Monaco,PIA,77.0,HARD,77.0,46.318000000000005,76.734
Monaco,PIA,78.0,HARD,78.0,46.318000000000005,77.126
Monaco,SAI,4.0,HARD,3.0,46.318000000000005,82.358
Monaco,SAI,5.0,HARD,4.0,46.318000000000005,81.978
Monaco,SAI,6.0,HARD,5.0,46.318000000000005,81.163
Monaco,SAI,7.0,HARD,6.0,46.318000000000005,81.466
Monaco,SAI,8.0,HARD,7.0,46.318000000000005,80.272
Monaco,SAI,9.0,HARD,8.0,46.318000000000005,80.525
Monaco,SAI,10.0,HARD,9.0,46.318000000000005,81.259
Monaco,SAI,11.0,HARD,10.0,46.318000000000005,80.246
Monaco,SAI,12.0,HARD,11.0,46.318000000000005,79.974
Monaco,SAI,13.0,HARD,12.0,46.318000000000005,80.017
Monaco,SAI,14.0,HARD,13.0,46.318000000000005,79.48
Monaco,SAI,15.0,HARD,14.0,46.318000000000005,79.543
Monaco,SAI,16.0,HARD,15.0,46.318000000000005,80.579
Monaco,SAI,17.0,HARD,16.0,46.318000000000005,80.076
Monaco,SAI,18.0,HARD,17.0,46.318000000000005,79.177
Monaco,SAI,19.0,HARD,18.0,46.318000000000005,79.445
Monaco,SAI,20.0,HARD,19.0,46.318000000000005,79.403
Monaco,SAI,21.0,HARD,20.0,46.318000000000005,78.917
Monaco,SAI,22.0,HARD,21.0,46.318000000000005,78.889
Monaco,SAI,23.0,HARD,22.0,46.318000000000005,78.993
Monaco,SAI,24.0,HARD,23.0,46.318000000000005,78.568
Monaco,SAI,25.0,HARD,24.0,46.318000000000005,78.537
Monaco,SAI,26.0,HARD,25.0,46.318000000000005,78.088
Monaco,SAI,27.0,HARD,26.0,46.318000000000005,79.49
Monaco,SAI,28.0,HARD,27.0,46.318000000000005,79.281
Monaco,SAI,29.0,HARD,28.0,46.318000000000005,78.697
Monaco,SAI,30.0,HARD,29.0,46.318000000000005,77.326
Monaco,SAI,31.0,HARD,30.0,46.318000000000005,79.784
Monaco,SAI,32.0,HARD,31.0,46.318000000000005,80.136
Monaco,SAI,33.0,HARD,32.0,46.318000000000005,78.778
Monaco,SAI,34.0,HARD,33.0,46.318000000000005,79.013
Monaco,SAI,35.0,HARD,34.0,46.318000000000005,78.465
Monaco,SAI,36.0,HARD,35.0,46.318000000000005,79.275
Monaco,SAI,37.0,HARD,36.0,46.318000000000005,77.577
Monaco,SAI,38.0,HARD,37.0,46.318000000000005,78.412
Monaco,SAI,39.0,HARD,38.0,46.318000000000005,78.31
Monaco,SAI,40.0,HARD,39.0,46.318000000000005,78.653
Monaco,SAI,41.0,HARD,40.0,46.318000000000005,78.714
Monaco,SAI,42.0,HARD,41.0,46.318000000000005,79.171
Monaco,SAI,43.0,HARD,42.0,46.318000000000005,79.594
Monaco,SAI,44.0,HARD,43.0,46.318000000000005,78.762
Monaco,SAI,45.0,HARD,44.0,46.318000000000005,77.885
Monaco,SAI,46.0,HARD,45.0,46.318000000000005,78.731
Monaco,SAI,47.0,HARD,46.0,46.318000000000005,78.141
Monaco,SAI,48.0,HARD,47.0,46.318000000000005,77.894
Monaco,SAI,49.0,HARD,48.0,46.318000000000005,78.259
Monaco,SAI,50.0,HARD,49.0,46.318000000000005,78.545
Monaco,SAI,51.0,HARD,50.0,46.318000000000005,77.528
Monaco,SAI,52.0,HARD,51.0,46.318000000000005,78.094
Monaco,SAI,53.0,HARD,52.0,46.318000000000005,77.759
Monaco,SAI,54.0,HARD,53.0,46.318000000000005,77.742
Monaco,SAI,55.0,HARD,54.0,46.318000000000005,78.661
Monaco,SAI,56.0,HARD,55.0,46.318000000000005,78.119
Monaco,SAI,57.0,HARD,56.0,46.318000000000005,77.599
Monaco,SAI,58.0,HARD,57.0,46.318000000000005,77.501
Monaco,SAI,59.0,HARD,58.0,46.318000000000005,77.134
Monaco,SAI,60.0,HARD,59.0,46.318000000000005,75.159
Monaco,SAI,61.0,HARD,60.0,46.318000000000005,79.046
Monaco,SAI,62.0,HARD,61.0,46.318000000000005,74.726
Monaco,SAI,63.0,HARD,62.0,46.318000000000005,78.207
Monaco,SAI,64.0,HARD,63.0,46.318000000000005,74.813
Monaco,SAI,65.0,HARD,64.0,46.318000000000005,78.137
Monaco,SAI,66.0,HARD,65.0,46.318000000000005,75.409
Monaco,SAI,67.0,HARD,66.0,46.318000000000005,76.847
Monaco,SAI,68.0,HARD,67.0,46.318000000000005,75.595
Monaco,SAI,69.0,HARD,68.0,46.318000000000005,76.218
Monaco,SAI,70.0,HARD,69.0,46.318000000000005,77.117
Monaco,SAI,71.0,HARD,70.0,46.318000000000005,77.214
Monaco,SAI,72.0,HARD,71.0,46.318000000000005,76.785
Monaco,SAI,73.0,HARD,72.0,46.318000000000005,76.417
Monaco,SAI,74.0,HARD,73.0,46.318000000000005,76.063
Monaco,SAI,75.0,HARD,74.0,46.318000000000005,76.905
Monaco,SAI,76.0,HARD,75.0,46.318000000000005,76.328
Monaco,SAI,77.0,HARD,76.0,46.318000000000005,76.701
Monaco,SAI,78.0,HARD,77.0,46.318000000000005,77.072
Monaco,NOR,4.0,HARD,4.0,46.318000000000005,82.782
Monaco,NOR,5.0,HARD,5.0,46.318000000000005,82.147
Monaco,NOR,6.0,HARD,6.0,46.318000000000005,81.804
Monaco,NOR,7.0,HARD,7.0,46.318000000000005,80.828
Monaco,NOR,8.0,HARD,8.0,46.318000000000005,80.82
Monaco,NOR,9.0,HARD,9.0,46.318000000000005,80.397
Monaco,NOR,10.0,HARD,10.0,46.318000000000005,80.972
Monaco,NOR,11.0,HARD,11.0,46.318000000000005,80.87
Monaco,NOR,12.0,HARD,12.0,46.318000000000005,79.933
Monaco,NOR,13.0,HARD,13.0,46.318000000000005,79.82
Monaco,NOR,14.0,HARD,14.0,46.318000000000005,79.385
Monaco,NOR,15.0,HARD,15.0,46.318000000000005,79.775
Monaco,NOR,16.0,HARD,16.0,46.318000000000005,79.637
Monaco,NOR,17.0,HARD,17.0,46.318000000000005,80.337
Monaco,NOR,18.0,HARD,18.0,46.318000000000005,79.398
Monaco,NOR,19.0,HARD,19.0,46.318000000000005,79.28
Monaco,NOR,20.0,HARD,20.0,46.318000000000005,79.043
Monaco,NOR,21.0,HARD,21.0,46.318000000000005,78.983
Monaco,NOR,22.0,HARD,22.0,46.318000000000005,78.981
Monaco,NOR,23.0,HARD,23.0,46.318000000000005,79.194
Monaco,NOR,24.0,HARD,24.0,46.318000000000005,78.699
Monaco,NOR,25.0,HARD,25.0,46.318000000000005,78.64
Monaco,NOR,26.0,HARD,26.0,46.318000000000005,78.396
Monaco,NOR,27.0,HARD,27.0,46.318000000000005,78.72
Monaco,NOR,28.0,HARD,28.0,46.318000000000005,79.238
Monaco,NOR,29.0,HARD,29.0,46.318000000000005,78.766
Monaco,NOR,30.0,HARD,30.0,46.318000000000005,78.403
Monaco,NOR,31.0,HARD,31.0,46.318000000000005,78.78
Monaco,NOR,32.0,HARD,32.0,46.318000000000005,79.538
Monaco,NOR,33.0,HARD,33.0,46.318000000000005,79.233
Monaco,NOR,34.0,HARD,34.0,46.318000000000005,79.243
Monaco,NOR,35.0,HARD,35.0,46.318000000000005,78.714
Monaco,NOR,36.0,HARD,36.0,46.318000000000005,78.582
Monaco,NOR,37.0,HARD,37.0,46.318000000000005,77.958
Monaco,NOR,38.0,HARD,38.0,46.318000000000005,77.994
Monaco,NOR,39.0,HARD,39.0,46.318000000000005,78.303
Monaco,NOR,40.0,HARD,40.0,46.318000000000005,78.824
Monaco,NOR,41.0,HARD,41.0,46.318000000000005,78.519
Monaco,NOR,42.0,HARD,42.0,46.318000000000005,79.436
Monaco,NOR,43.0,HARD,43.0,46.318000000000005,79.796
Monaco,NOR,44.0,HARD,44.0,46.318000000000005,78.906
Monaco,NOR,45.0,HARD,45.0,46.318000000000005,77.897
Monaco,NOR,46.0,HARD,46.0,46.318000000000005,78.215
Monaco,NOR,47.0,HARD,47.0,46.318000000000005,78.141
Monaco,NOR,48.0,HARD,48.0,46.318000000000005,77.975
Monaco,NOR,49.0,HARD,49.0,46.318000000000005,78.177
Monaco,NOR,50.0,HARD,50.0,46.318000000000005,78.218
Monaco,NOR,51.0,HARD,51.0,46.318000000000005,77.772
Monaco,NOR,52.0,HARD,52.0,46.318000000000005,78.223
Monaco,NOR,53.0,HARD,53.0,46.318000000000005,77.57
Monaco,NOR,54.0,HARD,54.0,46.318000000000005,77.838
Monaco,NOR,55.0,HARD,55.0,46.318000000000005,78.382
Monaco,NOR,56.0,HARD,56.0,46.318000000000005,78.155
Monaco,NOR,57.0,HARD,57.0,46.318000000000005,77.815
Monaco,NOR,58.0,HARD,58.0,46.318000000000005,77.395
Monaco,NOR,59.0,HARD,59.0,46.318000000000005,77.122
Monaco,NOR,60.0,HARD,60.0,46.318000000000005,76.695
Monaco,NOR,61.0,HARD,61.0,46.318000000000005,77.614
Monaco,NOR,62.0,HARD,62.0,46.318000000000005,76.026
Monaco,NOR,63.0,HARD,63.0,46.318000000000005,76.876
Monaco,NOR,64.0,HARD,64.0,46.318000000000005,75.742
Monaco,NOR,65.0,HARD,65.0,46.318000000000005,77.143
Monaco,NOR,66.0,HARD,66.0,46.318000000000005,76.214
Monaco,NOR,67.0,HARD,67.0,46.318000000000005,76.115
Monaco,NOR,68.0,HARD,68.0,46.318000000000005,76.172
Monaco,NOR,69.0,HARD,69.0,46.318000000000005,76.314
Monaco,NOR,70.0,HARD,70.0,46.318000000000005,77.213
Monaco,NOR,71.0,HARD,71.0,46.318000000000005,76.609
Monaco,NOR,72.0,HARD,72.0,46.318000000000005,76.801
Monaco,NOR,73.0,HARD,73.0,46.318000000000005,76.285
Monaco,NOR,74.0,HARD,74.0,46.318000000000005,76.429
Monaco,NOR,75.0,HARD,75.0,46.318000000000005,76.517
Monaco,NOR,76.0,HARD,76.0,46.318000000000005,76.671
Monaco,NOR,77.0,HARD,77.0,46.318000000000005,76.512
Monaco,NOR,78.0,HARD,78.0,46.318000000000005,77.296
Monaco,RUS,4.0,MEDIUM,3.0,46.318000000000005,82.868
Monaco,RUS,5.0,MEDIUM,4.0,46.318000000000005,83.045
Monaco,RUS,6.0,MEDIUM,5.0,46.318000000000005,83.012
Monaco,RUS,7.0,MEDIUM,6.0,46.318000000000005,81.415
Monaco,RUS,8.0,MEDIUM,7.0,46.318000000000005,81.612
Monaco,RUS,9.0,MEDIUM,8.0,46.318000000000005,81.433
Monaco,RUS,10.0,MEDIUM,9.0,46.318000000000005,81.531
Monaco,RUS,11.0,MEDIUM,10.0,46.318000000000005,81.452
Monaco,RUS,12.0,MEDIUM,11.0,46.318000000000005,80.316
Monaco,RUS,13.0,MEDIUM,12.0,46.318000000000005,80.525
Monaco,RUS,14.0,MEDIUM,13.0,46.318000000000005,80.272
Monaco,RUS,15.0,MEDIUM,14.0,46.318000000000005,80.202
Monaco,RUS,16.0,MEDIUM,15.0,46.318000000000005,79.913
Monaco,RUS,17.0,MEDIUM,16.0,46.318000000000005,80.15
Monaco,RUS,18.0,MEDIUM,17.0,46.318000000000005,79.438
Monaco,RUS,19.0,MEDIUM,18.0,46.318000000000005,80.157
Monaco,RUS,20.0,MEDIUM,19.0,46.318000000000005,80.053
Monaco,RUS,21.0,MEDIUM,20.0,46.318000000000005,79.788
Monaco,RUS,22.0,MEDIUM,21.0,46.318000000000005,79.691
Monaco,RUS,23.0,MEDIUM,22.0,46.318000000000005,79.397
Monaco,RUS,24.0,MEDIUM,23.0,46.318000000000005,79.484
Monaco,RUS,25.0,MEDIUM,24.0,46.318000000000005,78.651
Monaco,RUS,26.0,MEDIUM,25.0,46.318000000000005,79.006
Monaco,RUS,27.0,MEDIUM,26.0,46.318000000000005,78.927
Monaco,RUS,28.0,MEDIUM,27.0,46.318000000000005,78.679
Monaco,RUS,29.0,MEDIUM,28.0,46.318000000000005,78.624
Monaco,RUS,30.0,MEDIUM,29.0,46.318000000000005,78.811
Monaco,RUS,31.0,MEDIUM,30.0,46.318000000000005,79.101
Monaco,RUS,32.0,MEDIUM,31.0,46.318000000000005,79.122
Monaco,RUS,33.0,MEDIUM,32.0,46.318000000000005,78.91
Monaco,RUS,34.0,MEDIUM,33.0,46.318000000000005,79.379
Monaco,RUS,35.0,MEDIUM,34.0,46.318000000000005,80.448
Monaco,RUS,36.0,MEDIUM,35.0,46.318000000000005,79.728
Monaco,RUS,37.0,MEDIUM,36.0,46.318000000000005,78.757
Monaco,RUS,38.0,MEDIUM,37.0,46.318000000000005,78.446
Monaco,RUS,39.0,MEDIUM,38.0,46.318000000000005,78.45
Monaco,RUS,40.0,MEDIUM,39.0,46.318000000000005,78.139
Monaco,RUS,41.0,MEDIUM,40.0,46.318000000000005,78.308
Monaco,RUS,42.0,MEDIUM,41.0,46.318000000000005,78.204
Monaco,RUS,43.0,MEDIUM,42.0,46.318000000000005,78.684
Monaco,RUS,44.0,MEDIUM,43.0,46.318000000000005,78.177
Monaco,RUS,45.0,MEDIUM,44.0,46.318000000000005,78.449
Monaco,RUS,46.0,MEDIUM,45.0,46.318000000000005,78.387
Monaco,RUS,47.0,MEDIUM,46.0,46.318000000000005,78.314
Monaco,RUS,48.0,MEDIUM,47.0,46.318000000000005,78.702
Monaco,RUS,49.0,MEDIUM,48.0,46.318000000000005,78.985
Monaco,RUS,50.0,MEDIUM,49.0,46.318000000000005,78.447
Monaco,RUS,51.0,MEDIUM,50.0,46.318000000000005,78.049
Monaco,RUS,52.0,MEDIUM,51.0,46.318000000000005,78.602
Monaco,RUS,53.0,MEDIUM,52.0,46.318000000000005,80.891
Monaco,RUS,54.0,MEDIUM,53.0,46.318000000000005,78.201
Monaco,RUS,55.0,MEDIUM,54.0,46.318000000000005,77.305
Monaco,RUS,56.0,MEDIUM,55.0,46.318000000000005,77.071
Monaco,RUS,57.0,MEDIUM,56.0,46.318000000000005,76.91
Monaco,RUS,58.0,MEDIUM,57.0,46.318000000000005,77.142
Monaco,RUS,59.0,MEDIUM,58.0,46.318000000000005,76.842
Monaco,RUS,60.0,MEDIUM,59.0,46.318000000000005,76.604
Monaco,RUS,61.0,MEDIUM,60.0,46.318000000000005,76.697
Monaco,RUS,62.0,MEDIUM,61.0,46.318000000000005,76.787
Monaco,RUS,63.0,MEDIUM,62.0,46.318000000000005,76.581
Monaco,RUS,64.0,MEDIUM,63.0,46.318000000000005,76.133
Monaco,RUS,65.0,MEDIUM,64.0,46.318000000000005,75.651
Monaco,RUS,66.0,MEDIUM,65.0,46.318000000000005,75.848
Monaco,RUS,67.0,MEDIUM,66.0,46.318000000000005,76.157
Monaco,RUS,68.0,MEDIUM,67.0,46.318000000000005,75.931
Monaco,RUS,69.0,MEDIUM,68.0,46.318000000000005,75.869
Monaco,RUS,70.0,MEDIUM,69.0,46.318000000000005,75.251
Monaco,RUS,71.0,MEDIUM,70.0,46.318000000000005,75.827
Monaco,RUS,72.0,MEDIUM,71.0,46.318000000000005,75.839
Monaco,RUS,73.0,MEDIUM,72.0,46.318000000000005,75.228
Monaco,RUS,74.0,MEDIUM,73.0,46.318000000000005,75.376
Monaco,RUS,75.0,MEDIUM,74.0,46.318000000000005,75.525
Monaco,RUS,76.0,MEDIUM,75.0,46.318000000000005,75.753
Monaco,RUS,77.0,MEDIUM,76.0,46.318000000000005,75.532
Monaco,RUS,78.0,MEDIUM,77.0,46.318000000000005,76.303
Monaco,VER,4.0,MEDIUM,3.0,46.318000000000005,83.275
Monaco,VER,5.0,MEDIUM,4.0,46.318000000000005,83.4
Monaco,VER,6.0,MEDIUM,5.0,46.318000000000005,83.787
Monaco,VER,7.0,MEDIUM,6.0,46.318000000000005,81.283
Monaco,VER,8.0,MEDIUM,7.0,46.318000000000005,81.657
Monaco,VER,9.0,MEDIUM,8.0,46.318000000000005,81.74
Monaco,VER,10.0,MEDIUM,9.0,46.318000000000005,81.244
Monaco,VER,11.0,MEDIUM,10.0,46.318000000000005,81.492
Monaco,VER,12.0,MEDIUM,11.0,46.318000000000005,80.659
Monaco,VER,13.0,MEDIUM,12.0,46.318000000000005,79.904
Monaco,VER,14.0,MEDIUM,13.0,46.318000000000005,79.723
Monaco,VER,15.0,MEDIUM,14.0,46.318000000000005,80.37
Monaco,VER,16.0,MEDIUM,15.0,46.318000000000005,80.287
Monaco,VER,17.0,MEDIUM,16.0,46.318000000000005,79.898
Monaco,VER,18.0,MEDIUM,17.0,46.318000000000005,79.58
Monaco,VER,19.0,MEDIUM,18.0,46.318000000000005,80.171
Monaco,VER,20.0,MEDIUM,19.0,46.318000000000005,79.886
Monaco,VER,21.0,MEDIUM,20.0,46.318000000000005,80.255
Monaco,VER,22.0,MEDIUM,21.0,46.318000000000005,79.813
Monaco,VER,23.0,MEDIUM,22.0,46.318000000000005,78.979
Monaco,VER,24.0,MEDIUM,23.0,46.318000000000005,79.364
Monaco,VER,25.0,MEDIUM,24.0,46.318000000000005,79.38
Monaco,VER,26.0,MEDIUM,25.0,46.318000000000005,78.818
Monaco,VER,27.0,MEDIUM,26.0,46.318000000000005,78.797
Monaco,VER,28.0,MEDIUM,27.0,46.318000000000005,78.682
Monaco,VER,29.0,MEDIUM,28.0,46.318000000000005,78.795
Monaco,VER,30.0,MEDIUM,29.0,46.318000000000005,78.574
Monaco,VER,31.0,MEDIUM,30.0,46.318000000000005,78.564
Monaco,VER,32.0,MEDIUM,31.0,46.318000000000005,78.983
Monaco,VER,33.0,MEDIUM,32.0,46.318000000000005,79.005
Monaco,VER,34.0,MEDIUM,33.0,46.318000000000005,79.594
Monaco,VER,35.0,MEDIUM,34.0,46.318000000000005,80.207
Monaco,VER,36.0,MEDIUM,35.0,46.318000000000005,79.634
Monaco,VER,37.0,MEDIUM,36.0,46.318000000000005,79.429
Monaco,VER,38.0,MEDIUM,37.0,46.318000000000005,78.844
Monaco,VER,39.0,MEDIUM,38.0,46.318000000000005,78.326
Monaco,VER,40.0,MEDIUM,39.0,46.318000000000005,78.409
Monaco,VER,41.0,MEDIUM,40.0,46.318000000000005,78.083
Monaco,VER,42.0,MEDIUM,41.0,46.318000000000005,78.074
Monaco,VER,43.0,MEDIUM,42.0,46.318000000000005,78.358
Monaco,VER,44.0,MEDIUM,43.0,46.318000000000005,78.405
Monaco,VER,45.0,MEDIUM,44.0,46.318000000000005,78.313
Monaco,VER,46.0,MEDIUM,45.0,46.318000000000005,78.203
Monaco,VER,47.0,MEDIUM,46.0,46.318000000000005,78.537
Monaco,VER,48.0,MEDIUM,47.0,46.318000000000005,78.337
Monaco,VER,49.0,MEDIUM,48.0,46.318000000000005,78.477
Monaco,VER,50.0,MEDIUM,49.0,46.318000000000005,78.88
Monaco,VER,51.0,MEDIUM,50.0,46.318000000000005,78.142
Monaco,VER,53.0,HARD,2.0,46.318000000000005,78.724
Monaco,VER,54.0,HARD,3.0,46.318000000000005,75.815
Monaco,VER,55.0,HARD,4.0,46.318000000000005,75.398
Monaco,VER,56.0,HARD,5.0,46.318000000000005,75.466
Monaco,VER,57.0,HARD,6.0,46.318000000000005,76.181
Monaco,VER,58.0,HARD,7.0,46.318000000000005,74.569
Monaco,VER,59.0,HARD,8.0,46.318000000000005,74.748
Monaco,VER,60.0,HARD,9.0,46.318000000000005,75.238
Monaco,VER,61.0,HARD,10.0,46.318000000000005,75.121
Monaco,VER,62.0,HARD,11.0,46.318000000000005,76.561
Monaco,VER,63.0,HARD,12.0,46.318000000000005,76.547
Monaco,VER,64.0,HARD,13.0,46.318000000000005,76.619
Monaco,VER,65.0,HARD,14.0,46.318000000000005,75.468
Monaco,VER,66.0,HARD,15.0,46.318000000000005,76.121
Monaco,VER,67.0,HARD,16.0,46.318000000000005,76.276
Monaco,VER,68.0,HARD,17.0,46.318000000000005,75.954
Monaco,VER,69.0,HARD,18.0,46.318000000000005,75.463
Monaco,VER,70.0,HARD,19.0,46.318000000000005,75.449
Monaco,VER,71.0,HARD,20.0,46.318000000000005,75.659
Monaco,VER,72.0,HARD,21.0,46.318000000000005,75.733
Monaco,VER,73.0,HARD,22.0,46.318000000000005,75.436
Monaco,VER,74.0,HARD,23.0,46.318000000000005,75.38
Monaco,VER,75.0,HARD,24.0,46.318000000000005,75.396
Monaco,VER,76.0,HARD,25.0,46.318000000000005,75.641
Monaco,VER,77.0,HARD,26.0,46.318000000000005,75.543
Monaco,VER,78.0,HARD,27.0,46.318000000000005,76.248
Monaco,HAM,4.0,MEDIUM,3.0,46.318000000000005,83.376
Monaco,HAM,5.0,MEDIUM,4.0,46.318000000000005,83.64
Monaco,HAM,6.0,MEDIUM,5.0,46.318000000000005,83.369
Monaco,HAM,7.0,MEDIUM,6.0,46.318000000000005,81.463
Monaco,HAM,8.0,MEDIUM,7.0,46.318000000000005,81.612
Monaco,HAM,9.0,MEDIUM,8.0,46.318000000000005,81.851
Monaco,HAM,10.0,MEDIUM,9.0,46.318000000000005,81.437
Monaco,HAM,11.0,MEDIUM,10.0,46.318000000000005,81.325
Monaco,HAM,12.0,MEDIUM,11.0,46.318000000000005,81.164
Monaco,HAM,13.0,MEDIUM,12.0,46.318000000000005,80.171
Monaco,HAM,14.0,MEDIUM,13.0,46.318000000000005,80.126
Monaco,HAM,15.0,MEDIUM,14.0,46.318000000000005,79.971
Monaco,HAM,16.0,MEDIUM,15.0,46.318000000000005,80.384
Monaco,HAM,17.0,MEDIUM,16.0,46.318000000000005,79.738
Monaco,HAM,18.0,MEDIUM,17.0,46.318000000000005,80.037
Monaco,HAM,19.0,MEDIUM,18.0,46.318000000000005,79.874
Monaco,HAM,20.0,MEDIUM,19.0,46.318000000000005,80.504
Monaco,HAM,21.0,MEDIUM,20.0,46.318000000000005,79.76
Monaco,HAM,22.0,MEDIUM,21.0,46.318000000000005,80.59
Monaco,HAM,23.0,MEDIUM,22.0,46.318000000000005,79.089
Monaco,HAM,24.0,MEDIUM,23.0,46.318000000000005,78.785
Monaco,HAM,25.0,MEDIUM,24.0,46.318000000000005,79.342
Monaco,HAM,26.0,MEDIUM,25.0,46.318000000000005,79.862
Monaco,HAM,27.0,MEDIUM,26.0,46.318000000000005,78.549
Monaco,HAM,28.0,MEDIUM,27.0,46.318000000000005,78.587
Monaco,HAM,29.0,MEDIUM,28.0,46.318000000000005,78.94
Monaco,HAM,30.0,MEDIUM,29.0,46.318000000000005,78.371
Monaco,HAM,31.0,MEDIUM,30.0,46.318000000000005,78.471
Monaco,HAM,32.0,MEDIUM,31.0,46.318000000000005,78.618
Monaco,HAM,33.0,MEDIUM,32.0,46.318000000000005,78.746
Monaco,HAM,34.0,MEDIUM,33.0,46.318000000000005,78.86
Monaco,HAM,35.0,MEDIUM,34.0,46.318000000000005,79.518
Monaco,HAM,36.0,MEDIUM,35.0,46.318000000000005,80.648
Monaco,HAM,37.0,MEDIUM,36.0,46.318000000000005,78.605
Monaco,HAM,38.0,MEDIUM,37.0,46.318000000000005,80.514
Monaco,HAM,39.0,MEDIUM,38.0,46.318000000000005,78.943
Monaco,HAM,40.0,MEDIUM,39.0,46.318000000000005,78.673
Monaco,HAM,41.0,MEDIUM,40.0,46.318000000000005,78.946
Monaco,HAM,42.0,MEDIUM,41.0,46.318000000000005,77.542
Monaco,HAM,43.0,MEDIUM,42.0,46.318000000000005,77.867
Monaco,HAM,44.0,MEDIUM,43.0,46.318000000000005,78.225
Monaco,HAM,45.0,MEDIUM,44.0,46.318000000000005,78.156
Monaco,HAM,46.0,MEDIUM,45.0,46.318000000000005,78.104
Monaco,HAM,47.0,MEDIUM,46.0,46.318000000000005,78.331
Monaco,HAM,48.0,MEDIUM,47.0,46.318000000000005,77.831
Monaco,HAM,49.0,MEDIUM,48.0,46.318000000000005,77.398
Monaco,HAM,50.0,MEDIUM,49.0,46.318000000000005,78.461
Monaco,HAM,52.0,HARD,2.0,46.318000000000005,79.702
Monaco,HAM,53.0,HARD,3.0,46.318000000000005,76.458
Monaco,HAM,54.0,HARD,4.0,46.318000000000005,76.388
Monaco,HAM,55.0,HARD,5.0,46.318000000000005,76.492
Monaco,HAM,56.0,HARD,6.0,46.318000000000005,74.423
Monaco,HAM,57.0,HARD,7.0,46.318000000000005,77.857
Monaco,HAM,58.0,HARD,8.0,46.318000000000005,76.855
Monaco,HAM,59.0,HARD,9.0,46.318000000000005,74.204
Monaco,HAM,60.0,HARD,10.0,46.318000000000005,75.848
Monaco,HAM,61.0,HARD,11.0,46.318000000000005,75.274
Monaco,HAM,62.0,HARD,12.0,46.318000000000005,75.414
Monaco,HAM,63.0,HARD,13.0,46.318000000000005,74.165
Monaco,HAM,64.0,HARD,14.0,46.318000000000005,76.164
Monaco,HAM,65.0,HARD,15.0,46.318000000000005,75.19
Monaco,HAM,66.0,HARD,16.0,46.318000000000005,75.342
Monaco,HAM,67.0,HARD,17.0,46.318000000000005,76.117
Monaco,HAM,68.0,HARD,18.0,46.318000000000005,75.836
Monaco,HAM,69.0,HARD,19.0,46.318000000000005,75.648
Monaco,HAM,70.0,HARD,20.0,46.318000000000005,75.638
Monaco,HAM,71.0,HARD,21.0,46.318000000000005,75.643
Monaco,HAM,72.0,HARD,22.0,46.318000000000005,75.468
Monaco,HAM,73.0,HARD,23.0,46.318000000000005,75.134
Monaco,HAM,74.0,HARD,24.0,46.318000000000005,75.324
Monaco,HAM,75.0,HARD,25.0,46.318000000000005,75.324
Monaco,HAM,76.0,HARD,26.0,46.318000000000005,75.245
Monaco,HAM,77.0,HARD,27.0,46.318000000000005,75.697
Monaco,HAM,78.0,HARD,28.0,46.318000000000005,76.355
Monaco,TSU,4.0,HARD,4.0,46.318000000000005,83.327
Monaco,TSU,5.0,HARD,5.0,46.318000000000005,83.493
Monaco,TSU,6.0,HARD,6.0,46.318000000000005,83.224
Monaco,TSU,7.0,HARD,7.0,46.318000000000005,81.826
Monaco,TSU,8.0,HARD,8.0,46.318000000000005,81.651
Monaco,TSU,9.0,HARD,9.0,46.318000000000005,81.896
Monaco,TSU,10.0,HARD,10.0,46.318000000000005,81.591
Monaco,TSU,11.0,HARD,11.0,46.318000000000005,81.289
Monaco,TSU,12.0,HARD,12.0,46.318000000000005,81.089
Monaco,TSU,13.0,HARD,13.0,46.318000000000005,80.682
Monaco,TSU,14.0,HARD,14.0,46.318000000000005,81.249
Monaco,TSU,15.0,HARD,15.0,46.318000000000005,80.099
Monaco,TSU,16.0,HARD,16.0,46.318000000000005,80.847
Monaco,TSU,17.0,HARD,17.0,46.318000000000005,80.335
Monaco,TSU,18.0,HARD,18.0,46.318000000000005,80.612
Monaco,TSU,19.0,HARD,19.0,46.318000000000005,80.77
Monaco,TSU,20.0,HARD,20.0,46.318000000000005,79.991
Monaco,TSU,21.0,HARD,21.0,46.318000000000005,80.557
Monaco,TSU,22.0,HARD,22.0,46.318000000000005,80.875
Monaco,TSU,23.0,HARD,23.0,46.318000000000005,80.45
Monaco,TSU,24.0,HARD,24.0,46.318000000000005,80.386
Monaco,TSU,25.0,HARD,25.0,46.318000000000005,80.329
Monaco,TSU,26.0,HARD,26.0,46.318000000000005,80.448
Monaco,TSU,27.0,HARD,27.0,46.318000000000005,80.286
Monaco,TSU,28.0,HARD,28.0,46.318000000000005,80.184
Monaco,TSU,29.0,HARD,29.0,46.318000000000005,79.837
Monaco,TSU,30.0,HARD,30.0,46.318000000000005,80.495
Monaco,TSU,31.0,HARD,31.0,46.318000000000005,80.19
Monaco,TSU,32.0,HARD,32.0,46.318000000000005,81.023
Monaco,TSU,33.0,HARD,33.0,46.318000000000005,80.749
Monaco,TSU,34.0,HARD,34.0,46.318000000000005,79.153
Monaco,TSU,35.0,HARD,35.0,46.318000000000005,78.973
Monaco,TSU,36.0,HARD,36.0,46.318000000000005,79.472
Monaco,TSU,37.0,HARD,37.0,46.318000000000005,80.071
Monaco,TSU,38.0,HARD,38.0,46.318000000000005,80.117
Monaco,TSU,39.0,HARD,39.0,46.318000000000005,79.855
Monaco,TSU,40.0,HARD,40.0,46.318000000000005,79.745
Monaco,TSU,41.0,HARD,41.0,46.318000000000005,80.772
Monaco,TSU,42.0,HARD,42.0,46.318000000000005,80.32
Monaco,TSU,43.0,HARD,43.0,46.318000000000005,80.135
Monaco,TSU,44.0,HARD,44.0,46.318000000000005,80.394
Monaco,TSU,45.0,HARD,45.0,46.318000000000005,80.144
Monaco,TSU,46.0,HARD,46.0,46.318000000000005,80.294
Monaco,TSU,47.0,HARD,47.0,46.318000000000005,80.426
Monaco,TSU,48.0,HARD,48.0,46.318000000000005,80.543
Monaco,TSU,49.0,HARD,49.0,46.318000000000005,80.109
Monaco,TSU,50.0,HARD,50.0,46.318000000000005,79.553
Monaco,TSU,51.0,HARD,51.0,46.318000000000005,78.64
Monaco,TSU,52.0,HARD,52.0,46.318000000000005,80.114
Monaco,TSU,53.0,HARD,53.0,46.318000000000005,79.854
Monaco,TSU,55.0,HARD,55.0,46.318000000000005,79.781
Monaco,TSU,56.0,HARD,56.0,46.318000000000005,78.502
Monaco,TSU,57.0,HARD,57.0,46.318000000000005,78.499
Monaco,TSU,58.0,HARD,58.0,46.318000000000005,78.737
Monaco,TSU,59.0,HARD,59.0,46.318000000000005,78.035
Monaco,TSU,60.0,HARD,60.0,46.318000000000005,79.659
Monaco,TSU,61.0,HARD,61.0,46.318000000000005,80.298
Monaco,TSU,62.0,HARD,62.0,46.318000000000005,79.375
Monaco,TSU,63.0,HARD,63.0,46.318000000000005,83.218
Monaco,TSU,64.0,HARD,64.0,46.318000000000005,77.631
Monaco,TSU,65.0,HARD,65.0,46.318000000000005,77.019
Monaco,TSU,66.0,HARD,66.0,46.318000000000005,78.197
Monaco,TSU,67.0,HARD,67.0,46.318000000000005,78.148
Monaco,TSU,68.0,HARD,68.0,46.318000000000005,78.209
Monaco,TSU,69.0,HARD,69.0,46.318000000000005,80.032
Monaco,TSU,70.0,HARD,70.0,46.318000000000005,79.347
Monaco,TSU,71.0,HARD,71.0,46.318000000000005,78.258
Monaco,TSU,72.0,HARD,72.0,46.318000000000005,77.079
Monaco,TSU,73.0,HARD,73.0,46.318000000000005,75.955
Monaco,TSU,74.0,HARD,74.0,46.318000000000005,75.462
Monaco,TSU,75.0,HARD,75.0,46.318000000000005,74.992
Monaco,TSU,76.0,HARD,76.0,46.318000000000005,75.205
Monaco,TSU,77.0,HARD,77.0,46.318000000000005,74.72
Monaco,ALB,4.0,HARD,3.0,46.318000000000005,83.286
Monaco,ALB,5.0,HARD,4.0,46.318000000000005,83.369
Monaco,ALB,6.0,HARD,5.0,46.318000000000005,83.416
Monaco,ALB,7.0,HARD,6.0,46.318000000000005,81.913
Monaco,ALB,8.0,HARD,7.0,46.318000000000005,81.536
Monaco,ALB,9.0,HARD,8.0,46.318000000000005,82.004
Monaco,ALB,10.0,HARD,9.0,46.318000000000005,81.562
Monaco,ALB,11.0,HARD,10.0,46.318000000000005,81.514
Monaco,ALB,12.0,HARD,11.0,46.318000000000005,80.821
Monaco,ALB,13.0,HARD,12.0,46.318000000000005,81.42
Monaco,ALB,14.0,HARD,13.0,46.318000000000005,80.591
Monaco,ALB,15.0,HARD,14.0,46.318000000000005,80.591
Monaco,ALB,16.0,HARD,15.0,46.318000000000005,80.793
Monaco,ALB,17.0,HARD,16.0,46.318000000000005,81.137
Monaco,ALB,18.0,HARD,17.0,46.318000000000005,80.042
Monaco,ALB,19.0,HARD,18.0,46.318000000000005,80.245
Monaco,ALB,20.0,HARD,19.0,46.318000000000005,80.36
Monaco,ALB,21.0,HARD,20.0,46.318000000000005,80.937
Monaco,ALB,22.0,HARD,21.0,46.318000000000005,80.542
Monaco,ALB,23.0,HARD,22.0,46.318000000000005,80.143
Monaco,ALB,24.0,HARD,23.0,46.318000000000005,80.517
Monaco,ALB,25.0,HARD,24.0,46.318000000000005,80.323
Monaco,ALB,26.0,HARD,25.0,46.318000000000005,80.463
Monaco,ALB,27.0,HARD,26.0,46.318000000000005,80.509
Monaco,ALB,28.0,HARD,27.0,46.318000000000005,79.51
Monaco,ALB,29.0,HARD,28.0,46.318000000000005,80.271
Monaco,ALB,30.0,HARD,29.0,46.318000000000005,81.439
Monaco,ALB,31.0,HARD,30.0,46.318000000000005,80.941
Monaco,ALB,32.0,HARD,31.0,46.318000000000005,80.148
Monaco,ALB,33.0,HARD,32.0,46.318000000000005,79.491
Monaco,ALB,34.0,HARD,33.0,46.318000000000005,79.134
Monaco,ALB,35.0,HARD,34.0,46.318000000000005,78.816
Monaco,ALB,36.0,HARD,35.0,46.318000000000005,81.628
Monaco,ALB,37.0,HARD,36.0,46.318000000000005,80.775
Monaco,ALB,38.0,HARD,37.0,46.318000000000005,80.314
Monaco,ALB,39.0,HARD,38.0,46.318000000000005,80.389
Monaco,ALB,40.0,HARD,39.0,46.318000000000005,79.812
Monaco,ALB,41.0,HARD,40.0,46.318000000000005,79.329
Monaco,ALB,42.0,HARD,41.0,46.318000000000005,80.084
Monaco,ALB,43.0,HARD,42.0,46.318000000000005,79.496
Monaco,ALB,44.0,HARD,43.0,46.318000000000005,79.683
Monaco,ALB,45.0,HARD,44.0,46.318000000000005,81.748
Monaco,ALB,46.0,HARD,45.0,46.318000000000005,80.594
Monaco,ALB,47.0,HARD,46.0,46.318000000000005,80.462
Monaco,ALB,48.0,HARD,47.0,46.318000000000005,79.321
Monaco,ALB,49.0,HARD,48.0,46.318000000000005,79.378
Monaco,ALB,50.0,HARD,49.0,46.318000000000005,79.268
Monaco,ALB,51.0,HARD,50.0,46.318000000000005,78.863
Monaco,ALB,52.0,HARD,51.0,46.318000000000005,81.554
Monaco,ALB,53.0,HARD,52.0,46.318000000000005,80.7
Monaco,ALB,54.0,HARD,53.0,46.318000000000005,83.647
Monaco,ALB,55.0,HARD,54.0,46.318000000000005,79.085
Monaco,ALB,56.0,HARD,55.0,46.318000000000005,78.796
Monaco,ALB,57.0,HARD,56.0,46.318000000000005,78.271
Monaco,ALB,58.0,HARD,57.0,46.318000000000005,78.69
Monaco,ALB,59.0,HARD,58.0,46.318000000000005,78.201
Monaco,ALB,60.0,HARD,59.0,46.318000000000005,79.533
Monaco,ALB,61.0,HARD,60.0,46.318000000000005,80.222
Monaco,ALB,62.0,HARD,61.0,46.318000000000005,79.506
Monaco,ALB,63.0,HARD,62.0,46.318000000000005,83.085
Monaco,ALB,64.0,HARD,63.0,46.318000000000005,77.911
Monaco,ALB,65.0,HARD,64.0,46.318000000000005,77.261
Monaco,ALB,66.0,HARD,65.0,46.318000000000005,78.003
Monaco,ALB,67.0,HARD,66.0,46.318000000000005,77.874
Monaco,ALB,68.0,HARD,67.0,46.318000000000005,78.385
Monaco,ALB,69.0,HARD,68.0,46.318000000000005,79.921
Monaco,ALB,70.0,HARD,69.0,46.318000000000005,79.37
Monaco,ALB,71.0,HARD,70.0,46.318000000000005,78.957
Monaco,ALB,72.0,HARD,71.0,46.318000000000005,78.165
Monaco,ALB,73.0,HARD,72.0,46.318000000000005,78.432
Monaco,ALB,74.0,HARD,73.0,46.318000000000005,78.014
Monaco,ALB,75.0,HARD,74.0,46.318000000000005,77.85
Monaco,ALB,76.0,HARD,75.0,46.318000000000005,77.279
Monaco,ALB,77.0,HARD,76.0,46.318000000000005,77.06
Monaco,GAS,4.0,MEDIUM,3.0,46.318000000000005,83.269
Monaco,GAS,5.0,MEDIUM,4.0,46.318000000000005,83.428
Monaco,GAS,6.0,MEDIUM,5.0,46.318000000000005,83.106
Monaco,GAS,7.0,MEDIUM,6.0,46.318000000000005,82.233
Monaco,GAS,8.0,MEDIUM,7.0,46.318000000000005,81.6
Monaco,GAS,9.0,MEDIUM,8.0,46.318000000000005,82.071
Monaco,GAS,10.0,MEDIUM,9.0,46.318000000000005,81.394
Monaco,GAS,11.0,MEDIUM,10.0,46.318000000000005,81.298
Monaco,GAS,12.0,MEDIUM,11.0,46.318000000000005,81.289
Monaco,GAS,13.0,MEDIUM,12.0,46.318000000000005,81.53
Monaco,GAS,14.0,MEDIUM,13.0,46.318000000000005,79.92
Monaco,GAS,15.0,MEDIUM,14.0,46.318000000000005,81.066
Monaco,GAS,16.0,MEDIUM,15.0,46.318000000000005,81.054
Monaco,GAS,17.0,MEDIUM,16.0,46.318000000000005,81.961
Monaco,GAS,18.0,MEDIUM,17.0,46.318000000000005,80.797
Monaco,GAS,19.0,MEDIUM,18.0,46.318000000000005,79.904
Monaco,GAS,20.0,MEDIUM,19.0,46.318000000000005,80.255
Monaco,GAS,21.0,MEDIUM,20.0,46.318000000000005,79.876
Monaco,GAS,22.0,MEDIUM,21.0,46.318000000000005,80.554
Monaco,GAS,23.0,MEDIUM,22.0,46.318000000000005,81.306
Monaco,GAS,24.0,MEDIUM,23.0,46.318000000000005,80.949
Monaco,GAS,25.0,MEDIUM,24.0,46.318000000000005,80.372
Monaco,GAS,26.0,MEDIUM,25.0,46.318000000000005,80.593
Monaco,GAS,27.0,MEDIUM,26.0,46.318000000000005,80.521
Monaco,GAS,28.0,MEDIUM,27.0,46.318000000000005,80.229
Monaco,GAS,29.0,MEDIUM,28.0,46.318000000000005,79.376
Monaco,GAS,30.0,MEDIUM,29.0,46.318000000000005,81.764
Monaco,GAS,31.0,MEDIUM,30.0,46.318000000000005,81.427
Monaco,GAS,32.0,MEDIUM,31.0,46.318000000000005,81.121
Monaco,GAS,33.0,MEDIUM,32.0,46.318000000000005,80.965
Monaco,GAS,34.0,MEDIUM,33.0,46.318000000000005,80.751
Monaco,GAS,35.0,MEDIUM,34.0,46.318000000000005,79.361
Monaco,GAS,36.0,MEDIUM,35.0,46.318000000000005,79.576
Monaco,GAS,37.0,MEDIUM,36.0,46.318000000000005,79.975
Monaco,GAS,38.0,MEDIUM,37.0,46.318000000000005,79.428
Monaco,GAS,39.0,MEDIUM,38.0,46.318000000000005,80.32
Monaco,GAS,40.0,MEDIUM,39.0,46.318000000000005,80.384
Monaco,GAS,41.0,MEDIUM,40.0,46.318000000000005,80.2
Monaco,GAS,42.0,MEDIUM,41.0,46.318000000000005,79.977
Monaco,GAS,43.0,MEDIUM,42.0,46.318000000000005,81.048
Monaco,GAS,44.0,MEDIUM,43.0,46.318000000000005,80.621
Monaco,GAS,45.0,MEDIUM,44.0,46.318000000000005,79.382
Monaco,GAS,46.0,MEDIUM,45.0,46.318000000000005,79.97
Monaco,GAS,47.0,MEDIUM,46.0,46.318000000000005,79.435
Monaco,GAS,48.0,MEDIUM,47.0,46.318000000000005,79.865
Monaco,GAS,49.0,MEDIUM,48.0,46.318000000000005,80.534
Monaco,GAS,50.0,MEDIUM,49.0,46.318000000000005,81.023
Monaco,GAS,51.0,MEDIUM,50.0,46.318000000000005,84.473
Monaco,GAS,52.0,MEDIUM,51.0,46.318000000000005,79.743
Monaco,GAS,53.0,MEDIUM,52.0,46.318000000000005,79.917
Monaco,GAS,54.0,MEDIUM,53.0,46.318000000000005,79.091
Monaco,GAS,55.0,MEDIUM,54.0,46.318000000000005,79.407
Monaco,GAS,56.0,MEDIUM,55.0,46.318000000000005,79.704
Monaco,GAS,57.0,MEDIUM,56.0,46.318000000000005,79.448
Monaco,GAS,58.0,MEDIUM,57.0,46.318000000000005,79.097
Monaco,GAS,59.0,MEDIUM,58.0,46.318000000000005,81.378
Monaco,GAS,60.0,MEDIUM,59.0,46.318000000000005,80.237
Monaco,GAS,61.0,MEDIUM,60.0,46.318000000000005,80.407
Monaco,GAS,62.0,MEDIUM,61.0,46.318000000000005,78.469
Monaco,GAS,63.0,MEDIUM,62.0,46.318000000000005,79.155
Monaco,GAS,64.0,MEDIUM,63.0,46.318000000000005,78.868
Monaco,GAS,65.0,MEDIUM,64.0,46.318000000000005,79.22
Monaco,GAS,66.0,MEDIUM,65.0,46.318000000000005,78.726
Monaco,GAS,67.0,MEDIUM,66.0,46.318000000000005,78.624
Monaco,GAS,68.0,MEDIUM,67.0,46.318000000000005,78.545
Monaco,GAS,69.0,MEDIUM,68.0,46.318000000000005,78.363
Monaco,GAS,70.0,MEDIUM,69.0,46.318000000000005,77.799
Monaco,GAS,71.0,MEDIUM,70.0,46.318000000000005,78.14
Monaco,GAS,72.0,MEDIUM,71.0,46.318000000000005,78.382
Monaco,GAS,73.0,MEDIUM,72.0,46.318000000000005,77.992
Monaco,GAS,74.0,MEDIUM,73.0,46.318000000000005,76.689
Monaco,GAS,75.0,MEDIUM,74.0,46.318000000000005,78.12
Monaco,GAS,76.0,MEDIUM,75.0,46.318000000000005,77.516
Monaco,GAS,77.0,MEDIUM,76.0,46.318000000000005,75.625
Monaco,ALO,4.0,MEDIUM,4.0,46.318000000000005,83.736
Monaco,ALO,5.0,MEDIUM,5.0,46.318000000000005,83.575
Monaco,ALO,6.0,MEDIUM,6.0,46.318000000000005,82.711
Monaco,ALO,7.0,MEDIUM,7.0,46.318000000000005,82.866
Monaco,ALO,8.0,MEDIUM,8.0,46.318000000000005,82.284
Monaco,ALO,9.0,MEDIUM,9.0,46.318000000000005,81.65
Monaco,ALO,10.0,MEDIUM,10.0,46.318000000000005,81.864
Monaco,ALO,11.0,MEDIUM,11.0,46.318000000000005,81.418
Monaco,ALO,12.0,MEDIUM,12.0,46.318000000000005,81.366
Monaco,ALO,13.0,MEDIUM,13.0,46.318000000000005,81.428
Monaco,ALO,14.0,MEDIUM,14.0,46.318000000000005,81.392
Monaco,ALO,15.0,MEDIUM,15.0,46.318000000000005,81.061
Monaco,ALO,16.0,MEDIUM,16.0,46.318000000000005,81.318
Monaco,ALO,17.0,MEDIUM,17.0,46.318000000000005,80.799
Monaco,ALO,18.0,MEDIUM,18.0,46.318000000000005,81.075
Monaco,ALO,19.0,MEDIUM,19.0,46.318000000000005,80.605
Monaco,ALO,20.0,MEDIUM,20.0,46.318000000000005,81.11
Monaco,ALO,21.0,MEDIUM,21.0,46.318000000000005,80.317
Monaco,ALO,22.0,MEDIUM,22.0,46.318000000000005,81.037
Monaco,ALO,23.0,MEDIUM,23.0,46.318000000000005,80.246
Monaco,ALO,24.0,MEDIUM,24.0,46.318000000000005,81.413
Monaco,ALO,25.0,MEDIUM,25.0,46.318000000000005,81.091
Monaco,ALO,26.0,MEDIUM,26.0,46.318000000000005,80.858
Monaco,ALO,27.0,MEDIUM,27.0,46.318000000000005,81.303
Monaco,ALO,28.0,MEDIUM,28.0,46.318000000000005,81.544
Monaco,ALO,29.0,MEDIUM,29.0,46.318000000000005,81.205
Monaco,ALO,30.0,MEDIUM,30.0,46.318000000000005,81.034
Monaco,ALO,31.0,MEDIUM,31.0,46.318000000000005,80.642
Monaco,ALO,32.0,MEDIUM,32.0,46.318000000000005,81.01
Monaco,ALO,33.0,MEDIUM,33.0,46.318000000000005,80.35
Monaco,ALO,34.0,MEDIUM,34.0,46.318000000000005,80.877
Monaco,ALO,35.0,MEDIUM,35.0,46.318000000000005,80.432
Monaco,ALO,36.0,MEDIUM,36.0,46.318000000000005,81.128
Monaco,ALO,37.0,MEDIUM,37.0,46.318000000000005,81.512
Monaco,ALO,38.0,MEDIUM,38.0,46.318000000000005,81.082
Monaco,ALO,39.0,MEDIUM,39.0,46.318000000000005,81.265
Monaco,ALO,40.0,MEDIUM,40.0,46.318000000000005,80.755
Monaco,ALO,41.0,MEDIUM,41.0,46.318000000000005,83.446
Monaco,ALO,42.0,MEDIUM,42.0,46.318000000000005,83.332
Monaco,ALO,43.0,MEDIUM,43.0,46.318000000000005,80.286
Monaco,ALO,44.0,MEDIUM,44.0,46.318000000000005,78.852
Monaco,ALO,45.0,MEDIUM,45.0,46.318000000000005,79.956
Monaco,ALO,46.0,MEDIUM,46.0,46.318000000000005,78.928
Monaco,ALO,47.0,MEDIUM,47.0,46.318000000000005,79.109
Monaco,ALO,48.0,MEDIUM,48.0,46.318000000000005,80.315
Monaco,ALO,49.0,MEDIUM,49.0,46.318000000000005,79.837
Monaco,ALO,50.0,MEDIUM,50.0,46.318000000000005,79.334
Monaco,ALO,51.0,MEDIUM,51.0,46.318000000000005,80.636
Monaco,ALO,52.0,MEDIUM,52.0,46.318000000000005,83.377
Monaco,ALO,53.0,MEDIUM,53.0,46.318000000000005,79.992
Monaco,ALO,54.0,MEDIUM,54.0,46.318000000000005,79.191
Monaco,ALO,55.0,MEDIUM,55.0,46.318000000000005,79.411
Monaco,ALO,56.0,MEDIUM,56.0,46.318000000000005,80.739
Monaco,ALO,57.0,MEDIUM,57.0,46.318000000000005,80.6
Monaco,ALO,58.0,MEDIUM,58.0,46.318000000000005,79.229
Monaco,ALO,59.0,MEDIUM,59.0,46.318000000000005,79.219
Monaco,ALO,60.0,MEDIUM,60.0,46.318000000000005,79.166
Monaco,ALO,61.0,MEDIUM,61.0,46.318000000000005,78.752
Monaco,ALO,62.0,MEDIUM,62.0,46.318000000000005,78.816
Monaco,ALO,63.0,MEDIUM,63.0,46.318000000000005,78.556
Monaco,ALO,64.0,MEDIUM,64.0,46.318000000000005,78.736
Monaco,ALO,65.0,MEDIUM,65.0,46.318000000000005,78.633
Monaco,ALO,66.0,MEDIUM,66.0,46.318000000000005,78.637
Monaco,ALO,67.0,MEDIUM,67.0,46.318000000000005,78.126
Monaco,ALO,68.0,MEDIUM,68.0,46.318000000000005,77.939
Monaco,ALO,69.0,MEDIUM,69.0,46.318000000000005,78.713
Monaco,ALO,70.0,MEDIUM,70.0,46.318000000000005,78.473
Monaco,ALO,71.0,MEDIUM,71.0,46.318000000000005,78.133
Monaco,ALO,72.0,MEDIUM,72.0,46.318000000000005,78.081
Monaco,ALO,73.0,MEDIUM,73.0,46.318000000000005,78.504
Monaco,ALO,74.0,MEDIUM,74.0,46.318000000000005,80.336
Monaco,ALO,75.0,MEDIUM,75.0,46.318000000000005,78.663
Monaco,ALO,76.0,MEDIUM,76.0,46.318000000000005,79.053
Monaco,RIC,4.0,HARD,4.0,46.318000000000005,83.524
Monaco,RIC,5.0,HARD,5.0,46.318000000000005,83.744
Monaco,RIC,6.0,HARD,6.0,46.318000000000005,82.748
Monaco,RIC,7.0,HARD,7.0,46.318000000000005,82.747
Monaco,RIC,8.0,HARD,8.0,46.318000000000005,82.433
Monaco,RIC,9.0,HARD,9.0,46.318000000000005,81.528
Monaco,RIC,10.0,HARD,10.0,46.318000000000005,81.976
Monaco,RIC,11.0,HARD,11.0,46.318000000000005,81.53
Monaco,RIC,12.0,HARD,12.0,46.318000000000005,81.277
Monaco,RIC,13.0,HARD,13.0,46.318000000000005,81.416
Monaco,RIC,14.0,HARD,14.0,46.318000000000005,81.391
Monaco,RIC,15.0,HARD,15.0,46.318000000000005,81.177
Monaco,RIC,16.0,HARD,16.0,46.318000000000005,81.125
Monaco,RIC,17.0,HARD,17.0,46.318000000000005,80.862
Monaco,RIC,18.0,HARD,18.0,46.318000000000005,81.108
Monaco,RIC,19.0,HARD,19.0,46.318000000000005,81.31
Monaco,RIC,20.0,HARD,20.0,46.318000000000005,80.942
Monaco,RIC,21.0,HARD,21.0,46.318000000000005,80.817
Monaco,RIC,22.0,HARD,22.0,46.318000000000005,80.849
Monaco,RIC,23.0,HARD,23.0,46.318000000000005,80.662
Monaco,RIC,24.0,HARD,24.0,46.318000000000005,80.348
Monaco,RIC,25.0,HARD,25.0,46.318000000000005,81.029
Monaco,RIC,26.0,HARD,26.0,46.318000000000005,80.691
Monaco,RIC,27.0,HARD,27.0,46.318000000000005,81.365
Monaco,RIC,28.0,HARD,28.0,46.318000000000005,81.566
Monaco,RIC,29.0,HARD,29.0,46.318000000000005,81.265
Monaco,RIC,30.0,HARD,30.0,46.318000000000005,80.9
Monaco,RIC,31.0,HARD,31.0,46.318000000000005,80.703
Monaco,RIC,32.0,HARD,32.0,46.318000000000005,80.94
Monaco,RIC,33.0,HARD,33.0,46.318000000000005,80.395
Monaco,RIC,34.0,HARD,34.0,46.318000000000005,80.84
Monaco,RIC,35.0,HARD,35.0,46.318000000000005,80.54
Monaco,RIC,36.0,HARD,36.0,46.318000000000005,81.126
Monaco,RIC,37.0,HARD,37.0,46.318000000000005,81.358
Monaco,RIC,38.0,HARD,38.0,46.318000000000005,81.099
Monaco,RIC,39.0,HARD,39.0,46.318000000000005,81.255
Monaco,RIC,40.0,HARD,40.0,46.318000000000005,80.87
Monaco,RIC,42.0,HARD,42.0,46.318000000000005,81.527
Monaco,RIC,43.0,HARD,43.0,46.318000000000005,81.053
Monaco,RIC,44.0,HARD,44.0,46.318000000000005,78.003
Monaco,RIC,45.0,HARD,45.0,46.318000000000005,81.761
Monaco,RIC,46.0,HARD,46.0,46.318000000000005,77.172
Monaco,RIC,47.0,HARD,47.0,46.318000000000005,81.071
Monaco,RIC,48.0,HARD,48.0,46.318000000000005,78.282
Monaco,RIC,49.0,HARD,49.0,46.318000000000005,79.837
Monaco,RIC,50.0,HARD,50.0,46.318000000000005,79.796
Monaco,RIC,51.0,HARD,51.0,46.318000000000005,82.683
Monaco,RIC,52.0,HARD,52.0,46.318000000000005,80.696
Monaco,RIC,53.0,HARD,53.0,46.318000000000005,80.079
Monaco,RIC,54.0,HARD,54.0,46.318000000000005,79.176
Monaco,RIC,55.0,HARD,55.0,46.318000000000005,79.457
Monaco,RIC,56.0,HARD,56.0,46.318000000000005,82.007
Monaco,RIC,57.0,HARD,57.0,46.318000000000005,79.672
Monaco,RIC,58.0,HARD,58.0,46.318000000000005,79.119
Monaco,RIC,59.0,HARD,59.0,46.318000000000005,78.936
Monaco,RIC,60.0,HARD,60.0,46.318000000000005,79.23
Monaco,RIC,61.0,HARD,61.0,46.318000000000005,78.771
Monaco,RIC,62.0,HARD,62.0,46.318000000000005,78.977
Monaco,RIC,63.0,HARD,63.0,46.318000000000005,78.805
Monaco,RIC,64.0,HARD,64.0,46.318000000000005,78.637
Monaco,RIC,65.0,HARD,65.0,46.318000000000005,78.73
Monaco,RIC,66.0,HARD,66.0,46.318000000000005,78.248
Monaco,RIC,67.0,HARD,67.0,46.318000000000005,78.219
Monaco,RIC,68.0,HARD,68.0,46.318000000000005,78.116
Monaco,RIC,69.0,HARD,69.0,46.318000000000005,78.386
Monaco,RIC,70.0,HARD,70.0,46.318000000000005,78.706
Monaco,RIC,71.0,HARD,71.0,46.318000000000005,78.108
Monaco,RIC,72.0,HARD,72.0,46.318000000000005,78.068
Monaco,RIC,73.0,HARD,73.0,46.318000000000005,78.512
Monaco,RIC,74.0,HARD,74.0,46.318000000000005,80.358
Monaco,RIC,75.0,HARD,75.0,46.318000000000005,78.645
Monaco,RIC,76.0,HARD,76.0,46.318000000000005,78.93
Monaco,BOT,4.0,MEDIUM,3.0,46.318000000000005,83.386
Monaco,BOT,5.0,MEDIUM,4.0,46.318000000000005,83.636
Monaco,BOT,6.0,MEDIUM,5.0,46.318000000000005,82.868
Monaco,BOT,7.0,MEDIUM,6.0,46.318000000000005,82.832
Monaco,BOT,8.0,MEDIUM,7.0,46.318000000000005,82.249
Monaco,BOT,9.0,MEDIUM,8.0,46.318000000000005,81.715
Monaco,BOT,10.0,MEDIUM,9.0,46.318000000000005,81.947
Monaco,BOT,11.0,MEDIUM,10.0,46.318000000000005,81.547
Monaco,BOT,12.0,MEDIUM,11.0,46.318000000000005,81.328
Monaco,BOT,13.0,MEDIUM,12.0,46.318000000000005,81.54
Monaco,BOT,14.0,MEDIUM,13.0,46.318000000000005,81.221
Monaco,BOT,16.0,HARD,2.0,46.318000000000005,80.012
Monaco,BOT,17.0,HARD,3.0,46.318000000000005,76.561
Monaco,BOT,18.0,HARD,4.0,46.318000000000005,76.567
Monaco,BOT,19.0,HARD,5.0,46.318000000000005,77.829
Monaco,BOT,20.0,HARD,6.0,46.318000000000005,79.124
Monaco,BOT,21.0,HARD,7.0,46.318000000000005,80.462
Monaco,BOT,22.0,HARD,8.0,46.318000000000005,81.022
Monaco,BOT,23.0,HARD,9.0,46.318000000000005,80.75
Monaco,BOT,24.0,HARD,10.0,46.318000000000005,80.564
Monaco,BOT,25.0,HARD,11.0,46.318000000000005,80.783
Monaco,BOT,26.0,HARD,12.0,46.318000000000005,80.851
Monaco,BOT,27.0,HARD,13.0,46.318000000000005,81.37
Monaco,BOT,28.0,HARD,14.0,46.318000000000005,81.765
Monaco,BOT,29.0,HARD,15.0,46.318000000000005,80.857
Monaco,BOT,30.0,HARD,16.0,46.318000000000005,81.47
Monaco,BOT,31.0,HARD,17.0,46.318000000000005,80.752
Monaco,BOT,32.0,HARD,18.0,46.318000000000005,80.658
Monaco,BOT,33.0,HARD,19.0,46.318000000000005,80.525
Monaco,BOT,34.0,HARD,20.0,46.318000000000005,80.903
Monaco,BOT,35.0,HARD,21.0,46.318000000000005,80.254
Monaco,BOT,36.0,HARD,22.0,46.318000000000005,81.196
Monaco,BOT,37.0,HARD,23.0,46.318000000000005,81.386
Monaco,BOT,38.0,HARD,24.0,46.318000000000005,80.948
Monaco,BOT,39.0,HARD,25.0,46.318000000000005,83.172
Monaco,BOT,40.0,HARD,26.0,46.318000000000005,83.591
Monaco,BOT,41.0,HARD,27.0,46.318000000000005,80.23
Monaco,BOT,42.0,HARD,28.0,46.318000000000005,82.109
Monaco,BOT,43.0,HARD,29.0,46.318000000000005,80.912
Monaco,BOT,44.0,HARD,30.0,46.318000000000005,79.772
Monaco,BOT,45.0,HARD,31.0,46.318000000000005,80.043
Monaco,BOT,46.0,HARD,32.0,46.318000000000005,80.417
Monaco,BOT,47.0,HARD,33.0,46.318000000000005,82.969
Monaco,BOT,48.0,HARD,34.0,46.318000000000005,80.562
Monaco,BOT,49.0,HARD,35.0,46.318000000000005,80.818
Monaco,BOT,50.0,HARD,36.0,46.318000000000005,80.239
Monaco,BOT,51.0,HARD,37.0,46.318000000000005,77.205
Monaco,BOT,52.0,HARD,38.0,46.318000000000005,77.202
Monaco,BOT,53.0,HARD,39.0,46.318000000000005,78.456
Monaco,BOT,54.0,HARD,40.0,46.318000000000005,79.403
Monaco,BOT,55.0,HARD,41.0,46.318000000000005,80.375
Monaco,BOT,56.0,HARD,42.0,46.318000000000005,81.657
Monaco,BOT,57.0,HARD,43.0,46.318000000000005,78.994
Monaco,BOT,58.0,HARD,44.0,46.318000000000005,79.28
Monaco,BOT,59.0,HARD,45.0,46.318000000000005,78.999
Monaco,BOT,60.0,HARD,46.0,46.318000000000005,79.069
Monaco,BOT,61.0,HARD,47.0,46.318000000000005,78.623
Monaco,BOT,62.0,HARD,48.0,46.318000000000005,78.964
Monaco,BOT,63.0,HARD,49.0,46.318000000000005,79.024
Monaco,BOT,64.0,HARD,50.0,46.318000000000005,78.531
Monaco,BOT,65.0,HARD,51.0,46.318000000000005,78.642
Monaco,BOT,66.0,HARD,52.0,46.318000000000005,78.383
Monaco,BOT,67.0,HARD,53.0,46.318000000000005,78.467
Monaco,BOT,68.0,HARD,54.0,46.318000000000005,78.052
Monaco,BOT,69.0,HARD,55.0,46.318000000000005,78.088
Monaco,BOT,70.0,HARD,56.0,46.318000000000005,78.778
Monaco,BOT,71.0,HARD,57.0,46.318000000000005,78.104
Monaco,BOT,72.0,HARD,58.0,46.318000000000005,78.347
Monaco,BOT,73.0,HARD,59.0,46.318000000000005,80.068
Monaco,BOT,74.0,HARD,60.0,46.318000000000005,78.318
Monaco,BOT,75.0,HARD,61.0,46.318000000000005,78.779
Monaco,BOT,76.0,HARD,62.0,46.318000000000005,78.774
Monaco,STR,4.0,MEDIUM,4.0,46.318000000000005,83.354
Monaco,STR,5.0,MEDIUM,5.0,46.318000000000005,83.731
Monaco,STR,6.0,MEDIUM,6.0,46.318000000000005,82.977
Monaco,STR,7.0,MEDIUM,7.0,46.318000000000005,82.634
Monaco,STR,8.0,MEDIUM,8.0,46.318000000000005,81.653
Monaco,STR,9.0,MEDIUM,9.0,46.318000000000005,82.09
Monaco,STR,10.0,MEDIUM,10.0,46.318000000000005,81.725
Monaco,STR,11.0,MEDIUM,11.0,46.318000000000005,81.517
Monaco,STR,12.0,MEDIUM,12.0,46.318000000000005,81.471
Monaco,STR,13.0,MEDIUM,13.0,46.318000000000005,81.314
Monaco,STR,14.0,MEDIUM,14.0,46.318000000000005,80.427
Monaco,STR,15.0,MEDIUM,15.0,46.318000000000005,80.781
Monaco,STR,16.0,MEDIUM,16.0,46.318000000000005,81.189
Monaco,STR,17.0,MEDIUM,17.0,46.318000000000005,81.97
Monaco,STR,18.0,MEDIUM,18.0,46.318000000000005,80.698
Monaco,STR,19.0,MEDIUM,19.0,46.318000000000005,80.353
Monaco,STR,20.0,MEDIUM,20.0,46.318000000000005,79.398
Monaco,STR,21.0,MEDIUM,21.0,46.318000000000005,79.016
Monaco,STR,22.0,MEDIUM,22.0,46.318000000000005,81.307
Monaco,STR,23.0,MEDIUM,23.0,46.318000000000005,81.188
Monaco,STR,24.0,MEDIUM,24.0,46.318000000000005,81.621
Monaco,STR,25.0,MEDIUM,25.0,46.318000000000005,80.506
Monaco,STR,26.0,MEDIUM,26.0,46.318000000000005,80.589
Monaco,STR,27.0,MEDIUM,27.0,46.318000000000005,80.307
Monaco,STR,28.0,MEDIUM,28.0,46.318000000000005,80.131
Monaco,STR,29.0,MEDIUM,29.0,46.318000000000005,79.464
Monaco,STR,30.0,MEDIUM,30.0,46.318000000000005,81.422
Monaco,STR,31.0,MEDIUM,31.0,46.318000000000005,82.535
Monaco,STR,32.0,MEDIUM,32.0,46.318000000000005,81.252
Monaco,STR,33.0,MEDIUM,33.0,46.318000000000005,80.536
Monaco,STR,34.0,MEDIUM,34.0,46.318000000000005,79.789
Monaco,STR,35.0,MEDIUM,35.0,46.318000000000005,79.497
Monaco,STR,36.0,MEDIUM,36.0,46.318000000000005,79.297
Monaco,STR,37.0,MEDIUM,37.0,46.318000000000005,79.638
Monaco,STR,38.0,MEDIUM,38.0,46.318000000000005,79.706
Monaco,STR,39.0,MEDIUM,39.0,46.318000000000005,79.867
Monaco,STR,40.0,MEDIUM,40.0,46.318000000000005,80.45
Monaco,STR,41.0,MEDIUM,41.0,46.318000000000005,80.2
Monaco,STR,43.0,HARD,3.0,46.318000000000005,82.775
Monaco,STR,44.0,HARD,4.0,46.318000000000005,78.551
Monaco,STR,45.0,HARD,5.0,46.318000000000005,78.806
Monaco,STR,46.0,HARD,6.0,46.318000000000005,78.296
Monaco,STR,47.0,HARD,7.0,46.318000000000005,78.062
Monaco,STR,49.0,SOFT,1.0,46.318000000000005,79.089
Monaco,STR,50.0,SOFT,2.0,46.318000000000005,77.788
Monaco,STR,51.0,SOFT,3.0,46.318000000000005,76.982
Monaco,STR,52.0,SOFT,4.0,46.318000000000005,77.35
Monaco,STR,53.0,SOFT,5.0,46.318000000000005,81.547
Monaco,STR,54.0,SOFT,6.0,46.318000000000005,80.571
Monaco,STR,55.0,SOFT,7.0,46.318000000000005,79.963
Monaco,STR,56.0,SOFT,8.0,46.318000000000005,77.279
Monaco,STR,57.0,SOFT,9.0,46.318000000000005,76.914
Monaco,STR,58.0,SOFT,10.0,46.318000000000005,77.156
Monaco,STR,59.0,SOFT,11.0,46.318000000000005,76.71
Monaco,STR,60.0,SOFT,12.0,46.318000000000005,77.326
Monaco,STR,61.0,SOFT,13.0,46.318000000000005,78.298
Monaco,STR,62.0,SOFT,14.0,46.318000000000005,79.07
Monaco,STR,63.0,SOFT,15.0,46.318000000000005,79.1
Monaco,STR,64.0,SOFT,16.0,46.318000000000005,78.425
Monaco,STR,65.0,SOFT,17.0,46.318000000000005,78.732
Monaco,STR,66.0,SOFT,18.0,46.318000000000005,78.748
Monaco,STR,67.0,SOFT,19.0,46.318000000000005,78.636
Monaco,STR,68.0,SOFT,20.0,46.318000000000005,78.057
Monaco,STR,69.0,SOFT,21.0,46.318000000000005,78.275
Monaco,STR,70.0,SOFT,22.0,46.318000000000005,78.557
Monaco,STR,71.0,SOFT,23.0,46.318000000000005,78.464
Monaco,STR,72.0,SOFT,24.0,46.318000000000005,78.332
Monaco,STR,73.0,SOFT,25.0,46.318000000000005,80.709
Monaco,STR,74.0,SOFT,26.0,46.318000000000005,78.23
Monaco,STR,75.0,SOFT,27.0,46.318000000000005,78.511
Monaco,STR,76.0,SOFT,28.0,46.318000000000005,78.623
Monaco,SAR,4.0,HARD,4.0,46.318000000000005,83.682
Monaco,SAR,5.0,HARD,5.0,46.318000000000005,83.674
Monaco,SAR,6.0,HARD,6.0,46.318000000000005,82.739
Monaco,SAR,7.0,HARD,7.0,46.318000000000005,82.899
Monaco,SAR,8.0,HARD,8.0,46.318000000000005,82.221
Monaco,SAR,9.0,HARD,9.0,46.318000000000005,81.679
Monaco,SAR,10.0,HARD,10.0,46.318000000000005,81.944
Monaco,SAR,11.0,HARD,11.0,46.318000000000005,81.492
Monaco,SAR,12.0,HARD,12.0,46.318000000000005,81.404
Monaco,SAR,13.0,HARD,13.0,46.318000000000005,81.499
Monaco,SAR,14.0,HARD,14.0,46.318000000000005,81.219
Monaco,SAR,15.0,HARD,15.0,46.318000000000005,81.34
Monaco,SAR,16.0,HARD,16.0,46.318000000000005,80.646
Monaco,SAR,17.0,HARD,17.0,46.318000000000005,81.016
Monaco,SAR,18.0,HARD,18.0,46.318000000000005,81.031
Monaco,SAR,19.0,HARD,19.0,46.318000000000005,81.221
Monaco,SAR,20.0,HARD,20.0,46.318000000000005,80.853
Monaco,SAR,21.0,HARD,21.0,46.318000000000005,80.849
Monaco,SAR,22.0,HARD,22.0,46.318000000000005,80.897
Monaco,SAR,23.0,HARD,23.0,46.318000000000005,80.593
Monaco,SAR,24.0,HARD,24.0,46.318000000000005,80.395
Monaco,SAR,25.0,HARD,25.0,46.318000000000005,80.903
Monaco,SAR,26.0,HARD,26.0,46.318000000000005,80.929
Monaco,SAR,27.0,HARD,27.0,46.318000000000005,81.231
Monaco,SAR,28.0,HARD,28.0,46.318000000000005,81.604
Monaco,SAR,29.0,HARD,29.0,46.318000000000005,81.334
Monaco,SAR,30.0,HARD,30.0,46.318000000000005,80.84
Monaco,SAR,31.0,HARD,31.0,46.318000000000005,80.775
Monaco,SAR,32.0,HARD,32.0,46.318000000000005,80.797
Monaco,SAR,33.0,HARD,33.0,46.318000000000005,80.53
Monaco,SAR,34.0,HARD,34.0,46.318000000000005,80.738
Monaco,SAR,35.0,HARD,35.0,46.318000000000005,80.584
Monaco,SAR,36.0,HARD,36.0,46.318000000000005,81.134
Monaco,SAR,37.0,HARD,37.0,46.318000000000005,81.404
Monaco,SAR,38.0,HARD,38.0,46.318000000000005,81.131
Monaco,SAR,39.0,HARD,39.0,46.318000000000005,81.273
Monaco,SAR,40.0,HARD,40.0,46.318000000000005,81.78
Monaco,SAR,41.0,HARD,41.0,46.318000000000005,84.378
Monaco,SAR,42.0,HARD,42.0,46.318000000000005,81.87
Monaco,SAR,43.0,HARD,43.0,46.318000000000005,80.552
Monaco,SAR,44.0,HARD,44.0,46.318000000000005,79.511
Monaco,SAR,45.0,HARD,45.0,46.318000000000005,80.72
Monaco,SAR,46.0,HARD,46.0,46.318000000000005,80.124
Monaco,SAR,47.0,HARD,47.0,46.318000000000005,79.888
Monaco,SAR,48.0,HARD,48.0,46.318000000000005,80.97
Monaco,SAR,49.0,HARD,49.0,46.318000000000005,83.966
Monaco,SAR,50.0,HARD,50.0,46.318000000000005,80.292
Monaco,SAR,51.0,HARD,51.0,46.318000000000005,81.817
Monaco,SAR,52.0,HARD,52.0,46.318000000000005,80.78
Monaco,SAR,53.0,HARD,53.0,46.318000000000005,81.318
Monaco,SAR,54.0,HARD,54.0,46.318000000000005,82.289
Monaco,SAR,55.0,HARD,55.0,46.318000000000005,80.342
Monaco,SAR,56.0,HARD,56.0,46.318000000000005,81.474
Monaco,SAR,58.0,MEDIUM,1.0,46.318000000000005,79.809
Monaco,SAR,59.0,MEDIUM,2.0,46.318000000000005,75.594
Monaco,SAR,60.0,MEDIUM,3.0,46.318000000000005,75.58
Monaco,SAR,61.0,MEDIUM,4.0,46.318000000000005,75.558
Monaco,SAR,62.0,MEDIUM,5.0,46.318000000000005,75.525
Monaco,SAR,63.0,MEDIUM,6.0,46.318000000000005,75.688
Monaco,SAR,64.0,MEDIUM,7.0,46.318000000000005,76.895
Monaco,SAR,65.0,MEDIUM,8.0,46.318000000000005,79.869
Monaco,SAR,66.0,MEDIUM,9.0,46.318000000000005,80.799
Monaco,SAR,67.0,MEDIUM,10.0,46.318000000000005,80.347
Monaco,SAR,68.0,MEDIUM,11.0,46.318000000000005,80.004
Monaco,SAR,69.0,MEDIUM,12.0,46.318000000000005,76.077
Monaco,SAR,70.0,MEDIUM,13.0,46.318000000000005,76.866
Monaco,SAR,71.0,MEDIUM,14.0,46.318000000000005,76.326
Monaco,SAR,72.0,MEDIUM,15.0,46.318000000000005,76.402
Monaco,SAR,73.0,MEDIUM,16.0,46.318000000000005,76.37
Monaco,SAR,74.0,MEDIUM,17.0,46.318000000000005,76.863
Monaco,SAR,75.0,MEDIUM,18.0,46.318000000000005,76.324
Monaco,SAR,76.0,MEDIUM,19.0,46.318000000000005,77.197
Monaco,ZHO,4.0,HARD,3.0,46.318000000000005,83.698
Monaco,ZHO,5.0,HARD,4.0,46.318000000000005,83.494
Monaco,ZHO,6.0,HARD,5.0,46.318000000000005,82.649
Monaco,ZHO,7.0,HARD,6.0,46.318000000000005,82.934
Monaco,ZHO,8.0,HARD,7.0,46.318000000000005,82.182
Monaco,ZHO,9.0,HARD,8.0,46.318000000000005,81.81
Monaco,ZHO,10.0,HARD,9.0,46.318000000000005,81.944
Monaco,ZHO,11.0,HARD,10.0,46.318000000000005,81.563
Monaco,ZHO,12.0,HARD,11.0,46.318000000000005,81.193
Monaco,ZHO,13.0,HARD,12.0,46.318000000000005,81.529
Monaco,ZHO,14.0,HARD,13.0,46.318000000000005,81.264
Monaco,ZHO,15.0,HARD,14.0,46.318000000000005,81.447
Monaco,ZHO,16.0,HARD,15.0,46.318000000000005,80.481
Monaco,ZHO,17.0,HARD,16.0,46.318000000000005,80.979
Monaco,ZHO,18.0,HARD,17.0,46.318000000000005,80.911
Monaco,ZHO,19.0,HARD,18.0,46.318000000000005,81.42
Monaco,ZHO,20.0,HARD,19.0,46.318000000000005,80.904
Monaco,ZHO,21.0,HARD,20.0,46.318000000000005,80.669
Monaco,ZHO,22.0,HARD,21.0,46.318000000000005,81.083
Monaco,ZHO,23.0,HARD,22.0,46.318000000000005,80.792
Monaco,ZHO,24.0,HARD,23.0,46.318000000000005,80.347
Monaco,ZHO,25.0,HARD,24.0,46.318000000000005,80.763
Monaco,ZHO,26.0,HARD,25.0,46.318000000000005,80.869
Monaco,ZHO,27.0,HARD,26.0,46.318000000000005,81.293
Monaco,ZHO,28.0,HARD,27.0,46.318000000000005,81.516
Monaco,ZHO,29.0,HARD,28.0,46.318000000000005,81.338
Monaco,ZHO,30.0,HARD,29.0,46.318000000000005,81.044
Monaco,ZHO,31.0,HARD,30.0,46.318000000000005,80.806
Monaco,ZHO,32.0,HARD,31.0,46.318000000000005,80.782
Monaco,ZHO,33.0,HARD,32.0,46.318000000000005,80.677
Monaco,ZHO,34.0,HARD,33.0,46.318000000000005,80.736
Monaco,ZHO,35.0,HARD,34.0,46.318000000000005,80.372
Monaco,ZHO,36.0,HARD,35.0,46.318000000000005,80.986
Monaco,ZHO,37.0,HARD,36.0,46.318000000000005,81.449
Monaco,ZHO,38.0,HARD,37.0,46.318000000000005,81.09
Monaco,ZHO,39.0,HARD,38.0,46.318000000000005,81.233
Monaco,ZHO,41.0,HARD,40.0,46.318000000000005,81.127
Monaco,ZHO,42.0,HARD,41.0,46.318000000000005,81.957
Monaco,ZHO,43.0,HARD,42.0,46.318000000000005,80.578
Monaco,ZHO,44.0,HARD,43.0,46.318000000000005,79.61
Monaco,ZHO,45.0,HARD,44.0,46.318000000000005,80.686
Monaco,ZHO,46.0,HARD,45.0,46.318000000000005,80.146
Monaco,ZHO,47.0,HARD,46.0,46.318000000000005,80.075
Monaco,ZHO,48.0,HARD,47.0,46.318000000000005,82.481
Monaco,ZHO,49.0,HARD,48.0,46.318000000000005,82.134
Monaco,ZHO,50.0,HARD,49.0,46.318000000000005,80.946
Monaco,ZHO,51.0,HARD,50.0,46.318000000000005,80.962
Monaco,ZHO,52.0,HARD,51.0,46.318000000000005,80.97
Monaco,ZHO,53.0,HARD,52.0,46.318000000000005,81.375
Monaco,ZHO,54.0,HARD,53.0,46.318000000000005,82.153
Monaco,ZHO,55.0,HARD,54.0,46.318000000000005,81.399
Monaco,ZHO,56.0,HARD,55.0,46.318000000000005,80.315
Monaco,ZHO,57.0,HARD,56.0,46.318000000000005,81.119
Monaco,ZHO,58.0,HARD,57.0,46.318000000000005,78.795
Monaco,ZHO,59.0,HARD,58.0,46.318000000000005,77.936
Monaco,ZHO,60.0,HARD,59.0,46.318000000000005,78.545
Monaco,ZHO,61.0,HARD,60.0,46.318000000000005,78.707
Monaco,ZHO,62.0,HARD,61.0,46.318000000000005,78.817
Monaco,ZHO,63.0,HARD,62.0,46.318000000000005,78.789
Monaco,ZHO,64.0,HARD,63.0,46.318000000000005,79.295
Monaco,ZHO,65.0,HARD,64.0,46.318000000000005,79.719
Monaco,ZHO,66.0,HARD,65.0,46.318000000000005,79.749
Monaco,ZHO,67.0,HARD,66.0,46.318000000000005,80.357
Monaco,ZHO,69.0,HARD,68.0,46.318000000000005,80.484
Monaco,ZHO,72.0,SOFT,2.0,46.318000000000005,80.585
Monaco,ZHO,73.0,SOFT,3.0,46.318000000000005,75.233
Monaco,ZHO,74.0,SOFT,4.0,46.318000000000005,80.473
Monaco,ZHO,75.0,SOFT,5.0,46.318000000000005,74.718
Monaco,ZHO,76.0,SOFT,6.0,46.318000000000005,77.173
Spain,VER,1.0,SOFT,4.0,41.096103896103905,83.186
Spain,VER,2.0,SOFT,5.0,41.096103896103905,79.871
Spain,VER,3.0,SOFT,6.0,41.096103896103905,79.364
Spain,VER,4.0,SOFT,7.0,41.096103896103905,80.766
Spain,VER,5.0,SOFT,8.0,41.096103896103905,80.827
Spain,VER,6.0,SOFT,9.0,41.096103896103905,80.876
Spain,VER,7.0,SOFT,10.0,41.096103896103905,80.973
Spain,VER,8.0,SOFT,11.0,41.096103896103905,80.989
Spain,VER,9.0,SOFT,12.0,41.096103896103905,81.042
Spain,VER,10.0,SOFT,13.0,41.096103896103905,81.003
Spain,VER,11.0,SOFT,14.0,41.096103896103905,80.954
Spain,VER,12.0,SOFT,15.0,41.096103896103905,81.376
Spain,VER,13.0,SOFT,16.0,41.096103896103905,80.807
Spain,VER,14.0,SOFT,17.0,41.096103896103905,80.989
Spain,VER,15.0,SOFT,18.0,41.096103896103905,81.097
Spain,VER,16.0,SOFT,19.0,41.096103896103905,81.223
Spain,VER,17.0,SOFT,20.0,41.096103896103905,84.876
Spain,VER,19.0,MEDIUM,2.0,41.096103896103905,79.725
Spain,VER,20.0,MEDIUM,3.0,41.096103896103905,79.966
Spain,VER,21.0,MEDIUM,4.0,41.096103896103905,80.304
Spain,VER,22.0,MEDIUM,5.0,41.096103896103905,79.742
Spain,VER,23.0,MEDIUM,6.0,41.096103896103905,79.605
Spain,VER,24.0,MEDIUM,7.0,41.096103896103905,79.701
Spain,VER,25.0,MEDIUM,8.0,41.096103896103905,79.363
Spain,VER,26.0,MEDIUM,9.0,41.096103896103905,79.882
Spain,VER,27.0,MEDIUM,10.0,41.096103896103905,79.694
Spain,VER,28.0,MEDIUM,11.0,41.096103896103905,80.101
Spain,VER,29.0,MEDIUM,12.0,41.096103896103905,79.792
Spain,VER,30.0,MEDIUM,13.0,41.096103896103905,79.807
Spain,VER,31.0,MEDIUM,14.0,41.096103896103905,80.011
Spain,VER,32.0,MEDIUM,15.0,41.096103896103905,79.891
Spain,VER,33.0,MEDIUM,16.0,41.096103896103905,79.836
Spain,VER,34.0,MEDIUM,17.0,41.096103896103905,79.958
Spain,VER,35.0,MEDIUM,18.0,41.096103896103905,80.185
Spain,VER,36.0,MEDIUM,19.0,41.096103896103905,79.926
Spain,VER,37.0,MEDIUM,20.0,41.096103896103905,79.803
Spain,VER,38.0,MEDIUM,21.0,41.096103896103905,79.813
Spain,VER,39.0,MEDIUM,22.0,41.096103896103905,79.669
Spain,VER,40.0,MEDIUM,23.0,41.096103896103905,80.31
Spain,VER,41.0,MEDIUM,24.0,41.096103896103905,79.648
Spain,VER,42.0,MEDIUM,25.0,41.096103896103905,79.92
Spain,VER,43.0,MEDIUM,26.0,41.096103896103905,80.301
Spain,VER,44.0,MEDIUM,27.0,41.096103896103905,83.427
Spain,VER,46.0,SOFT,2.0,41.096103896103905,77.886
Spain,VER,47.0,SOFT,3.0,41.096103896103905,77.998
Spain,VER,48.0,SOFT,4.0,41.096103896103905,78.416
Spain,VER,49.0,SOFT,5.0,41.096103896103905,78.254
Spain,VER,50.0,SOFT,6.0,41.096103896103905,78.074
Spain,VER,51.0,SOFT,7.0,41.096103896103905,77.958
Spain,VER,52.0,SOFT,8.0,41.096103896103905,77.931
Spain,VER,53.0,SOFT,9.0,41.096103896103905,78.14
Spain,VER,54.0,SOFT,10.0,41.096103896103905,77.776
Spain,VER,55.0,SOFT,11.0,41.096103896103905,78.021
Spain,VER,56.0,SOFT,12.0,41.096103896103905,78.354
Spain,VER,57.0,SOFT,13.0,41.096103896103905,78.127
Spain,VER,58.0,SOFT,14.0,41.096103896103905,78.187
Spain,VER,59.0,SOFT,15.0,41.096103896103905,78.114
Spain,VER,60.0,SOFT,16.0,41.096103896103905,78.165
Spain,VER,61.0,SOFT,17.0,41.096103896103905,78.36
Spain,VER,62.0,SOFT,18.0,41.096103896103905,78.301
Spain,VER,63.0,SOFT,19.0,41.096103896103905,78.543
Spain,VER,64.0,SOFT,20.0,41.096103896103905,79.072
Spain,VER,65.0,SOFT,21.0,41.096103896103905,79.467
Spain,VER,66.0,SOFT,22.0,41.096103896103905,79.774
Spain,NOR,1.0,SOFT,1.0,41.096103896103905,83.953
Spain,NOR,2.0,SOFT,2.0,41.096103896103905,80.215
Spain,NOR,3.0,SOFT,3.0,41.096103896103905,80.243
Spain,NOR,4.0,SOFT,4.0,41.096103896103905,80.702
Spain,NOR,5.0,SOFT,5.0,41.096103896103905,81.134
Spain,NOR,6.0,SOFT,6.0,41.096103896103905,81.056
Spain,NOR,7.0,SOFT,7.0,41.096103896103905,81.293
Spain,NOR,8.0,SOFT,8.0,41.096103896103905,81.443
Spain,NOR,9.0,SOFT,9.0,41.096103896103905,81.143
Spain,NOR,10.0,SOFT,10.0,41.096103896103905,81.223
Spain,NOR,11.0,SOFT,11.0,41.096103896103905,81.285
Spain,NOR,12.0,SOFT,12.0,41.096103896103905,81.354
Spain,NOR,13.0,SOFT,13.0,41.096103896103905,81.432
Spain,NOR,14.0,SOFT,14.0,41.096103896103905,81.66
Spain,NOR,15.0,SOFT,15.0,41.096103896103905,81.541
Spain,NOR,16.0,SOFT,16.0,41.096103896103905,80.471
Spain,NOR,17.0,SOFT,17.0,41.096103896103905,80.908
Spain,NOR,18.0,SOFT,18.0,41.096103896103905,80.447
Spain,NOR,19.0,SOFT,19.0,41.096103896103905,80.635
Spain,NOR,20.0,SOFT,20.0,41.096103896103905,80.816
Spain,NOR,21.0,SOFT,21.0,41.096103896103905,80.907
Spain,NOR,22.0,SOFT,22.0,41.096103896103905,80.928
Spain,NOR,23.0,SOFT,23.0,41.096103896103905,85.185
Spain,NOR,25.0,MEDIUM,2.0,41.096103896103905,78.503
Spain,NOR,26.0,MEDIUM,3.0,41.096103896103905,79.856
Spain,NOR,27.0,MEDIUM,4.0,41.096103896103905,79.317
Spain,NOR,28.0,MEDIUM,5.0,41.096103896103905,79.835
Spain,NOR,29.0,MEDIUM,6.0,41.096103896103905,79.72
Spain,NOR,30.0,MEDIUM,7.0,41.096103896103905,79.389
Spain,NOR,31.0,MEDIUM,8.0,41.096103896103905,80.145
Spain,NOR,32.0,MEDIUM,9.0,41.096103896103905,79.868
Spain,NOR,33.0,MEDIUM,10.0,41.096103896103905,80.09
Spain,NOR,34.0,MEDIUM,11.0,41.096103896103905,79.855
Spain,NOR,35.0,MEDIUM,12.0,41.096103896103905,80.478
Spain,NOR,36.0,MEDIUM,13.0,41.096103896103905,79.447
Spain,NOR,37.0,MEDIUM,14.0,41.096103896103905,79.225
Spain,NOR,38.0,MEDIUM,15.0,41.096103896103905,79.307
Spain,NOR,39.0,MEDIUM,16.0,41.096103896103905,79.215
Spain,NOR,40.0,MEDIUM,17.0,41.096103896103905,79.745
Spain,NOR,41.0,MEDIUM,18.0,41.096103896103905,78.911
Spain,NOR,42.0,MEDIUM,19.0,41.096103896103905,79.511
Spain,NOR,43.0,MEDIUM,20.0,41.096103896103905,79.499
Spain,NOR,44.0,MEDIUM,21.0,41.096103896103905,79.457
Spain,NOR,45.0,MEDIUM,22.0,41.096103896103905,78.754
Spain,NOR,46.0,MEDIUM,23.0,41.096103896103905,79.419
Spain,NOR,47.0,MEDIUM,24.0,41.096103896103905,82.986
Spain,NOR,49.0,SOFT,5.0,41.096103896103905,77.377
Spain,NOR,50.0,SOFT,6.0,41.096103896103905,77.94
Spain,NOR,51.0,SOFT,7.0,41.096103896103905,77.115
Spain,NOR,52.0,SOFT,8.0,41.096103896103905,77.654
Spain,NOR,53.0,SOFT,9.0,41.096103896103905,77.914
Spain,NOR,54.0,SOFT,10.0,41.096103896103905,77.987
Spain,NOR,55.0,SOFT,11.0,41.096103896103905,78.363
Spain,NOR,56.0,SOFT,12.0,41.096103896103905,77.627
Spain,NOR,57.0,SOFT,13.0,41.096103896103905,77.893
Spain,NOR,58.0,SOFT,14.0,41.096103896103905,78.259
Spain,NOR,59.0,SOFT,15.0,41.096103896103905,77.945
Spain,NOR,60.0,SOFT,16.0,41.096103896103905,78.271
Spain,NOR,61.0,SOFT,17.0,41.096103896103905,77.805
Spain,NOR,62.0,SOFT,18.0,41.096103896103905,78.08
Spain,NOR,63.0,SOFT,19.0,41.096103896103905,78.174
Spain,NOR,64.0,SOFT,20.0,41.096103896103905,78.282
Spain,NOR,65.0,SOFT,21.0,41.096103896103905,78.773
Spain,NOR,66.0,SOFT,22.0,41.096103896103905,79.682
Spain,HAM,1.0,SOFT,4.0,41.096103896103905,84.441
Spain,HAM,2.0,SOFT,5.0,41.096103896103905,80.594
Spain,HAM,3.0,SOFT,6.0,41.096103896103905,80.421
Spain,HAM,4.0,SOFT,7.0,41.096103896103905,80.496
Spain,HAM,5.0,SOFT,8.0,41.096103896103905,81.05
Spain,HAM,6.0,SOFT,9.0,41.096103896103905,81.2
Spain,HAM,7.0,SOFT,10.0,41.096103896103905,81.223
Spain,HAM,8.0,SOFT,11.0,41.096103896103905,81.538
Spain,HAM,9.0,SOFT,12.0,41.096103896103905,81.207
Spain,HAM,10.0,SOFT,13.0,41.096103896103905,81.38
Spain,HAM,11.0,SOFT,14.0,41.096103896103905,81.192
Spain,HAM,12.0,SOFT,15.0,41.096103896103905,81.505
Spain,HAM,13.0,SOFT,16.0,41.096103896103905,81.45
Spain,HAM,14.0,SOFT,17.0,41.096103896103905,81.601
Spain,HAM,15.0,SOFT,18.0,41.096103896103905,81.977
Spain,HAM,16.0,SOFT,19.0,41.096103896103905,84.966
Spain,HAM,18.0,MEDIUM,2.0,41.096103896103905,80.038
Spain,HAM,19.0,MEDIUM,3.0,41.096103896103905,79.307
Spain,HAM,20.0,MEDIUM,4.0,41.096103896103905,79.703
Spain,HAM,21.0,MEDIUM,5.0,41.096103896103905,79.915
Spain,HAM,22.0,MEDIUM,6.0,41.096103896103905,80.008
Spain,HAM,23.0,MEDIUM,7.0,41.096103896103905,79.788
Spain,HAM,24.0,MEDIUM,8.0,41.096103896103905,80.059
Spain,HAM,25.0,MEDIUM,9.0,41.096103896103905,79.972
Spain,HAM,26.0,MEDIUM,10.0,41.096103896103905,79.915
Spain,HAM,27.0,MEDIUM,11.0,41.096103896103905,80.59
Spain,HAM,28.0,MEDIUM,12.0,41.096103896103905,80.236
Spain,HAM,29.0,MEDIUM,13.0,41.096103896103905,79.757
Spain,HAM,30.0,MEDIUM,14.0,41.096103896103905,79.896
Spain,HAM,31.0,MEDIUM,15.0,41.096103896103905,80.327
Spain,HAM,32.0,MEDIUM,16.0,41.096103896103905,81.357
Spain,HAM,33.0,MEDIUM,17.0,41.096103896103905,80.258
Spain,HAM,34.0,MEDIUM,18.0,41.096103896103905,79.986
Spain,HAM,35.0,MEDIUM,19.0,41.096103896103905,80.651
Spain,HAM,36.0,MEDIUM,20.0,41.096103896103905,80.606
Spain,HAM,37.0,MEDIUM,21.0,41.096103896103905,79.404
Spain,HAM,38.0,MEDIUM,22.0,41.096103896103905,79.658
Spain,HAM,39.0,MEDIUM,23.0,41.096103896103905,80.037
Spain,HAM,40.0,MEDIUM,24.0,41.096103896103905,80.032
Spain,HAM,41.0,MEDIUM,25.0,41.096103896103905,79.6
Spain,HAM,42.0,MEDIUM,26.0,41.096103896103905,80.224
Spain,HAM,43.0,MEDIUM,27.0,41.096103896103905,84.149
Spain,HAM,45.0,SOFT,5.0,41.096103896103905,78.759
Spain,HAM,46.0,SOFT,6.0,41.096103896103905,77.809
Spain,HAM,47.0,SOFT,7.0,41.096103896103905,78.212
Spain,HAM,48.0,SOFT,8.0,41.096103896103905,78.84
Spain,HAM,49.0,SOFT,9.0,41.096103896103905,78.976
Spain,HAM,50.0,SOFT,10.0,41.096103896103905,78.209
Spain,HAM,51.0,SOFT,11.0,41.096103896103905,78.277
Spain,HAM,52.0,SOFT,12.0,41.096103896103905,78.417
Spain,HAM,53.0,SOFT,13.0,41.096103896103905,78.605
Spain,HAM,54.0,SOFT,14.0,41.096103896103905,78.533
Spain,HAM,55.0,SOFT,15.0,41.096103896103905,78.788
Spain,HAM,56.0,SOFT,16.0,41.096103896103905,78.432
Spain,HAM,57.0,SOFT,17.0,41.096103896103905,78.623
Spain,HAM,58.0,SOFT,18.0,41.096103896103905,78.688
Spain,HAM,59.0,SOFT,19.0,41.096103896103905,78.64
Spain,HAM,60.0,SOFT,20.0,41.096103896103905,78.635
Spain,HAM,61.0,SOFT,21.0,41.096103896103905,78.839
Spain,HAM,62.0,SOFT,22.0,41.096103896103905,79.337
Spain,HAM,63.0,SOFT,23.0,41.096103896103905,78.942
Spain,HAM,64.0,SOFT,24.0,41.096103896103905,79.166
Spain,HAM,65.0,SOFT,25.0,41.096103896103905,79.009
Spain,HAM,66.0,SOFT,26.0,41.096103896103905,80.041
Spain,RUS,1.0,SOFT,4.0,41.096103896103905,82.568
Spain,RUS,2.0,SOFT,5.0,41.096103896103905,79.857
Spain,RUS,3.0,SOFT,6.0,41.096103896103905,81.103
Spain,RUS,4.0,SOFT,7.0,41.096103896103905,80.843
Spain,RUS,5.0,SOFT,8.0,41.096103896103905,80.923
Spain,RUS,6.0,SOFT,9.0,41.096103896103905,81.07
Spain,RUS,7.0,SOFT,10.0,41.096103896103905,81.306
Spain,RUS,8.0,SOFT,11.0,41.096103896103905,81.436
Spain,RUS,9.0,SOFT,12.0,41.096103896103905,81.168
Spain,RUS,10.0,SOFT,13.0,41.096103896103905,81.308
Spain,RUS,11.0,SOFT,14.0,41.096103896103905,81.061
Spain,RUS,12.0,SOFT,15.0,41.096103896103905,81.383
Spain,RUS,13.0,SOFT,16.0,41.096103896103905,81.365
Spain,RUS,14.0,SOFT,17.0,41.096103896103905,81.482
Spain,RUS,15.0,SOFT,18.0,41.096103896103905,85.364
Spain,RUS,17.0,MEDIUM,2.0,41.096103896103905,80.277
Spain,RUS,18.0,MEDIUM,3.0,41.096103896103905,79.511
Spain,RUS,19.0,MEDIUM,4.0,41.096103896103905,79.539
Spain,RUS,20.0,MEDIUM,5.0,41.096103896103905,79.972
Spain,RUS,21.0,MEDIUM,6.0,41.096103896103905,80.34
Spain,RUS,22.0,MEDIUM,7.0,41.096103896103905,80.093
Spain,RUS,23.0,MEDIUM,8.0,41.096103896103905,79.871
Spain,RUS,24.0,MEDIUM,9.0,41.096103896103905,80.032
Spain,RUS,25.0,MEDIUM,10.0,41.096103896103905,79.772
Spain,RUS,26.0,MEDIUM,11.0,41.096103896103905,80.279
Spain,RUS,27.0,MEDIUM,12.0,41.096103896103905,80.222
Spain,RUS,28.0,MEDIUM,13.0,41.096103896103905,80.201
Spain,RUS,29.0,MEDIUM,14.0,41.096103896103905,80.027
Spain,RUS,30.0,MEDIUM,15.0,41.096103896103905,80.038
Spain,RUS,31.0,MEDIUM,16.0,41.096103896103905,80.338
Spain,RUS,32.0,MEDIUM,17.0,41.096103896103905,80.301
Spain,RUS,33.0,MEDIUM,18.0,41.096103896103905,80.178
Spain,RUS,34.0,MEDIUM,19.0,41.096103896103905,80.204
Spain,RUS,35.0,MEDIUM,20.0,41.096103896103905,82.129
Spain,RUS,36.0,MEDIUM,21.0,41.096103896103905,84.372
Spain,RUS,38.0,HARD,2.0,41.096103896103905,78.367
Spain,RUS,39.0,HARD,3.0,41.096103896103905,78.964
Spain,RUS,40.0,HARD,4.0,41.096103896103905,79.428
Spain,RUS,41.0,HARD,5.0,41.096103896103905,78.982
Spain,RUS,42.0,HARD,6.0,41.096103896103905,79.033
Spain,RUS,43.0,HARD,7.0,41.096103896103905,79.306
Spain,RUS,44.0,HARD,8.0,41.096103896103905,79.019
Spain,RUS,45.0,HARD,9.0,41.096103896103905,79.632
Spain,RUS,46.0,HARD,10.0,41.096103896103905,78.291
Spain,RUS,47.0,HARD,11.0,41.096103896103905,78.486
Spain,RUS,48.0,HARD,12.0,41.096103896103905,80.06
Spain,RUS,49.0,HARD,13.0,41.096103896103905,78.681
Spain,RUS,50.0,HARD,14.0,41.096103896103905,78.29
Spain,RUS,51.0,HARD,15.0,41.096103896103905,78.726
Spain,RUS,52.0,HARD,16.0,41.096103896103905,80.241
Spain,RUS,53.0,HARD,17.0,41.096103896103905,78.863
Spain,RUS,54.0,HARD,18.0,41.096103896103905,78.86
Spain,RUS,55.0,HARD,19.0,41.096103896103905,78.572
Spain,RUS,56.0,HARD,20.0,41.096103896103905,78.792
Spain,RUS,57.0,HARD,21.0,41.096103896103905,78.956
Spain,RUS,58.0,HARD,22.0,41.096103896103905,78.641
Spain,RUS,59.0,HARD,23.0,41.096103896103905,78.877
Spain,RUS,60.0,HARD,24.0,41.096103896103905,79.108
Spain,RUS,61.0,HARD,25.0,41.096103896103905,79.267
Spain,RUS,62.0,HARD,26.0,41.096103896103905,79.304
Spain,RUS,63.0,HARD,27.0,41.096103896103905,79.52
Spain,RUS,64.0,HARD,28.0,41.096103896103905,79.372
Spain,RUS,65.0,HARD,29.0,41.096103896103905,79.634
Spain,RUS,66.0,HARD,30.0,41.096103896103905,79.751
Spain,LEC,1.0,SOFT,1.0,41.096103896103905,85.423
Spain,LEC,2.0,SOFT,2.0,41.096103896103905,80.842
Spain,LEC,3.0,SOFT,3.0,41.096103896103905,81.287
Spain,LEC,4.0,SOFT,4.0,41.096103896103905,80.569
Spain,LEC,5.0,SOFT,5.0,41.096103896103905,80.932
Spain,LEC,6.0,SOFT,6.0,41.096103896103905,81.227
Spain,LEC,7.0,SOFT,7.0,41.096103896103905,80.996
Spain,LEC,8.0,SOFT,8.0,41.096103896103905,81.393
Spain,LEC,9.0,SOFT,9.0,41.096103896103905,81.33
Spain,LEC,10.0,SOFT,10.0,41.096103896103905,81.014
Spain,LEC,11.0,SOFT,11.0,41.096103896103905,81.476
Spain,LEC,12.0,SOFT,12.0,41.096103896103905,81.561
Spain,LEC,13.0,SOFT,13.0,41.096103896103905,81.275
Spain,LEC,14.0,SOFT,14.0,41.096103896103905,81.594
Spain,LEC,15.0,SOFT,15.0,41.096103896103905,81.703
Spain,LEC,16.0,SOFT,16.0,41.096103896103905,80.893
Spain,LEC,17.0,SOFT,17.0,41.096103896103905,81.123
Spain,LEC,18.0,SOFT,18.0,41.096103896103905,80.915
Spain,LEC,19.0,SOFT,19.0,41.096103896103905,81.096
Spain,LEC,20.0,SOFT,20.0,41.096103896103905,81.159
Spain,LEC,21.0,SOFT,21.0,41.096103896103905,81.497
Spain,LEC,22.0,SOFT,22.0,41.096103896103905,81.451
Spain,LEC,23.0,SOFT,23.0,41.096103896103905,81.723
Spain,LEC,24.0,SOFT,24.0,41.096103896103905,85.337
Spain,LEC,26.0,MEDIUM,2.0,41.096103896103905,79.381
Spain,LEC,27.0,MEDIUM,3.0,41.096103896103905,78.811
Spain,LEC,28.0,MEDIUM,4.0,41.096103896103905,79.324
Spain,LEC,29.0,MEDIUM,5.0,41.096103896103905,79.482
Spain,LEC,30.0,MEDIUM,6.0,41.096103896103905,79.675
Spain,LEC,31.0,MEDIUM,7.0,41.096103896103905,79.791
Spain,LEC,32.0,MEDIUM,8.0,41.096103896103905,79.509
Spain,LEC,33.0,MEDIUM,9.0,41.096103896103905,79.535
Spain,LEC,34.0,MEDIUM,10.0,41.096103896103905,79.61
Spain,LEC,35.0,MEDIUM,11.0,41.096103896103905,80.177
Spain,LEC,36.0,MEDIUM,12.0,41.096103896103905,79.907
Spain,LEC,37.0,MEDIUM,13.0,41.096103896103905,79.553
Spain,LEC,38.0,MEDIUM,14.0,41.096103896103905,79.64
Spain,LEC,39.0,MEDIUM,15.0,41.096103896103905,79.459
Spain,LEC,40.0,MEDIUM,16.0,41.096103896103905,79.665
Spain,LEC,41.0,MEDIUM,17.0,41.096103896103905,79.662
Spain,LEC,42.0,MEDIUM,18.0,41.096103896103905,79.781
Spain,LEC,43.0,MEDIUM,19.0,41.096103896103905,79.981
Spain,LEC,44.0,MEDIUM,20.0,41.096103896103905,80.064
Spain,LEC,45.0,MEDIUM,21.0,41.096103896103905,79.901
Spain,LEC,46.0,MEDIUM,22.0,41.096103896103905,80.001
Spain,LEC,47.0,MEDIUM,23.0,41.096103896103905,83.761
Spain,LEC,49.0,SOFT,5.0,41.096103896103905,78.09
Spain,LEC,50.0,SOFT,6.0,41.096103896103905,78.182
Spain,LEC,51.0,SOFT,7.0,41.096103896103905,78.179
Spain,LEC,52.0,SOFT,8.0,41.096103896103905,77.897
Spain,LEC,53.0,SOFT,9.0,41.096103896103905,77.956
Spain,LEC,54.0,SOFT,10.0,41.096103896103905,78.385
Spain,LEC,55.0,SOFT,11.0,41.096103896103905,78.551
Spain,LEC,56.0,SOFT,12.0,41.096103896103905,78.53
Spain,LEC,57.0,SOFT,13.0,41.096103896103905,78.11
Spain,LEC,58.0,SOFT,14.0,41.096103896103905,78.213
Spain,LEC,59.0,SOFT,15.0,41.096103896103905,78.185
Spain,LEC,60.0,SOFT,16.0,41.096103896103905,78.447
Spain,LEC,61.0,SOFT,17.0,41.096103896103905,78.735
Spain,LEC,62.0,SOFT,18.0,41.096103896103905,78.533
Spain,LEC,63.0,SOFT,19.0,41.096103896103905,78.965
Spain,LEC,64.0,SOFT,20.0,41.096103896103905,79.03
Spain,LEC,65.0,SOFT,21.0,41.096103896103905,79.074
Spain,LEC,66.0,SOFT,22.0,41.096103896103905,79.41
Spain,SAI,2.0,SOFT,2.0,41.096103896103905,80.666
Spain,SAI,3.0,SOFT,3.0,41.096103896103905,80.046
Spain,SAI,4.0,SOFT,4.0,41.096103896103905,80.626
Spain,SAI,5.0,SOFT,5.0,41.096103896103905,80.8
Spain,SAI,6.0,SOFT,6.0,41.096103896103905,81.217
Spain,SAI,7.0,SOFT,7.0,41.096103896103905,81.146
Spain,SAI,8.0,SOFT,8.0,41.096103896103905,81.309
Spain,SAI,9.0,SOFT,9.0,41.096103896103905,81.221
Spain,SAI,10.0,SOFT,10.0,41.096103896103905,81.052
Spain,SAI,11.0,SOFT,11.0,41.096103896103905,81.459
Spain,SAI,12.0,SOFT,12.0,41.096103896103905,81.62
Spain,SAI,13.0,SOFT,13.0,41.096103896103905,81.163
Spain,SAI,14.0,SOFT,14.0,41.096103896103905,81.646
Spain,SAI,15.0,SOFT,15.0,41.096103896103905,85.427
Spain,SAI,17.0,MEDIUM,2.0,41.096103896103905,80.665
Spain,SAI,18.0,MEDIUM,3.0,41.096103896103905,79.85
Spain,SAI,19.0,MEDIUM,4.0,41.096103896103905,81.079
Spain,SAI,20.0,MEDIUM,5.0,41.096103896103905,80.0
Spain,SAI,21.0,MEDIUM,6.0,41.096103896103905,80.125
Spain,SAI,22.0,MEDIUM,7.0,41.096103896103905,79.952
Spain,SAI,23.0,MEDIUM,8.0,41.096103896103905,80.261
Spain,SAI,24.0,MEDIUM,9.0,41.096103896103905,80.205
Spain,SAI,25.0,MEDIUM,10.0,41.096103896103905,79.709
Spain,SAI,26.0,MEDIUM,11.0,41.096103896103905,80.273
Spain,SAI,27.0,MEDIUM,12.0,41.096103896103905,81.788
Spain,SAI,28.0,MEDIUM,13.0,41.096103896103905,80.458
Spain,SAI,29.0,MEDIUM,14.0,41.096103896103905,80.061
Spain,SAI,30.0,MEDIUM,15.0,41.096103896103905,80.376
Spain,SAI,31.0,MEDIUM,16.0,41.096103896103905,80.642
Spain,SAI,32.0,MEDIUM,17.0,41.096103896103905,80.183
Spain,SAI,33.0,MEDIUM,18.0,41.096103896103905,80.145
Spain,SAI,34.0,MEDIUM,19.0,41.096103896103905,80.231
Spain,SAI,35.0,MEDIUM,20.0,41.096103896103905,80.708
Spain,SAI,36.0,MEDIUM,21.0,41.096103896103905,83.733
Spain,SAI,38.0,HARD,2.0,41.096103896103905,78.86
Spain,SAI,39.0,HARD,3.0,41.096103896103905,78.539
Spain,SAI,40.0,HARD,4.0,41.096103896103905,79.184
Spain,SAI,41.0,HARD,5.0,41.096103896103905,78.909
Spain,SAI,42.0,HARD,6.0,41.096103896103905,79.135
Spain,SAI,43.0,HARD,7.0,41.096103896103905,79.157
Spain,SAI,44.0,HARD,8.0,41.096103896103905,79.192
Spain,SAI,45.0,HARD,9.0,41.096103896103905,79.136
Spain,SAI,46.0,HARD,10.0,41.096103896103905,80.032
Spain,SAI,47.0,HARD,11.0,41.096103896103905,79.02
Spain,SAI,48.0,HARD,12.0,41.096103896103905,79.318
Spain,SAI,49.0,HARD,13.0,41.096103896103905,79.52
Spain,SAI,50.0,HARD,14.0,41.096103896103905,79.202
Spain,SAI,51.0,HARD,15.0,41.096103896103905,79.046
Spain,SAI,52.0,HARD,16.0,41.096103896103905,79.046
Spain,SAI,53.0,HARD,17.0,41.096103896103905,79.259
Spain,SAI,54.0,HARD,18.0,41.096103896103905,79.017
Spain,SAI,55.0,HARD,19.0,41.096103896103905,81.334
Spain,SAI,56.0,HARD,20.0,41.096103896103905,79.047
Spain,SAI,57.0,HARD,21.0,41.096103896103905,78.97
Spain,SAI,58.0,HARD,22.0,41.096103896103905,78.871
Spain,SAI,59.0,HARD,23.0,41.096103896103905,78.978
Spain,SAI,60.0,HARD,24.0,41.096103896103905,79.115
Spain,SAI,61.0,HARD,25.0,41.096103896103905,79.151
Spain,SAI,62.0,HARD,26.0,41.096103896103905,79.365
Spain,SAI,63.0,HARD,27.0,41.096103896103905,79.479
Spain,SAI,64.0,HARD,28.0,41.096103896103905,79.535
Spain,SAI,65.0,HARD,29.0,41.096103896103905,79.612
Spain,SAI,66.0,HARD,30.0,41.096103896103905,79.643
Spain,PIA,2.0,SOFT,5.0,41.096103896103905,81.607
Spain,PIA,3.0,SOFT,6.0,41.096103896103905,80.765
Spain,PIA,4.0,SOFT,7.0,41.096103896103905,80.797
Spain,PIA,5.0,SOFT,8.0,41.096103896103905,81.215
Spain,PIA,6.0,SOFT,9.0,41.096103896103905,81.056
Spain,PIA,7.0,SOFT,10.0,41.096103896103905,81.416
Spain,PIA,8.0,SOFT,11.0,41.096103896103905,81.53
Spain,PIA,9.0,SOFT,12.0,41.096103896103905,81.5
Spain,PIA,10.0,SOFT,13.0,41.096103896103905,82.049
Spain,PIA,11.0,SOFT,14.0,41.096103896103905,81.486
Spain,PIA,12.0,SOFT,15.0,41.096103896103905,81.683
Spain,PIA,13.0,SOFT,16.0,41.096103896103905,81.918
Spain,PIA,14.0,SOFT,17.0,41.096103896103905,82.316
Spain,PIA,15.0,SOFT,18.0,41.096103896103905,81.492
Spain,PIA,16.0,SOFT,19.0,41.096103896103905,81.532
Spain,PIA,17.0,SOFT,20.0,41.096103896103905,81.853
Spain,PIA,18.0,SOFT,21.0,41.096103896103905,81.505
Spain,PIA,19.0,SOFT,22.0,41.096103896103905,81.727
Spain,PIA,20.0,SOFT,23.0,41.096103896103905,81.883
Spain,PIA,23.0,MEDIUM,2.0,41.096103896103905,79.833
Spain,PIA,24.0,MEDIUM,3.0,41.096103896103905,79.991
Spain,PIA,25.0,MEDIUM,4.0,41.096103896103905,79.731
Spain,PIA,26.0,MEDIUM,5.0,41.096103896103905,79.853
Spain,PIA,27.0,MEDIUM,6.0,41.096103896103905,80.231
Spain,PIA,28.0,MEDIUM,7.0,41.096103896103905,80.626
Spain,PIA,29.0,MEDIUM,8.0,41.096103896103905,79.823
Spain,PIA,30.0,MEDIUM,9.0,41.096103896103905,80.01
Spain,PIA,31.0,MEDIUM,10.0,41.096103896103905,79.875
Spain,PIA,32.0,MEDIUM,11.0,41.096103896103905,80.425
Spain,PIA,33.0,MEDIUM,12.0,41.096103896103905,80.543
Spain,PIA,34.0,MEDIUM,13.0,41.096103896103905,79.656
Spain,PIA,35.0,MEDIUM,14.0,41.096103896103905,79.796
Spain,PIA,36.0,MEDIUM,15.0,41.096103896103905,79.728
Spain,PIA,37.0,MEDIUM,16.0,41.096103896103905,79.661
Spain,PIA,38.0,MEDIUM,17.0,41.096103896103905,79.785
Spain,PIA,39.0,MEDIUM,18.0,41.096103896103905,79.78
Spain,PIA,40.0,MEDIUM,19.0,41.096103896103905,79.659
Spain,PIA,41.0,MEDIUM,20.0,41.096103896103905,79.622
Spain,PIA,42.0,MEDIUM,21.0,41.096103896103905,79.93
Spain,PIA,43.0,MEDIUM,22.0,41.096103896103905,80.15
Spain,PIA,44.0,MEDIUM,23.0,41.096103896103905,79.925
Spain,PIA,45.0,MEDIUM,24.0,41.096103896103905,80.667
Spain,PIA,46.0,MEDIUM,25.0,41.096103896103905,84.084
Spain,PIA,48.0,SOFT,5.0,41.096103896103905,79.317
Spain,PIA,49.0,SOFT,6.0,41.096103896103905,78.159
Spain,PIA,50.0,SOFT,7.0,41.096103896103905,78.257
Spain,PIA,51.0,SOFT,8.0,41.096103896103905,78.181
Spain,PIA,52.0,SOFT,9.0,41.096103896103905,78.492
Spain,PIA,53.0,SOFT,10.0,41.096103896103905,78.223
Spain,PIA,54.0,SOFT,11.0,41.096103896103905,78.354
Spain,PIA,55.0,SOFT,12.0,41.096103896103905,77.941
Spain,PIA,56.0,SOFT,13.0,41.096103896103905,77.874
Spain,PIA,57.0,SOFT,14.0,41.096103896103905,78.293
Spain,PIA,58.0,SOFT,15.0,41.096103896103905,78.483
Spain,PIA,59.0,SOFT,16.0,41.096103896103905,78.337
Spain,PIA,60.0,SOFT,17.0,41.096103896103905,78.129
Spain,PIA,61.0,SOFT,18.0,41.096103896103905,77.977
Spain,PIA,62.0,SOFT,19.0,41.096103896103905,78.186
Spain,PIA,63.0,SOFT,20.0,41.096103896103905,78.587
Spain,PIA,64.0,SOFT,21.0,41.096103896103905,78.84
Spain,PIA,65.0,SOFT,22.0,41.096103896103905,79.297
Spain,PIA,66.0,SOFT,23.0,41.096103896103905,79.294
Spain,PER,2.0,SOFT,5.0,41.096103896103905,82.234
Spain,PER,3.0,SOFT,6.0,41.096103896103905,81.849
Spain,PER,4.0,SOFT,7.0,41.096103896103905,82.097
Spain,PER,5.0,SOFT,8.0,41.096103896103905,81.655
Spain,PER,6.0,SOFT,9.0,41.096103896103905,81.526
Spain,PER,7.0,SOFT,10.0,41.096103896103905,81.49
Spain,PER,8.0,SOFT,11.0,41.096103896103905,82.01
Spain,PER,9.0,SOFT,12.0,41.096103896103905,81.481
Spain,PER,10.0,SOFT,13.0,41.096103896103905,81.68
Spain,PER,11.0,SOFT,14.0,41.096103896103905,81.734
Spain,PER,12.0,SOFT,15.0,41.096103896103905,81.983
Spain,PER,13.0,SOFT,16.0,41.096103896103905,85.586
Spain,PER,15.0,SOFT,5.0,41.096103896103905,80.167
Spain,PER,16.0,SOFT,6.0,41.096103896103905,80.583
Spain,PER,17.0,SOFT,7.0,41.096103896103905,80.42
Spain,PER,18.0,SOFT,8.0,41.096103896103905,80.162
Spain,PER,19.0,SOFT,9.0,41.096103896103905,80.559
Spain,PER,20.0,SOFT,10.0,41.096103896103905,80.661
Spain,PER,21.0,SOFT,11.0,41.096103896103905,81.033
Spain,PER,22.0,SOFT,12.0,41.096103896103905,81.205
Spain,PER,23.0,SOFT,13.0,41.096103896103905,81.082
Spain,PER,24.0,SOFT,14.0,41.096103896103905,80.609
Spain,PER,25.0,SOFT,15.0,41.096103896103905,80.593
Spain,PER,26.0,SOFT,16.0,41.096103896103905,80.821
Spain,PER,27.0,SOFT,17.0,41.096103896103905,80.918
Spain,PER,28.0,SOFT,18.0,41.096103896103905,82.179
Spain,PER,29.0,SOFT,19.0,41.096103896103905,81.234
Spain,PER,30.0,SOFT,20.0,41.096103896103905,81.403
Spain,PER,31.0,SOFT,21.0,41.096103896103905,85.42
Spain,PER,33.0,MEDIUM,2.0,41.096103896103905,78.652
Spain,PER,34.0,MEDIUM,3.0,41.096103896103905,79.548
Spain,PER,35.0,MEDIUM,4.0,41.096103896103905,79.316
Spain,PER,36.0,MEDIUM,5.0,41.096103896103905,78.936
Spain,PER,37.0,MEDIUM,6.0,41.096103896103905,79.059
Spain,PER,38.0,MEDIUM,7.0,41.096103896103905,79.488
Spain,PER,39.0,MEDIUM,8.0,41.096103896103905,78.99
Spain,PER,40.0,MEDIUM,9.0,41.096103896103905,79.367
Spain,PER,41.0,MEDIUM,10.0,41.096103896103905,79.387
Spain,PER,42.0,MEDIUM,11.0,41.096103896103905,79.072
Spain,PER,43.0,MEDIUM,12.0,41.096103896103905,79.48
Spain,PER,44.0,MEDIUM,13.0,41.096103896103905,79.617
Spain,PER,45.0,MEDIUM,14.0,41.096103896103905,79.469
Spain,PER,46.0,MEDIUM,15.0,41.096103896103905,79.406
Spain,PER,47.0,MEDIUM,16.0,41.096103896103905,79.846
Spain,PER,48.0,MEDIUM,17.0,41.096103896103905,79.811
Spain,PER,49.0,MEDIUM,18.0,41.096103896103905,83.203
Spain,PER,51.0,SOFT,5.0,41.096103896103905,77.785
Spain,PER,52.0,SOFT,6.0,41.096103896103905,78.373
Spain,PER,53.0,SOFT,7.0,41.096103896103905,78.29
Spain,PER,54.0,SOFT,8.0,41.096103896103905,78.43
Spain,PER,55.0,SOFT,9.0,41.096103896103905,78.54
Spain,PER,56.0,SOFT,10.0,41.096103896103905,78.572
Spain,PER,57.0,SOFT,11.0,41.096103896103905,78.935
Spain,PER,58.0,SOFT,12.0,41.096103896103905,79.305
Spain,PER,59.0,SOFT,13.0,41.096103896103905,79.193
Spain,PER,60.0,SOFT,14.0,41.096103896103905,79.017
Spain,PER,61.0,SOFT,15.0,41.096103896103905,78.772
Spain,PER,62.0,SOFT,16.0,41.096103896103905,78.934
Spain,PER,63.0,SOFT,17.0,41.096103896103905,79.688
Spain,PER,64.0,SOFT,18.0,41.096103896103905,79.357
Spain,PER,65.0,SOFT,19.0,41.096103896103905,79.124
Spain,PER,66.0,SOFT,20.0,41.096103896103905,79.151
Spain,GAS,2.0,SOFT,5.0,41.096103896103905,81.157
Spain,GAS,3.0,SOFT,6.0,41.096103896103905,80.806
Spain,GAS,4.0,SOFT,7.0,41.096103896103905,80.679
Spain,GAS,5.0,SOFT,8.0,41.096103896103905,80.78
Spain,GAS,6.0,SOFT,9.0,41.096103896103905,81.303
Spain,GAS,7.0,SOFT,10.0,41.096103896103905,81.625
Spain,GAS,8.0,SOFT,11.0,41.096103896103905,81.748
Spain,GAS,9.0,SOFT,12.0,41.096103896103905,81.681
Spain,GAS,10.0,SOFT,13.0,41.096103896103905,81.711
Spain,GAS,11.0,SOFT,14.0,41.096103896103905,81.339
Spain,GAS,12.0,SOFT,15.0,41.096103896103905,81.638
Spain,GAS,13.0,SOFT,16.0,41.096103896103905,81.678
Spain,GAS,14.0,SOFT,17.0,41.096103896103905,85.491
Spain,GAS,16.0,MEDIUM,2.0,41.096103896103905,79.989
Spain,GAS,17.0,MEDIUM,3.0,41.096103896103905,80.203
Spain,GAS,18.0,MEDIUM,4.0,41.096103896103905,80.396
Spain,GAS,19.0,MEDIUM,5.0,41.096103896103905,80.432
Spain,GAS,20.0,MEDIUM,6.0,41.096103896103905,80.163
Spain,GAS,21.0,MEDIUM,7.0,41.096103896103905,80.678
Spain,GAS,22.0,MEDIUM,8.0,41.096103896103905,80.544
Spain,GAS,23.0,MEDIUM,9.0,41.096103896103905,80.419
Spain,GAS,24.0,MEDIUM,10.0,41.096103896103905,80.496
Spain,GAS,25.0,MEDIUM,11.0,41.096103896103905,80.637
Spain,GAS,26.0,MEDIUM,12.0,41.096103896103905,80.468
Spain,GAS,27.0,MEDIUM,13.0,41.096103896103905,81.618
Spain,GAS,28.0,MEDIUM,14.0,41.096103896103905,81.281
Spain,GAS,29.0,MEDIUM,15.0,41.096103896103905,80.92
Spain,GAS,30.0,MEDIUM,16.0,41.096103896103905,80.909
Spain,GAS,31.0,MEDIUM,17.0,41.096103896103905,80.944
Spain,GAS,32.0,MEDIUM,18.0,41.096103896103905,80.991
Spain,GAS,33.0,MEDIUM,19.0,41.096103896103905,80.939
Spain,GAS,34.0,MEDIUM,20.0,41.096103896103905,82.534
Spain,GAS,35.0,MEDIUM,21.0,41.096103896103905,81.527
Spain,GAS,36.0,MEDIUM,22.0,41.096103896103905,81.01
Spain,GAS,37.0,MEDIUM,23.0,41.096103896103905,81.282
Spain,GAS,38.0,MEDIUM,24.0,41.096103896103905,85.413
Spain,GAS,40.0,HARD,2.0,41.096103896103905,79.539
Spain,GAS,41.0,HARD,3.0,41.096103896103905,80.018
Spain,GAS,42.0,HARD,4.0,41.096103896103905,79.64
Spain,GAS,43.0,HARD,5.0,41.096103896103905,79.825
Spain,GAS,44.0,HARD,6.0,41.096103896103905,79.618
Spain,GAS,45.0,HARD,7.0,41.096103896103905,79.516
Spain,GAS,46.0,HARD,8.0,41.096103896103905,79.441
Spain,GAS,47.0,HARD,9.0,41.096103896103905,79.528
Spain,GAS,48.0,HARD,10.0,41.096103896103905,79.52
Spain,GAS,49.0,HARD,11.0,41.096103896103905,79.35
Spain,GAS,50.0,HARD,12.0,41.096103896103905,79.61
Spain,GAS,51.0,HARD,13.0,41.096103896103905,79.045
Spain,GAS,52.0,HARD,14.0,41.096103896103905,79.079
Spain,GAS,53.0,HARD,15.0,41.096103896103905,79.174
Spain,GAS,54.0,HARD,16.0,41.096103896103905,79.049
Spain,GAS,55.0,HARD,17.0,41.096103896103905,79.466
Spain,GAS,56.0,HARD,18.0,41.096103896103905,79.62
Spain,GAS,57.0,HARD,19.0,41.096103896103905,79.134
Spain,GAS,58.0,HARD,20.0,41.096103896103905,79.247
Spain,GAS,59.0,HARD,21.0,41.096103896103905,79.584
Spain,GAS,60.0,HARD,22.0,41.096103896103905,79.576
Spain,GAS,61.0,HARD,23.0,41.096103896103905,79.662
Spain,GAS,62.0,HARD,24.0,41.096103896103905,79.81
Spain,GAS,63.0,HARD,25.0,41.096103896103905,79.867
Spain,GAS,64.0,HARD,26.0,41.096103896103905,80.054
Spain,GAS,65.0,HARD,27.0,41.096103896103905,79.808
Spain,GAS,66.0,HARD,28.0,41.096103896103905,82.054
Spain,OCO,2.0,SOFT,5.0,41.096103896103905,82.017
Spain,OCO,3.0,SOFT,6.0,41.096103896103905,80.809
Spain,OCO,4.0,SOFT,7.0,41.096103896103905,81.255
Spain,OCO,5.0,SOFT,8.0,41.096103896103905,81.536
Spain,OCO,6.0,SOFT,9.0,41.096103896103905,81.29
Spain,OCO,7.0,SOFT,10.0,41.096103896103905,81.593
Spain,OCO,8.0,SOFT,11.0,41.096103896103905,81.784
Spain,OCO,9.0,SOFT,12.0,41.096103896103905,81.79
Spain,OCO,10.0,SOFT,13.0,41.096103896103905,81.756
Spain,OCO,11.0,SOFT,14.0,41.096103896103905,81.875
Spain,OCO,12.0,SOFT,15.0,41.096103896103905,81.905
Spain,OCO,15.0,MEDIUM,2.0,41.096103896103905,79.883
Spain,OCO,16.0,MEDIUM,3.0,41.096103896103905,80.224
Spain,OCO,17.0,MEDIUM,4.0,41.096103896103905,81.541
Spain,OCO,18.0,MEDIUM,5.0,41.096103896103905,80.571
Spain,OCO,19.0,MEDIUM,6.0,41.096103896103905,81.026
Spain,OCO,20.0,MEDIUM,7.0,41.096103896103905,80.662
Spain,OCO,21.0,MEDIUM,8.0,41.096103896103905,80.768
Spain,OCO,22.0,MEDIUM,9.0,41.096103896103905,80.734
Spain,OCO,23.0,MEDIUM,10.0,41.096103896103905,80.949
Spain,OCO,24.0,MEDIUM,11.0,41.096103896103905,80.57
Spain,OCO,25.0,MEDIUM,12.0,41.096103896103905,81.357
Spain,OCO,26.0,MEDIUM,13.0,41.096103896103905,81.033
Spain,OCO,27.0,MEDIUM,14.0,41.096103896103905,81.269
Spain,OCO,28.0,MEDIUM,15.0,41.096103896103905,81.644
Spain,OCO,29.0,MEDIUM,16.0,41.096103896103905,82.216
Spain,OCO,30.0,MEDIUM,17.0,41.096103896103905,83.348
Spain,OCO,31.0,MEDIUM,18.0,41.096103896103905,81.776
Spain,OCO,32.0,MEDIUM,19.0,41.096103896103905,81.194
Spain,OCO,33.0,MEDIUM,20.0,41.096103896103905,81.433
Spain,OCO,34.0,MEDIUM,21.0,41.096103896103905,81.479
Spain,OCO,35.0,MEDIUM,22.0,41.096103896103905,81.702
Spain,OCO,36.0,MEDIUM,23.0,41.096103896103905,81.423
Spain,OCO,37.0,MEDIUM,24.0,41.096103896103905,85.378
Spain,OCO,39.0,HARD,2.0,41.096103896103905,81.476
Spain,OCO,40.0,HARD,3.0,41.096103896103905,79.592
Spain,OCO,41.0,HARD,4.0,41.096103896103905,79.889
Spain,OCO,42.0,HARD,5.0,41.096103896103905,79.705
Spain,OCO,43.0,HARD,6.0,41.096103896103905,79.626
Spain,OCO,44.0,HARD,7.0,41.096103896103905,79.81
Spain,OCO,45.0,HARD,8.0,41.096103896103905,79.706
Spain,OCO,46.0,HARD,9.0,41.096103896103905,79.525
Spain,OCO,47.0,HARD,10.0,41.096103896103905,79.802
Spain,OCO,48.0,HARD,11.0,41.096103896103905,79.468
Spain,OCO,49.0,HARD,12.0,41.096103896103905,79.614
Spain,OCO,50.0,HARD,13.0,41.096103896103905,79.601
Spain,OCO,51.0,HARD,14.0,41.096103896103905,80.01
Spain,OCO,52.0,HARD,15.0,41.096103896103905,79.321
Spain,OCO,53.0,HARD,16.0,41.096103896103905,79.061
Spain,OCO,54.0,HARD,17.0,41.096103896103905,78.982
Spain,OCO,55.0,HARD,18.0,41.096103896103905,79.284
Spain,OCO,56.0,HARD,19.0,41.096103896103905,79.26
Spain,OCO,57.0,HARD,20.0,41.096103896103905,79.324
Spain,OCO,58.0,HARD,21.0,41.096103896103905,79.564
Spain,OCO,59.0,HARD,22.0,41.096103896103905,79.796
Spain,OCO,60.0,HARD,23.0,41.096103896103905,79.896
Spain,OCO,61.0,HARD,24.0,41.096103896103905,80.041
Spain,OCO,62.0,HARD,25.0,41.096103896103905,79.687
Spain,OCO,63.0,HARD,26.0,41.096103896103905,79.587
Spain,OCO,64.0,HARD,27.0,41.096103896103905,79.751
Spain,OCO,65.0,HARD,28.0,41.096103896103905,79.94
Spain,OCO,66.0,HARD,29.0,41.096103896103905,80.663
Spain,HUL,2.0,SOFT,2.0,41.096103896103905,82.084
Spain,HUL,3.0,SOFT,3.0,41.096103896103905,81.383
Spain,HUL,4.0,SOFT,4.0,41.096103896103905,81.949
Spain,HUL,5.0,SOFT,5.0,41.096103896103905,81.858
Spain,HUL,6.0,SOFT,6.0,41.096103896103905,81.545
Spain,HUL,7.0,SOFT,7.0,41.096103896103905,81.698
Spain,HUL,8.0,SOFT,8.0,41.096103896103905,81.841
Spain,HUL,9.0,SOFT,9.0,41.096103896103905,81.629
Spain,HUL,10.0,SOFT,10.0,41.096103896103905,81.852
Spain,HUL,11.0,SOFT,11.0,41.096103896103905,81.994
Spain,HUL,14.0,MEDIUM,2.0,41.096103896103905,80.698
Spain,HUL,15.0,MEDIUM,3.0,41.096103896103905,80.312
Spain,HUL,16.0,MEDIUM,4.0,41.096103896103905,81.125
Spain,HUL,17.0,MEDIUM,5.0,41.096103896103905,81.428
Spain,HUL,18.0,MEDIUM,6.0,41.096103896103905,80.756
Spain,HUL,19.0,MEDIUM,7.0,41.096103896103905,81.174
Spain,HUL,20.0,MEDIUM,8.0,41.096103896103905,81.137
Spain,HUL,21.0,MEDIUM,9.0,41.096103896103905,81.205
Spain,HUL,22.0,MEDIUM,10.0,41.096103896103905,82.174
Spain,HUL,23.0,MEDIUM,11.0,41.096103896103905,81.627
Spain,HUL,24.0,MEDIUM,12.0,41.096103896103905,80.907
Spain,HUL,25.0,MEDIUM,13.0,41.096103896103905,81.053
Spain,HUL,26.0,MEDIUM,14.0,41.096103896103905,80.972
Spain,HUL,27.0,MEDIUM,15.0,41.096103896103905,81.42
Spain,HUL,28.0,MEDIUM,16.0,41.096103896103905,81.09
Spain,HUL,29.0,MEDIUM,17.0,41.096103896103905,80.979
Spain,HUL,30.0,MEDIUM,18.0,41.096103896103905,81.198
Spain,HUL,31.0,MEDIUM,19.0,41.096103896103905,81.314
Spain,HUL,32.0,MEDIUM,20.0,41.096103896103905,81.445
Spain,HUL,33.0,MEDIUM,21.0,41.096103896103905,81.203
Spain,HUL,34.0,MEDIUM,22.0,41.096103896103905,81.627
Spain,HUL,35.0,MEDIUM,23.0,41.096103896103905,81.255
Spain,HUL,36.0,MEDIUM,24.0,41.096103896103905,81.04
Spain,HUL,37.0,MEDIUM,25.0,41.096103896103905,81.02
Spain,HUL,38.0,MEDIUM,26.0,41.096103896103905,84.542
Spain,HUL,40.0,HARD,2.0,41.096103896103905,80.452
Spain,HUL,41.0,HARD,3.0,41.096103896103905,80.122
Spain,HUL,42.0,HARD,4.0,41.096103896103905,80.356
Spain,HUL,43.0,HARD,5.0,41.096103896103905,79.023
Spain,HUL,44.0,HARD,6.0,41.096103896103905,79.532
Spain,HUL,45.0,HARD,7.0,41.096103896103905,79.415
Spain,HUL,46.0,HARD,8.0,41.096103896103905,79.363
Spain,HUL,47.0,HARD,9.0,41.096103896103905,79.264
Spain,HUL,48.0,HARD,10.0,41.096103896103905,78.916
Spain,HUL,49.0,HARD,11.0,41.096103896103905,78.609
Spain,HUL,50.0,HARD,12.0,41.096103896103905,79.15
Spain,HUL,51.0,HARD,13.0,41.096103896103905,78.943
Spain,HUL,52.0,HARD,14.0,41.096103896103905,79.107
Spain,HUL,53.0,HARD,15.0,41.096103896103905,79.124
Spain,HUL,54.0,HARD,16.0,41.096103896103905,79.451
Spain,HUL,55.0,HARD,17.0,41.096103896103905,79.559
Spain,HUL,56.0,HARD,18.0,41.096103896103905,79.163
Spain,HUL,57.0,HARD,19.0,41.096103896103905,79.704
Spain,HUL,58.0,HARD,20.0,41.096103896103905,79.661
Spain,HUL,59.0,HARD,21.0,41.096103896103905,80.015
Spain,HUL,60.0,HARD,22.0,41.096103896103905,79.572
Spain,HUL,61.0,HARD,23.0,41.096103896103905,79.872
Spain,HUL,62.0,HARD,24.0,41.096103896103905,79.304
Spain,HUL,63.0,HARD,25.0,41.096103896103905,79.66
Spain,HUL,64.0,HARD,26.0,41.096103896103905,79.985
Spain,HUL,65.0,HARD,27.0,41.096103896103905,80.164
Spain,HUL,66.0,HARD,28.0,41.096103896103905,81.126
Spain,ALO,2.0,SOFT,2.0,41.096103896103905,82.501
Spain,ALO,3.0,SOFT,3.0,41.096103896103905,81.912
Spain,ALO,4.0,SOFT,4.0,41.096103896103905,81.955
Spain,ALO,5.0,SOFT,5.0,41.096103896103905,82.593
Spain,ALO,6.0,SOFT,6.0,41.096103896103905,83.536
Spain,ALO,7.0,SOFT,7.0,41.096103896103905,83.456
Spain,ALO,8.0,SOFT,8.0,41.096103896103905,82.542
Spain,ALO,9.0,SOFT,9.0,41.096103896103905,82.353
Spain,ALO,10.0,SOFT,10.0,41.096103896103905,82.426
Spain,ALO,11.0,SOFT,11.0,41.096103896103905,81.955
Spain,ALO,12.0,SOFT,12.0,41.096103896103905,81.05
Spain,ALO,13.0,SOFT,13.0,41.096103896103905,81.589
Spain,ALO,14.0,SOFT,14.0,41.096103896103905,81.855
Spain,ALO,15.0,SOFT,15.0,41.096103896103905,81.84
Spain,ALO,16.0,SOFT,16.0,41.096103896103905,82.546
Spain,ALO,17.0,SOFT,17.0,41.096103896103905,83.26
Spain,ALO,18.0,SOFT,18.0,41.096103896103905,82.186
Spain,ALO,19.0,SOFT,19.0,41.096103896103905,85.298
Spain,ALO,21.0,MEDIUM,3.0,41.096103896103905,80.488
Spain,ALO,22.0,MEDIUM,4.0,41.096103896103905,80.345
Spain,ALO,23.0,MEDIUM,5.0,41.096103896103905,80.773
Spain,ALO,24.0,MEDIUM,6.0,41.096103896103905,81.14
Spain,ALO,25.0,MEDIUM,7.0,41.096103896103905,81.199
Spain,ALO,26.0,MEDIUM,8.0,41.096103896103905,81.291
Spain,ALO,27.0,MEDIUM,9.0,41.096103896103905,81.391
Spain,ALO,28.0,MEDIUM,10.0,41.096103896103905,81.411
Spain,ALO,29.0,MEDIUM,11.0,41.096103896103905,81.457
Spain,ALO,30.0,MEDIUM,12.0,41.096103896103905,81.426
Spain,ALO,31.0,MEDIUM,13.0,41.096103896103905,81.276
Spain,ALO,32.0,MEDIUM,14.0,41.096103896103905,80.904
Spain,ALO,33.0,MEDIUM,15.0,41.096103896103905,81.093
Spain,ALO,34.0,MEDIUM,16.0,41.096103896103905,81.916
Spain,ALO,35.0,MEDIUM,17.0,41.096103896103905,81.192
Spain,ALO,36.0,MEDIUM,18.0,41.096103896103905,81.028
Spain,ALO,37.0,MEDIUM,19.0,41.096103896103905,80.993
Spain,ALO,38.0,MEDIUM,20.0,41.096103896103905,80.536
Spain,ALO,39.0,MEDIUM,21.0,41.096103896103905,82.382
Spain,ALO,40.0,MEDIUM,22.0,41.096103896103905,81.113
Spain,ALO,41.0,MEDIUM,23.0,41.096103896103905,81.139
Spain,ALO,42.0,MEDIUM,24.0,41.096103896103905,80.537
Spain,ALO,43.0,MEDIUM,25.0,41.096103896103905,80.435
Spain,ALO,44.0,MEDIUM,26.0,41.096103896103905,80.539
Spain,ALO,45.0,MEDIUM,27.0,41.096103896103905,84.032
Spain,ALO,47.0,HARD,3.0,41.096103896103905,78.972
Spain,ALO,48.0,HARD,4.0,41.096103896103905,78.727
Spain,ALO,49.0,HARD,5.0,41.096103896103905,78.719
Spain,ALO,50.0,HARD,6.0,41.096103896103905,78.334
Spain,ALO,51.0,HARD,7.0,41.096103896103905,78.902
Spain,ALO,52.0,HARD,8.0,41.096103896103905,79.666
Spain,ALO,53.0,HARD,9.0,41.096103896103905,78.712
Spain,ALO,54.0,HARD,10.0,41.096103896103905,79.415
Spain,ALO,55.0,HARD,11.0,41.096103896103905,79.28
Spain,ALO,56.0,HARD,12.0,41.096103896103905,79.025
Spain,ALO,57.0,HARD,13.0,41.096103896103905,81.003
Spain,ALO,58.0,HARD,14.0,41.096103896103905,79.355
Spain,ALO,59.0,HARD,15.0,41.096103896103905,79.876
Spain,ALO,60.0,HARD,16.0,41.096103896103905,80.583
Spain,ALO,61.0,HARD,17.0,41.096103896103905,79.652
Spain,ALO,62.0,HARD,18.0,41.096103896103905,79.617
Spain,ALO,63.0,HARD,19.0,41.096103896103905,79.64
Spain,ALO,64.0,HARD,20.0,41.096103896103905,79.387
Spain,ALO,65.0,HARD,21.0,41.096103896103905,79.743
Spain,ZHO,2.0,SOFT,2.0,41.096103896103905,83.016
Spain,ZHO,3.0,SOFT,3.0,41.096103896103905,82.516
Spain,ZHO,4.0,SOFT,4.0,41.096103896103905,82.358
Spain,ZHO,5.0,SOFT,5.0,41.096103896103905,82.81
Spain,ZHO,6.0,SOFT,6.0,41.096103896103905,82.951
Spain,ZHO,7.0,SOFT,7.0,41.096103896103905,82.487
Spain,ZHO,8.0,SOFT,8.0,41.096103896103905,82.57
Spain,ZHO,9.0,SOFT,9.0,41.096103896103905,85.889
Spain,ZHO,11.0,MEDIUM,2.0,41.096103896103905,80.219
Spain,ZHO,12.0,MEDIUM,3.0,41.096103896103905,80.151
Spain,ZHO,13.0,MEDIUM,4.0,41.096103896103905,80.739
Spain,ZHO,14.0,MEDIUM,5.0,41.096103896103905,81.869
Spain,ZHO,15.0,MEDIUM,6.0,41.096103896103905,81.376
Spain,ZHO,16.0,MEDIUM,7.0,41.096103896103905,81.382
Spain,ZHO,17.0,MEDIUM,8.0,41.096103896103905,81.607
Spain,ZHO,18.0,MEDIUM,9.0,41.096103896103905,81.546
Spain,ZHO,19.0,MEDIUM,10.0,41.096103896103905,81.379
Spain,ZHO,20.0,MEDIUM,11.0,41.096103896103905,81.512
Spain,ZHO,21.0,MEDIUM,12.0,41.096103896103905,81.79
Spain,ZHO,22.0,MEDIUM,13.0,41.096103896103905,81.671
Spain,ZHO,23.0,MEDIUM,14.0,41.096103896103905,81.796
Spain,ZHO,24.0,MEDIUM,15.0,41.096103896103905,81.561
Spain,ZHO,25.0,MEDIUM,16.0,41.096103896103905,80.469
Spain,ZHO,26.0,MEDIUM,17.0,41.096103896103905,81.268
Spain,ZHO,27.0,MEDIUM,18.0,41.096103896103905,81.179
Spain,ZHO,28.0,MEDIUM,19.0,41.096103896103905,81.254
Spain,ZHO,29.0,MEDIUM,20.0,41.096103896103905,81.057
Spain,ZHO,30.0,MEDIUM,21.0,41.096103896103905,81.471
Spain,ZHO,31.0,MEDIUM,22.0,41.096103896103905,81.426
Spain,ZHO,32.0,MEDIUM,23.0,41.096103896103905,81.387
Spain,ZHO,33.0,MEDIUM,24.0,41.096103896103905,80.995
Spain,ZHO,34.0,MEDIUM,25.0,41.096103896103905,81.273
Spain,ZHO,35.0,MEDIUM,26.0,41.096103896103905,81.418
Spain,ZHO,36.0,MEDIUM,27.0,41.096103896103905,82.152
Spain,ZHO,37.0,MEDIUM,28.0,41.096103896103905,81.523
Spain,ZHO,38.0,MEDIUM,29.0,41.096103896103905,81.23
Spain,ZHO,39.0,MEDIUM,30.0,41.096103896103905,81.386
Spain,ZHO,40.0,MEDIUM,31.0,41.096103896103905,82.219
Spain,ZHO,41.0,MEDIUM,32.0,41.096103896103905,85.635
Spain,ZHO,43.0,HARD,2.0,41.096103896103905,78.979
Spain,ZHO,44.0,HARD,3.0,41.096103896103905,79.246
Spain,ZHO,45.0,HARD,4.0,41.096103896103905,79.373
Spain,ZHO,46.0,HARD,5.0,41.096103896103905,79.226
Spain,ZHO,47.0,HARD,6.0,41.096103896103905,79.198
Spain,ZHO,48.0,HARD,7.0,41.096103896103905,79.138
Spain,ZHO,49.0,HARD,8.0,41.096103896103905,78.918
Spain,ZHO,50.0,HARD,9.0,41.096103896103905,78.771
Spain,ZHO,51.0,HARD,10.0,41.096103896103905,79.426
Spain,ZHO,52.0,HARD,11.0,41.096103896103905,79.908
Spain,ZHO,53.0,HARD,12.0,41.096103896103905,80.885
Spain,ZHO,54.0,HARD,13.0,41.096103896103905,80.055
Spain,ZHO,55.0,HARD,14.0,41.096103896103905,81.227
Spain,ZHO,56.0,HARD,15.0,41.096103896103905,79.544
Spain,ZHO,57.0,HARD,16.0,41.096103896103905,80.813
Spain,ZHO,58.0,HARD,17.0,41.096103896103905,79.368
Spain,ZHO,59.0,HARD,18.0,41.096103896103905,79.651
Spain,ZHO,60.0,HARD,19.0,41.096103896103905,79.743
Spain,ZHO,61.0,HARD,20.0,41.096103896103905,79.809
Spain,ZHO,62.0,HARD,21.0,41.096103896103905,79.831
Spain,ZHO,63.0,HARD,22.0,41.096103896103905,79.787
Spain,ZHO,64.0,HARD,23.0,41.096103896103905,80.01
Spain,ZHO,65.0,HARD,24.0,41.096103896103905,80.985
Spain,STR,2.0,SOFT,2.0,41.096103896103905,82.587
Spain,STR,3.0,SOFT,3.0,41.096103896103905,82.004
Spain,STR,4.0,SOFT,4.0,41.096103896103905,82.128
Spain,STR,5.0,SOFT,5.0,41.096103896103905,82.263
Spain,STR,6.0,SOFT,6.0,41.096103896103905,82.13
Spain,STR,7.0,SOFT,7.0,41.096103896103905,82.416
Spain,STR,8.0,SOFT,8.0,41.096103896103905,82.359
Spain,STR,9.0,SOFT,9.0,41.096103896103905,81.858
Spain,STR,10.0,SOFT,10.0,41.096103896103905,81.75
Spain,STR,11.0,SOFT,11.0,41.096103896103905,81.967
Spain,STR,12.0,SOFT,12.0,41.096103896103905,82.256
Spain,STR,13.0,SOFT,13.0,41.096103896103905,82.185
Spain,STR,14.0,SOFT,14.0,41.096103896103905,81.768
Spain,STR,15.0,SOFT,15.0,41.096103896103905,81.918
Spain,STR,16.0,SOFT,16.0,41.096103896103905,81.955
Spain,STR,19.0,MEDIUM,3.0,41.096103896103905,80.615
Spain,STR,20.0,MEDIUM,4.0,41.096103896103905,80.783
Spain,STR,21.0,MEDIUM,5.0,41.096103896103905,81.212
Spain,STR,22.0,MEDIUM,6.0,41.096103896103905,81.328
Spain,STR,23.0,MEDIUM,7.0,41.096103896103905,81.366
Spain,STR,24.0,MEDIUM,8.0,41.096103896103905,81.568
Spain,STR,25.0,MEDIUM,9.0,41.096103896103905,81.131
Spain,STR,26.0,MEDIUM,10.0,41.096103896103905,81.092
Spain,STR,27.0,MEDIUM,11.0,41.096103896103905,81.3
Spain,STR,28.0,MEDIUM,12.0,41.096103896103905,81.244
Spain,STR,29.0,MEDIUM,13.0,41.096103896103905,81.101
Spain,STR,30.0,MEDIUM,14.0,41.096103896103905,81.454
Spain,STR,31.0,MEDIUM,15.0,41.096103896103905,81.481
Spain,STR,32.0,MEDIUM,16.0,41.096103896103905,81.275
Spain,STR,33.0,MEDIUM,17.0,41.096103896103905,80.972
Spain,STR,34.0,MEDIUM,18.0,41.096103896103905,81.339
Spain,STR,35.0,MEDIUM,19.0,41.096103896103905,82.413
Spain,STR,36.0,MEDIUM,20.0,41.096103896103905,81.262
Spain,STR,37.0,MEDIUM,21.0,41.096103896103905,85.201
Spain,STR,39.0,HARD,3.0,41.096103896103905,80.421
Spain,STR,40.0,HARD,4.0,41.096103896103905,80.289
Spain,STR,41.0,HARD,5.0,41.096103896103905,80.921
Spain,STR,42.0,HARD,6.0,41.096103896103905,80.926
Spain,STR,43.0,HARD,7.0,41.096103896103905,81.539
Spain,STR,44.0,HARD,8.0,41.096103896103905,81.548
Spain,STR,45.0,HARD,9.0,41.096103896103905,80.288
Spain,STR,46.0,HARD,10.0,41.096103896103905,80.301
Spain,STR,47.0,HARD,11.0,41.096103896103905,79.704
Spain,STR,48.0,HARD,12.0,41.096103896103905,79.749
Spain,STR,49.0,HARD,13.0,41.096103896103905,79.341
Spain,STR,50.0,HARD,14.0,41.096103896103905,79.318
Spain,STR,51.0,HARD,15.0,41.096103896103905,79.739
Spain,STR,52.0,HARD,16.0,41.096103896103905,81.436
Spain,STR,53.0,HARD,17.0,41.096103896103905,79.832
Spain,STR,54.0,HARD,18.0,41.096103896103905,79.488
Spain,STR,55.0,HARD,19.0,41.096103896103905,80.854
Spain,STR,56.0,HARD,20.0,41.096103896103905,79.643
Spain,STR,57.0,HARD,21.0,41.096103896103905,79.541
Spain,STR,58.0,HARD,22.0,41.096103896103905,79.595
Spain,STR,59.0,HARD,23.0,41.096103896103905,79.773
Spain,STR,60.0,HARD,24.0,41.096103896103905,79.627
Spain,STR,61.0,HARD,25.0,41.096103896103905,79.747
Spain,STR,62.0,HARD,26.0,41.096103896103905,81.533
Spain,STR,63.0,HARD,27.0,41.096103896103905,80.02
Spain,STR,64.0,HARD,28.0,41.096103896103905,80.139
Spain,STR,65.0,HARD,29.0,41.096103896103905,83.904
Spain,RIC,2.0,SOFT,2.0,41.096103896103905,82.721
Spain,RIC,3.0,SOFT,3.0,41.096103896103905,82.652
Spain,RIC,4.0,SOFT,4.0,41.096103896103905,82.374
Spain,RIC,5.0,SOFT,5.0,41.096103896103905,83.005
Spain,RIC,6.0,SOFT,6.0,41.096103896103905,82.92
Spain,RIC,7.0,SOFT,7.0,41.096103896103905,83.484
Spain,RIC,8.0,SOFT,8.0,41.096103896103905,83.066
Spain,RIC,9.0,SOFT,9.0,41.096103896103905,82.436
Spain,RIC,10.0,SOFT,10.0,41.096103896103905,81.77
Spain,RIC,11.0,SOFT,11.0,41.096103896103905,82.102
Spain,RIC,12.0,SOFT,12.0,41.096103896103905,81.857
Spain,RIC,13.0,SOFT,13.0,41.096103896103905,81.974
Spain,RIC,14.0,SOFT,14.0,41.096103896103905,81.902
Spain,RIC,15.0,SOFT,15.0,41.096103896103905,82.433
Spain,RIC,18.0,MEDIUM,2.0,41.096103896103905,80.858
Spain,RIC,19.0,MEDIUM,3.0,41.096103896103905,81.415
Spain,RIC,20.0,MEDIUM,4.0,41.096103896103905,81.881
Spain,RIC,21.0,MEDIUM,5.0,41.096103896103905,80.964
Spain,RIC,22.0,MEDIUM,6.0,41.096103896103905,80.849
Spain,RIC,23.0,MEDIUM,7.0,41.096103896103905,81.358
Spain,RIC,24.0,MEDIUM,8.0,41.096103896103905,81.123
Spain,RIC,25.0,MEDIUM,9.0,41.096103896103905,81.122
Spain,RIC,26.0,MEDIUM,10.0,41.096103896103905,81.337
Spain,RIC,27.0,MEDIUM,11.0,41.096103896103905,81.663
Spain,RIC,28.0,MEDIUM,12.0,41.096103896103905,81.558
Spain,RIC,29.0,MEDIUM,13.0,41.096103896103905,81.43
Spain,RIC,30.0,MEDIUM,14.0,41.096103896103905,81.052
Spain,RIC,31.0,MEDIUM,15.0,41.096103896103905,81.542
Spain,RIC,32.0,MEDIUM,16.0,41.096103896103905,81.578
Spain,RIC,33.0,MEDIUM,17.0,41.096103896103905,81.117
Spain,RIC,34.0,MEDIUM,18.0,41.096103896103905,81.033
Spain,RIC,35.0,MEDIUM,19.0,41.096103896103905,81.17
Spain,RIC,36.0,MEDIUM,20.0,41.096103896103905,81.059
Spain,RIC,37.0,MEDIUM,21.0,41.096103896103905,81.14
Spain,RIC,38.0,MEDIUM,22.0,41.096103896103905,81.188
Spain,RIC,39.0,MEDIUM,23.0,41.096103896103905,82.205
Spain,RIC,40.0,MEDIUM,24.0,41.096103896103905,82.415
Spain,RIC,41.0,MEDIUM,25.0,41.096103896103905,81.54
Spain,RIC,42.0,MEDIUM,26.0,41.096103896103905,84.891
Spain,RIC,44.0,HARD,2.0,41.096103896103905,81.034
Spain,RIC,45.0,HARD,3.0,41.096103896103905,82.469
Spain,RIC,46.0,HARD,4.0,41.096103896103905,80.945
Spain,RIC,47.0,HARD,5.0,41.096103896103905,80.93
Spain,RIC,48.0,HARD,6.0,41.096103896103905,83.762
Spain,RIC,49.0,HARD,7.0,41.096103896103905,81.912
Spain,RIC,50.0,HARD,8.0,41.096103896103905,79.843
Spain,RIC,51.0,HARD,9.0,41.096103896103905,79.585
Spain,RIC,52.0,HARD,10.0,41.096103896103905,81.027
Spain,RIC,53.0,HARD,11.0,41.096103896103905,80.084
Spain,RIC,54.0,HARD,12.0,41.096103896103905,80.277
Spain,RIC,55.0,HARD,13.0,41.096103896103905,80.999
Spain,RIC,56.0,HARD,14.0,41.096103896103905,80.128
Spain,RIC,57.0,HARD,15.0,41.096103896103905,79.768
Spain,RIC,58.0,HARD,16.0,41.096103896103905,81.548
Spain,RIC,59.0,HARD,17.0,41.096103896103905,79.996
Spain,RIC,60.0,HARD,18.0,41.096103896103905,79.556
Spain,RIC,61.0,HARD,19.0,41.096103896103905,79.45
Spain,RIC,62.0,HARD,20.0,41.096103896103905,79.8
Spain,RIC,63.0,HARD,21.0,41.096103896103905,79.87
Spain,RIC,64.0,HARD,22.0,41.096103896103905,80.194
Spain,RIC,65.0,HARD,23.0,41.096103896103905,79.527
Spain,BOT,2.0,SOFT,2.0,41.096103896103905,82.715
Spain,BOT,3.0,SOFT,3.0,41.096103896103905,82.113
Spain,BOT,4.0,SOFT,4.0,41.096103896103905,82.291
Spain,BOT,5.0,SOFT,5.0,41.096103896103905,82.662
Spain,BOT,6.0,SOFT,6.0,41.096103896103905,82.336
Spain,BOT,7.0,SOFT,7.0,41.096103896103905,82.3
Spain,BOT,8.0,SOFT,8.0,41.096103896103905,82.503
Spain,BOT,9.0,SOFT,9.0,41.096103896103905,82.292
Spain,BOT,10.0,SOFT,10.0,41.096103896103905,82.314
Spain,BOT,11.0,SOFT,11.0,41.096103896103905,85.342
Spain,BOT,13.0,SOFT,5.0,41.096103896103905,79.608
Spain,BOT,14.0,SOFT,6.0,41.096103896103905,80.017
Spain,BOT,15.0,SOFT,7.0,41.096103896103905,81.085
Spain,BOT,16.0,SOFT,8.0,41.096103896103905,81.257
Spain,BOT,17.0,SOFT,9.0,41.096103896103905,81.587
Spain,BOT,18.0,SOFT,10.0,41.096103896103905,81.601
Spain,BOT,19.0,SOFT,11.0,41.096103896103905,81.23
Spain,BOT,20.0,SOFT,12.0,41.096103896103905,81.612
Spain,BOT,21.0,SOFT,13.0,41.096103896103905,81.686
Spain,BOT,22.0,SOFT,14.0,41.096103896103905,81.931
Spain,BOT,23.0,SOFT,15.0,41.096103896103905,82.239
Spain,BOT,24.0,SOFT,16.0,41.096103896103905,81.782
Spain,BOT,25.0,SOFT,17.0,41.096103896103905,83.041
Spain,BOT,26.0,SOFT,18.0,41.096103896103905,83.001
Spain,BOT,27.0,SOFT,19.0,41.096103896103905,83.428
Spain,BOT,28.0,SOFT,20.0,41.096103896103905,85.577
Spain,BOT,30.0,HARD,2.0,41.096103896103905,80.195
Spain,BOT,31.0,HARD,3.0,41.096103896103905,80.47
Spain,BOT,32.0,HARD,4.0,41.096103896103905,81.613
Spain,BOT,33.0,HARD,5.0,41.096103896103905,80.565
Spain,BOT,34.0,HARD,6.0,41.096103896103905,80.744
Spain,BOT,35.0,HARD,7.0,41.096103896103905,80.666
Spain,BOT,36.0,HARD,8.0,41.096103896103905,80.604
Spain,BOT,37.0,HARD,9.0,41.096103896103905,80.815
Spain,BOT,38.0,HARD,10.0,41.096103896103905,80.773
Spain,BOT,39.0,HARD,11.0,41.096103896103905,82.774
Spain,BOT,40.0,HARD,12.0,41.096103896103905,81.055
Spain,BOT,41.0,HARD,13.0,41.096103896103905,84.249
Spain,BOT,42.0,HARD,14.0,41.096103896103905,80.477
Spain,BOT,43.0,HARD,15.0,41.096103896103905,82.645
Spain,BOT,44.0,HARD,16.0,41.096103896103905,81.338
Spain,BOT,45.0,HARD,17.0,41.096103896103905,80.81
Spain,BOT,46.0,HARD,18.0,41.096103896103905,80.891
Spain,BOT,47.0,HARD,19.0,41.096103896103905,81.055
Spain,BOT,48.0,HARD,20.0,41.096103896103905,82.101
Spain,BOT,49.0,HARD,21.0,41.096103896103905,80.644
Spain,BOT,50.0,HARD,22.0,41.096103896103905,81.587
Spain,BOT,51.0,HARD,23.0,41.096103896103905,82.406
Spain,BOT,52.0,HARD,24.0,41.096103896103905,82.596
Spain,BOT,53.0,HARD,25.0,41.096103896103905,83.642
Spain,BOT,54.0,HARD,26.0,41.096103896103905,80.795
Spain,BOT,55.0,HARD,27.0,41.096103896103905,80.81
Spain,BOT,56.0,HARD,28.0,41.096103896103905,80.369
Spain,BOT,57.0,HARD,29.0,41.096103896103905,79.936
Spain,BOT,58.0,HARD,30.0,41.096103896103905,81.902
Spain,BOT,59.0,HARD,31.0,41.096103896103905,80.39
Spain,BOT,60.0,HARD,32.0,41.096103896103905,82.699
Spain,BOT,61.0,HARD,33.0,41.096103896103905,81.16
Spain,BOT,62.0,HARD,34.0,41.096103896103905,80.876
Spain,BOT,63.0,HARD,35.0,41.096103896103905,80.747
Spain,BOT,64.0,HARD,36.0,41.096103896103905,81.325
Spain,BOT,65.0,HARD,37.0,41.096103896103905,81.432
Spain,MAG,2.0,SOFT,2.0,41.096103896103905,83.073
Spain,MAG,3.0,SOFT,3.0,41.096103896103905,82.102
Spain,MAG,4.0,SOFT,4.0,41.096103896103905,82.38
Spain,MAG,5.0,SOFT,5.0,41.096103896103905,83.042
Spain,MAG,6.0,SOFT,6.0,41.096103896103905,82.446
Spain,MAG,7.0,SOFT,7.0,41.096103896103905,82.471
Spain,MAG,8.0,SOFT,8.0,41.096103896103905,82.22
Spain,MAG,9.0,SOFT,9.0,41.096103896103905,82.195
Spain,MAG,12.0,MEDIUM,2.0,41.096103896103905,81.47
Spain,MAG,13.0,MEDIUM,3.0,41.096103896103905,80.964
Spain,MAG,14.0,MEDIUM,4.0,41.096103896103905,81.224
Spain,MAG,15.0,MEDIUM,5.0,41.096103896103905,81.439
Spain,MAG,16.0,MEDIUM,6.0,41.096103896103905,81.51
Spain,MAG,17.0,MEDIUM,7.0,41.096103896103905,81.34
Spain,MAG,18.0,MEDIUM,8.0,41.096103896103905,81.287
Spain,MAG,19.0,MEDIUM,9.0,41.096103896103905,80.95
Spain,MAG,20.0,MEDIUM,10.0,41.096103896103905,82.488
Spain,MAG,21.0,MEDIUM,11.0,41.096103896103905,81.786
Spain,MAG,22.0,MEDIUM,12.0,41.096103896103905,81.595
Spain,MAG,23.0,MEDIUM,13.0,41.096103896103905,82.566
Spain,MAG,24.0,MEDIUM,14.0,41.096103896103905,82.057
Spain,MAG,25.0,MEDIUM,15.0,41.096103896103905,81.716
Spain,MAG,26.0,MEDIUM,16.0,41.096103896103905,81.817
Spain,MAG,27.0,MEDIUM,17.0,41.096103896103905,82.342
Spain,MAG,28.0,MEDIUM,18.0,41.096103896103905,81.945
Spain,MAG,29.0,MEDIUM,19.0,41.096103896103905,85.381
Spain,MAG,31.0,HARD,2.0,41.096103896103905,80.045
Spain,MAG,32.0,HARD,3.0,41.096103896103905,79.927
Spain,MAG,33.0,HARD,4.0,41.096103896103905,79.805
Spain,MAG,34.0,HARD,5.0,41.096103896103905,80.206
Spain,MAG,35.0,HARD,6.0,41.096103896103905,80.298
Spain,MAG,36.0,HARD,7.0,41.096103896103905,80.48
Spain,MAG,37.0,HARD,8.0,41.096103896103905,80.488
Spain,MAG,38.0,HARD,9.0,41.096103896103905,80.327
Spain,MAG,39.0,HARD,10.0,41.096103896103905,80.62
Spain,MAG,40.0,HARD,11.0,41.096103896103905,81.685
Spain,MAG,41.0,HARD,12.0,41.096103896103905,80.948
Spain,MAG,42.0,HARD,13.0,41.096103896103905,80.912
Spain,MAG,43.0,HARD,14.0,41.096103896103905,81.033
Spain,MAG,44.0,HARD,15.0,41.096103896103905,81.124
Spain,MAG,45.0,HARD,16.0,41.096103896103905,80.884
Spain,MAG,46.0,HARD,17.0,41.096103896103905,81.131
Spain,MAG,47.0,HARD,18.0,41.096103896103905,80.967
Spain,MAG,48.0,HARD,19.0,41.096103896103905,81.784
Spain,MAG,49.0,HARD,20.0,41.096103896103905,80.94
Spain,MAG,50.0,HARD,21.0,41.096103896103905,81.147
Spain,MAG,51.0,HARD,22.0,41.096103896103905,83.892
Spain,MAG,52.0,HARD,23.0,41.096103896103905,82.938
Spain,MAG,53.0,HARD,24.0,41.096103896103905,81.932
Spain,MAG,54.0,HARD,25.0,41.096103896103905,80.894
Spain,MAG,55.0,HARD,26.0,41.096103896103905,80.638
Spain,MAG,56.0,HARD,27.0,41.096103896103905,80.584
Spain,MAG,57.0,HARD,28.0,41.096103896103905,82.164
Spain,MAG,58.0,HARD,29.0,41.096103896103905,81.049
Spain,MAG,59.0,HARD,30.0,41.096103896103905,80.796
Spain,MAG,60.0,HARD,31.0,41.096103896103905,80.996
Spain,MAG,61.0,HARD,32.0,41.096103896103905,81.022
Spain,MAG,62.0,HARD,33.0,41.096103896103905,80.994
Spain,MAG,63.0,HARD,34.0,41.096103896103905,81.008
Spain,MAG,64.0,HARD,35.0,41.096103896103905,81.366
Spain,MAG,65.0,HARD,36.0,41.096103896103905,81.45
Spain,ALB,2.0,MEDIUM,2.0,41.096103896103905,82.217
Spain,ALB,3.0,MEDIUM,3.0,41.096103896103905,82.171
Spain,ALB,4.0,MEDIUM,4.0,41.096103896103905,82.278
Spain,ALB,5.0,MEDIUM,5.0,41.096103896103905,82.775
Spain,ALB,6.0,MEDIUM,6.0,41.096103896103905,82.498
Spain,ALB,7.0,MEDIUM,7.0,41.096103896103905,83.531
Spain,ALB,8.0,MEDIUM,8.0,41.096103896103905,83.225
Spain,ALB,9.0,MEDIUM,9.0,41.096103896103905,82.838
Spain,ALB,10.0,MEDIUM,10.0,41.096103896103905,82.787
Spain,ALB,11.0,MEDIUM,11.0,41.096103896103905,82.421
Spain,ALB,12.0,MEDIUM,12.0,41.096103896103905,82.119
Spain,ALB,13.0,MEDIUM,13.0,41.096103896103905,82.263
Spain,ALB,14.0,MEDIUM,14.0,41.096103896103905,82.246
Spain,ALB,15.0,MEDIUM,15.0,41.096103896103905,82.595
Spain,ALB,16.0,MEDIUM,16.0,41.096103896103905,83.579
Spain,ALB,17.0,MEDIUM,17.0,41.096103896103905,83.526
Spain,ALB,20.0,SOFT,2.0,41.096103896103905,80.005
Spain,ALB,21.0,SOFT,3.0,41.096103896103905,80.288
Spain,ALB,22.0,SOFT,4.0,41.096103896103905,80.494
Spain,ALB,23.0,SOFT,5.0,41.096103896103905,81.052
Spain,ALB,24.0,SOFT,6.0,41.096103896103905,81.181
Spain,ALB,25.0,SOFT,7.0,41.096103896103905,80.945
Spain,ALB,26.0,SOFT,8.0,41.096103896103905,81.477
Spain,ALB,27.0,SOFT,9.0,41.096103896103905,81.645
Spain,ALB,28.0,SOFT,10.0,41.096103896103905,81.416
Spain,ALB,29.0,SOFT,11.0,41.096103896103905,81.102
Spain,ALB,30.0,SOFT,12.0,41.096103896103905,81.419
Spain,ALB,31.0,SOFT,13.0,41.096103896103905,81.252
Spain,ALB,32.0,SOFT,14.0,41.096103896103905,81.17
Spain,ALB,33.0,SOFT,15.0,41.096103896103905,80.993
Spain,ALB,34.0,SOFT,16.0,41.096103896103905,81.283
Spain,ALB,35.0,SOFT,17.0,41.096103896103905,81.636
Spain,ALB,36.0,SOFT,18.0,41.096103896103905,81.479
Spain,ALB,37.0,SOFT,19.0,41.096103896103905,81.577
Spain,ALB,38.0,SOFT,20.0,41.096103896103905,81.737
Spain,ALB,39.0,SOFT,21.0,41.096103896103905,82.269
Spain,ALB,40.0,SOFT,22.0,41.096103896103905,81.587
Spain,ALB,41.0,SOFT,23.0,41.096103896103905,82.155
Spain,ALB,42.0,SOFT,24.0,41.096103896103905,84.25
Spain,ALB,45.0,SOFT,2.0,41.096103896103905,79.132
Spain,ALB,46.0,SOFT,3.0,41.096103896103905,83.125
Spain,ALB,47.0,SOFT,4.0,41.096103896103905,79.852
Spain,ALB,48.0,SOFT,5.0,41.096103896103905,82.037
Spain,ALB,49.0,SOFT,6.0,41.096103896103905,79.881
Spain,ALB,50.0,SOFT,7.0,41.096103896103905,80.077
Spain,ALB,51.0,SOFT,8.0,41.096103896103905,81.43
Spain,ALB,52.0,SOFT,9.0,41.096103896103905,80.131
Spain,ALB,53.0,SOFT,10.0,41.096103896103905,80.22
Spain,ALB,54.0,SOFT,11.0,41.096103896103905,80.3
Spain,ALB,55.0,SOFT,12.0,41.096103896103905,80.197
Spain,ALB,56.0,SOFT,13.0,41.096103896103905,81.742
Spain,ALB,57.0,SOFT,14.0,41.096103896103905,80.119
Spain,ALB,59.0,SOFT,16.0,41.096103896103905,80.097
Spain,ALB,60.0,SOFT,17.0,41.096103896103905,79.876
Spain,ALB,61.0,SOFT,18.0,41.096103896103905,80.002
Spain,ALB,62.0,SOFT,19.0,41.096103896103905,79.993
Spain,ALB,63.0,SOFT,20.0,41.096103896103905,80.211
Spain,ALB,64.0,SOFT,21.0,41.096103896103905,80.235
Spain,ALB,65.0,SOFT,22.0,41.096103896103905,80.31
Spain,TSU,2.0,SOFT,2.0,41.096103896103905,82.957
Spain,TSU,3.0,SOFT,3.0,41.096103896103905,82.193
Spain,TSU,4.0,SOFT,4.0,41.096103896103905,82.407
Spain,TSU,5.0,SOFT,5.0,41.096103896103905,82.919
Spain,TSU,6.0,SOFT,6.0,41.096103896103905,83.724
Spain,TSU,7.0,SOFT,7.0,41.096103896103905,83.735
Spain,TSU,8.0,SOFT,8.0,41.096103896103905,82.959
Spain,TSU,11.0,MEDIUM,2.0,41.096103896103905,81.644
Spain,TSU,12.0,MEDIUM,3.0,41.096103896103905,82.341
Spain,TSU,13.0,MEDIUM,4.0,41.096103896103905,81.817
Spain,TSU,14.0,MEDIUM,5.0,41.096103896103905,81.511
Spain,TSU,15.0,MEDIUM,6.0,41.096103896103905,81.553
Spain,TSU,16.0,MEDIUM,7.0,41.096103896103905,82.033
Spain,TSU,17.0,MEDIUM,8.0,41.096103896103905,81.523
Spain,TSU,18.0,MEDIUM,9.0,41.096103896103905,82.182
Spain,TSU,19.0,MEDIUM,10.0,41.096103896103905,81.744
Spain,TSU,20.0,MEDIUM,11.0,41.096103896103905,82.962
Spain,TSU,21.0,MEDIUM,12.0,41.096103896103905,81.392
Spain,TSU,22.0,MEDIUM,13.0,41.096103896103905,83.793
Spain,TSU,23.0,MEDIUM,14.0,41.096103896103905,81.748
Spain,TSU,24.0,MEDIUM,15.0,41.096103896103905,81.615
Spain,TSU,25.0,MEDIUM,16.0,41.096103896103905,81.791
Spain,TSU,26.0,MEDIUM,17.0,41.096103896103905,82.011
Spain,TSU,27.0,MEDIUM,18.0,41.096103896103905,85.581
Spain,TSU,29.0,HARD,2.0,41.096103896103905,79.573
Spain,TSU,30.0,HARD,3.0,41.096103896103905,79.755
Spain,TSU,31.0,HARD,4.0,41.096103896103905,80.378
Spain,TSU,32.0,HARD,5.0,41.096103896103905,80.323
Spain,TSU,33.0,HARD,6.0,41.096103896103905,80.172
Spain,TSU,34.0,HARD,7.0,41.096103896103905,80.557
Spain,TSU,35.0,HARD,8.0,41.096103896103905,80.188
Spain,TSU,36.0,HARD,9.0,41.096103896103905,82.771
Spain,TSU,37.0,HARD,10.0,41.096103896103905,80.653
Spain,TSU,38.0,HARD,11.0,41.096103896103905,80.849
Spain,TSU,39.0,HARD,12.0,41.096103896103905,81.026
Spain,TSU,40.0,HARD,13.0,41.096103896103905,82.1
Spain,TSU,41.0,HARD,14.0,41.096103896103905,81.475
Spain,TSU,42.0,HARD,15.0,41.096103896103905,84.313
Spain,TSU,43.0,HARD,16.0,41.096103896103905,80.875
Spain,TSU,46.0,SOFT,2.0,41.096103896103905,80.706
Spain,TSU,47.0,SOFT,3.0,41.096103896103905,80.461
Spain,TSU,48.0,SOFT,4.0,41.096103896103905,82.703
Spain,TSU,49.0,SOFT,5.0,41.096103896103905,81.799
Spain,TSU,50.0,SOFT,6.0,41.096103896103905,79.815
Spain,TSU,51.0,SOFT,7.0,41.096103896103905,79.678
Spain,TSU,52.0,SOFT,8.0,41.096103896103905,79.818
Spain,TSU,53.0,SOFT,9.0,41.096103896103905,80.029
Spain,TSU,54.0,SOFT,10.0,41.096103896103905,80.437
Spain,TSU,55.0,SOFT,11.0,41.096103896103905,79.564
Spain,TSU,56.0,SOFT,12.0,41.096103896103905,79.447
Spain,TSU,57.0,SOFT,13.0,41.096103896103905,79.464
Spain,TSU,58.0,SOFT,14.0,41.096103896103905,79.642
Spain,TSU,59.0,SOFT,15.0,41.096103896103905,80.129
Spain,TSU,60.0,SOFT,16.0,41.096103896103905,79.796
Spain,TSU,61.0,SOFT,17.0,41.096103896103905,80.117
Spain,TSU,62.0,SOFT,18.0,41.096103896103905,84.052
Spain,TSU,63.0,SOFT,19.0,41.096103896103905,80.309
Spain,TSU,64.0,SOFT,20.0,41.096103896103905,80.103
Spain,TSU,65.0,SOFT,21.0,41.096103896103905,80.515
Spain,SAR,2.0,SOFT,2.0,41.096103896103905,83.613
Spain,SAR,3.0,SOFT,3.0,41.096103896103905,82.491
Spain,SAR,4.0,SOFT,4.0,41.096103896103905,82.557
Spain,SAR,5.0,SOFT,5.0,41.096103896103905,82.869
Spain,SAR,6.0,SOFT,6.0,41.096103896103905,83.637
Spain,SAR,7.0,SOFT,7.0,41.096103896103905,83.369
Spain,SAR,8.0,SOFT,8.0,41.096103896103905,83.345
Spain,SAR,9.0,SOFT,9.0,41.096103896103905,82.787
Spain,SAR,10.0,SOFT,10.0,41.096103896103905,82.871
Spain,SAR,11.0,SOFT,11.0,41.096103896103905,82.588
Spain,SAR,12.0,SOFT,12.0,41.096103896103905,82.461
Spain,SAR,13.0,SOFT,13.0,41.096103896103905,83.105
Spain,SAR,16.0,MEDIUM,2.0,41.096103896103905,80.908
Spain,SAR,17.0,MEDIUM,3.0,41.096103896103905,81.077
Spain,SAR,18.0,MEDIUM,4.0,41.096103896103905,81.379
Spain,SAR,19.0,MEDIUM,5.0,41.096103896103905,81.554
Spain,SAR,20.0,MEDIUM,6.0,41.096103896103905,81.622
Spain,SAR,21.0,MEDIUM,7.0,41.096103896103905,81.34
Spain,SAR,22.0,MEDIUM,8.0,41.096103896103905,81.884
Spain,SAR,23.0,MEDIUM,9.0,41.096103896103905,81.942
Spain,SAR,24.0,MEDIUM,10.0,41.096103896103905,83.109
Spain,SAR,25.0,MEDIUM,11.0,41.096103896103905,82.33
Spain,SAR,26.0,MEDIUM,12.0,41.096103896103905,82.547
Spain,SAR,27.0,MEDIUM,13.0,41.096103896103905,82.578
Spain,SAR,28.0,MEDIUM,14.0,41.096103896103905,82.587
Spain,SAR,29.0,MEDIUM,15.0,41.096103896103905,82.425
Spain,SAR,30.0,MEDIUM,16.0,41.096103896103905,82.812
Spain,SAR,31.0,MEDIUM,17.0,41.096103896103905,82.721
Spain,SAR,32.0,MEDIUM,18.0,41.096103896103905,82.444
Spain,SAR,33.0,MEDIUM,19.0,41.096103896103905,82.943
Spain,SAR,34.0,MEDIUM,20.0,41.096103896103905,85.825
Spain,SAR,36.0,HARD,2.0,41.096103896103905,80.274
Spain,SAR,37.0,HARD,3.0,41.096103896103905,80.402
Spain,SAR,38.0,HARD,4.0,41.096103896103905,80.172
Spain,SAR,39.0,HARD,5.0,41.096103896103905,80.416
Spain,SAR,40.0,HARD,6.0,41.096103896103905,80.448
Spain,SAR,41.0,HARD,7.0,41.096103896103905,80.747
Spain,SAR,42.0,HARD,8.0,41.096103896103905,82.818
Spain,SAR,43.0,HARD,9.0,41.096103896103905,82.152
Spain,SAR,44.0,HARD,10.0,41.096103896103905,82.888
Spain,SAR,45.0,HARD,11.0,41.096103896103905,80.945
Spain,SAR,46.0,HARD,12.0,41.096103896103905,81.041
Spain,SAR,47.0,HARD,13.0,41.096103896103905,82.298
Spain,SAR,48.0,HARD,14.0,41.096103896103905,81.033
Spain,SAR,49.0,HARD,15.0,41.096103896103905,81.073
Spain,SAR,50.0,HARD,16.0,41.096103896103905,80.983
Spain,SAR,51.0,HARD,17.0,41.096103896103905,81.939
Spain,SAR,52.0,HARD,18.0,41.096103896103905,81.025
Spain,SAR,53.0,HARD,19.0,41.096103896103905,81.083
Spain,SAR,54.0,HARD,20.0,41.096103896103905,81.199
Spain,SAR,55.0,HARD,21.0,41.096103896103905,81.966
Spain,SAR,56.0,HARD,22.0,41.096103896103905,82.226
Spain,SAR,57.0,HARD,23.0,41.096103896103905,82.922
Spain,SAR,58.0,HARD,24.0,41.096103896103905,81.489
Spain,SAR,59.0,HARD,25.0,41.096103896103905,81.553
Spain,SAR,60.0,HARD,26.0,41.096103896103905,84.685
Spain,SAR,61.0,HARD,27.0,41.096103896103905,81.305
Spain,SAR,62.0,HARD,28.0,41.096103896103905,81.376
Spain,SAR,63.0,HARD,29.0,41.096103896103905,81.612
Spain,SAR,64.0,HARD,30.0,41.096103896103905,85.203
Singapore,NOR,1.0,MEDIUM,1.0,36.445625,100.424
Singapore,NOR,2.0,MEDIUM,2.0,36.445625,98.48
Singapore,NOR,3.0,MEDIUM,3.0,36.445625,98.406
Singapore,NOR,4.0,MEDIUM,4.0,36.445625,98.446
Singapore,NOR,5.0,MEDIUM,5.0,36.445625,97.938
Singapore,NOR,6.0,MEDIUM,6.0,36.445625,97.843
Singapore,NOR,7.0,MEDIUM,7.0,36.445625,97.621
Singapore,NOR,8.0,MEDIUM,8.0,36.445625,97.082
Singapore,NOR,9.0,MEDIUM,9.0,36.445625,96.715
Singapore,NOR,10.0,MEDIUM,10.0,36.445625,96.83
Singapore,NOR,11.0,MEDIUM,11.0,36.445625,96.651
Singapore,NOR,12.0,MEDIUM,12.0,36.445625,96.495
Singapore,NOR,13.0,MEDIUM,13.0,36.445625,96.67
Singapore,NOR,14.0,MEDIUM,14.0,36.445625,96.832
Singapore,NOR,15.0,MEDIUM,15.0,36.445625,96.758
Singapore,NOR,16.0,MEDIUM,16.0,36.445625,96.624
Singapore,NOR,17.0,MEDIUM,17.0,36.445625,97.008
Singapore,NOR,18.0,MEDIUM,18.0,36.445625,97.068
Singapore,NOR,19.0,MEDIUM,19.0,36.445625,97.282
Singapore,NOR,20.0,MEDIUM,20.0,36.445625,96.887
Singapore,NOR,21.0,MEDIUM,21.0,36.445625,97.198
Singapore,NOR,22.0,MEDIUM,22.0,36.445625,97.115
Singapore,NOR,23.0,MEDIUM,23.0,36.445625,97.212
Singapore,NOR,24.0,MEDIUM,24.0,36.445625,97.527
Singapore,NOR,25.0,MEDIUM,25.0,36.445625,97.404
Singapore,NOR,26.0,MEDIUM,26.0,36.445625,97.26
Singapore,NOR,27.0,MEDIUM,27.0,36.445625,97.603
Singapore,NOR,28.0,MEDIUM,28.0,36.445625,97.528
Singapore,NOR,29.0,MEDIUM,29.0,36.445625,101.878
Singapore,NOR,32.0,HARD,2.0,36.445625,97.034
Singapore,NOR,33.0,HARD,3.0,36.445625,96.684
Singapore,NOR,34.0,HARD,4.0,36.445625,96.714
Singapore,NOR,35.0,HARD,5.0,36.445625,96.524
Singapore,NOR,36.0,HARD,6.0,36.445625,96.216
Singapore,NOR,37.0,HARD,7.0,36.445625,96.435
Singapore,NOR,38.0,HARD,8.0,36.445625,96.71
Singapore,NOR,39.0,HARD,9.0,36.445625,97.325
Singapore,NOR,40.0,HARD,10.0,36.445625,97.194
Singapore,NOR,41.0,HARD,11.0,36.445625,96.57
Singapore,NOR,42.0,HARD,12.0,36.445625,96.404
Singapore,NOR,43.0,HARD,13.0,36.445625,96.61
Singapore,NOR,44.0,HARD,14.0,36.445625,96.275
Singapore,NOR,45.0,HARD,15.0,36.445625,96.928
Singapore,NOR,46.0,HARD,16.0,36.445625,95.953
Singapore,NOR,47.0,HARD,17.0,36.445625,96.567
Singapore,NOR,48.0,HARD,18.0,36.445625,94.925
Singapore,NOR,49.0,HARD,19.0,36.445625,96.06
Singapore,NOR,50.0,HARD,20.0,36.445625,96.311
Singapore,NOR,51.0,HARD,21.0,36.445625,96.603
Singapore,NOR,52.0,HARD,22.0,36.445625,96.192
Singapore,NOR,53.0,HARD,23.0,36.445625,96.435
Singapore,NOR,54.0,HARD,24.0,36.445625,96.749
Singapore,NOR,55.0,HARD,25.0,36.445625,96.786
Singapore,NOR,56.0,HARD,26.0,36.445625,97.197
Singapore,NOR,57.0,HARD,27.0,36.445625,98.849
Singapore,NOR,58.0,HARD,28.0,36.445625,97.734
Singapore,NOR,59.0,HARD,29.0,36.445625,96.948
Singapore,NOR,60.0,HARD,30.0,36.445625,96.631
Singapore,NOR,61.0,HARD,31.0,36.445625,96.82
Singapore,NOR,62.0,HARD,32.0,36.445625,97.922
Singapore,VER,1.0,MEDIUM,1.0,36.445625,101.413
Singapore,VER,2.0,MEDIUM,2.0,36.445625,98.79
Singapore,VER,3.0,MEDIUM,3.0,36.445625,98.917
Singapore,VER,4.0,MEDIUM,4.0,36.445625,98.47
Singapore,VER,5.0,MEDIUM,5.0,36.445625,97.906
Singapore,VER,6.0,MEDIUM,6.0,36.445625,97.997
Singapore,VER,7.0,MEDIUM,7.0,36.445625,97.774
Singapore,VER,8.0,MEDIUM,8.0,36.445625,97.669
Singapore,VER,9.0,MEDIUM,9.0,36.445625,97.89
Singapore,VER,10.0,MEDIUM,10.0,36.445625,97.739
Singapore,VER,11.0,MEDIUM,11.0,36.445625,97.593
Singapore,VER,12.0,MEDIUM,12.0,36.445625,97.778
Singapore,VER,13.0,MEDIUM,13.0,36.445625,97.701
Singapore,VER,14.0,MEDIUM,14.0,36.445625,97.707
Singapore,VER,15.0,MEDIUM,15.0,36.445625,97.826
Singapore,VER,16.0,MEDIUM,16.0,36.445625,97.851
Singapore,VER,17.0,MEDIUM,17.0,36.445625,97.987
Singapore,VER,18.0,MEDIUM,18.0,36.445625,98.068
Singapore,VER,19.0,MEDIUM,19.0,36.445625,98.017
Singapore,VER,20.0,MEDIUM,20.0,36.445625,98.123
Singapore,VER,21.0,MEDIUM,21.0,36.445625,98.172
Singapore,VER,22.0,MEDIUM,22.0,36.445625,98.192
Singapore,VER,23.0,MEDIUM,23.0,36.445625,98.231
Singapore,VER,24.0,MEDIUM,24.0,36.445625,98.399
Singapore,VER,25.0,MEDIUM,25.0,36.445625,98.641
Singapore,VER,26.0,MEDIUM,26.0,36.445625,98.575
Singapore,VER,27.0,MEDIUM,27.0,36.445625,98.927
Singapore,VER,28.0,MEDIUM,28.0,36.445625,99.265
Singapore,VER,31.0,HARD,2.0,36.445625,96.688
Singapore,VER,32.0,HARD,3.0,36.445625,96.824
Singapore,VER,33.0,HARD,4.0,36.445625,97.022
Singapore,VER,34.0,HARD,5.0,36.445625,96.871
Singapore,VER,35.0,HARD,6.0,36.445625,97.1
Singapore,VER,36.0,HARD,7.0,36.445625,96.968
Singapore,VER,37.0,HARD,8.0,36.445625,96.984
Singapore,VER,38.0,HARD,9.0,36.445625,97.071
Singapore,VER,39.0,HARD,10.0,36.445625,96.957
Singapore,VER,40.0,HARD,11.0,36.445625,96.962
Singapore,VER,41.0,HARD,12.0,36.445625,97.38
Singapore,VER,42.0,HARD,13.0,36.445625,96.865
Singapore,VER,43.0,HARD,14.0,36.445625,96.582
Singapore,VER,44.0,HARD,15.0,36.445625,96.414
Singapore,VER,45.0,HARD,16.0,36.445625,96.618
Singapore,VER,46.0,HARD,17.0,36.445625,96.5
Singapore,VER,47.0,HARD,18.0,36.445625,96.628
Singapore,VER,48.0,HARD,19.0,36.445625,96.739
Singapore,VER,49.0,HARD,20.0,36.445625,96.602
Singapore,VER,50.0,HARD,21.0,36.445625,97.055
Singapore,VER,51.0,HARD,22.0,36.445625,97.132
Singapore,VER,52.0,HARD,23.0,36.445625,96.842
Singapore,VER,53.0,HARD,24.0,36.445625,96.843
Singapore,VER,54.0,HARD,25.0,36.445625,96.748
Singapore,VER,55.0,HARD,26.0,36.445625,96.427
Singapore,VER,56.0,HARD,27.0,36.445625,96.387
Singapore,VER,57.0,HARD,28.0,36.445625,96.402
Singapore,VER,58.0,HARD,29.0,36.445625,96.171
Singapore,VER,59.0,HARD,30.0,36.445625,95.967
Singapore,VER,60.0,HARD,31.0,36.445625,96.343
Singapore,VER,61.0,HARD,32.0,36.445625,96.013
Singapore,VER,62.0,HARD,33.0,36.445625,96.931
Singapore,PIA,2.0,MEDIUM,2.0,36.445625,98.939
Singapore,PIA,3.0,MEDIUM,3.0,36.445625,99.35
Singapore,PIA,4.0,MEDIUM,4.0,36.445625,99.356
Singapore,PIA,5.0,MEDIUM,5.0,36.445625,98.667
Singapore,PIA,6.0,MEDIUM,6.0,36.445625,98.778
Singapore,PIA,7.0,MEDIUM,7.0,36.445625,98.419
Singapore,PIA,8.0,MEDIUM,8.0,36.445625,97.873
Singapore,PIA,9.0,MEDIUM,9.0,36.445625,98.446
Singapore,PIA,10.0,MEDIUM,10.0,36.445625,98.429
Singapore,PIA,11.0,MEDIUM,11.0,36.445625,98.269
Singapore,PIA,12.0,MEDIUM,12.0,36.445625,98.151
Singapore,PIA,13.0,MEDIUM,13.0,36.445625,98.215
Singapore,PIA,14.0,MEDIUM,14.0,36.445625,97.651
Singapore,PIA,15.0,MEDIUM,15.0,36.445625,98.435
Singapore,PIA,16.0,MEDIUM,16.0,36.445625,98.088
Singapore,PIA,17.0,MEDIUM,17.0,36.445625,98.532
Singapore,PIA,18.0,MEDIUM,18.0,36.445625,98.188
Singapore,PIA,19.0,MEDIUM,19.0,36.445625,98.749
Singapore,PIA,20.0,MEDIUM,20.0,36.445625,98.317
Singapore,PIA,21.0,MEDIUM,21.0,36.445625,98.275
Singapore,PIA,22.0,MEDIUM,22.0,36.445625,98.415
Singapore,PIA,23.0,MEDIUM,23.0,36.445625,98.262
Singapore,PIA,24.0,MEDIUM,24.0,36.445625,98.403
Singapore,PIA,25.0,MEDIUM,25.0,36.445625,98.516
Singapore,PIA,26.0,MEDIUM,26.0,36.445625,98.839
Singapore,PIA,27.0,MEDIUM,27.0,36.445625,98.644
Singapore,PIA,28.0,MEDIUM,28.0,36.445625,97.7
Singapore,PIA,29.0,MEDIUM,29.0,36.445625,97.944
Singapore,PIA,30.0,MEDIUM,30.0,36.445625,98.29
Singapore,PIA,31.0,MEDIUM,31.0,36.445625,98.149
Singapore,PIA,32.0,MEDIUM,32.0,36.445625,98.194
Singapore,PIA,33.0,MEDIUM,33.0,36.445625,98.288
Singapore,PIA,34.0,MEDIUM,34.0,36.445625,98.038
Singapore,PIA,35.0,MEDIUM,35.0,36.445625,98.322
Singapore,PIA,36.0,MEDIUM,36.0,36.445625,98.147
Singapore,PIA,37.0,MEDIUM,37.0,36.445625,98.437
Singapore,PIA,40.0,HARD,2.0,36.445625,96.61
Singapore,PIA,41.0,HARD,3.0,36.445625,96.265
Singapore,PIA,42.0,HARD,4.0,36.445625,95.888
Singapore,PIA,43.0,HARD,5.0,36.445625,96.167
Singapore,PIA,44.0,HARD,6.0,36.445625,97.363
Singapore,PIA,45.0,HARD,7.0,36.445625,97.258
Singapore,PIA,46.0,HARD,8.0,36.445625,96.324
Singapore,PIA,47.0,HARD,9.0,36.445625,96.33
Singapore,PIA,48.0,HARD,10.0,36.445625,95.745
Singapore,PIA,49.0,HARD,11.0,36.445625,95.881
Singapore,PIA,50.0,HARD,12.0,36.445625,98.31
Singapore,PIA,51.0,HARD,13.0,36.445625,97.269
Singapore,PIA,52.0,HARD,14.0,36.445625,96.856
Singapore,PIA,53.0,HARD,15.0,36.445625,97.406
Singapore,PIA,54.0,HARD,16.0,36.445625,96.841
Singapore,PIA,55.0,HARD,17.0,36.445625,95.995
Singapore,PIA,56.0,HARD,18.0,36.445625,96.355
Singapore,PIA,57.0,HARD,19.0,36.445625,96.07
Singapore,PIA,58.0,HARD,20.0,36.445625,96.056
Singapore,PIA,59.0,HARD,21.0,36.445625,97.009
Singapore,PIA,60.0,HARD,22.0,36.445625,97.191
Singapore,PIA,61.0,HARD,23.0,36.445625,97.407
Singapore,PIA,62.0,HARD,24.0,36.445625,96.869
Singapore,RUS,2.0,MEDIUM,2.0,36.445625,98.489
Singapore,RUS,3.0,MEDIUM,3.0,36.445625,99.712
Singapore,RUS,4.0,MEDIUM,4.0,36.445625,99.17
Singapore,RUS,5.0,MEDIUM,5.0,36.445625,98.604
Singapore,RUS,6.0,MEDIUM,6.0,36.445625,98.372
Singapore,RUS,7.0,MEDIUM,7.0,36.445625,98.365
Singapore,RUS,8.0,MEDIUM,8.0,36.445625,98.26
Singapore,RUS,9.0,MEDIUM,9.0,36.445625,98.174
Singapore,RUS,10.0,MEDIUM,10.0,36.445625,98.332
Singapore,RUS,11.0,MEDIUM,11.0,36.445625,98.179
Singapore,RUS,12.0,MEDIUM,12.0,36.445625,98.091
Singapore,RUS,13.0,MEDIUM,13.0,36.445625,98.05
Singapore,RUS,14.0,MEDIUM,14.0,36.445625,98.173
Singapore,RUS,15.0,MEDIUM,15.0,36.445625,98.459
Singapore,RUS,16.0,MEDIUM,16.0,36.445625,98.526
Singapore,RUS,17.0,MEDIUM,17.0,36.445625,98.855
Singapore,RUS,18.0,MEDIUM,18.0,36.445625,98.404
Singapore,RUS,19.0,MEDIUM,19.0,36.445625,98.224
Singapore,RUS,20.0,MEDIUM,20.0,36.445625,98.336
Singapore,RUS,21.0,MEDIUM,21.0,36.445625,98.464
Singapore,RUS,22.0,MEDIUM,22.0,36.445625,98.364
Singapore,RUS,23.0,MEDIUM,23.0,36.445625,98.417
Singapore,RUS,24.0,MEDIUM,24.0,36.445625,98.518
Singapore,RUS,25.0,MEDIUM,25.0,36.445625,98.892
Singapore,RUS,26.0,MEDIUM,26.0,36.445625,98.757
Singapore,RUS,29.0,HARD,2.0,36.445625,97.097
Singapore,RUS,30.0,HARD,3.0,36.445625,97.047
Singapore,RUS,31.0,HARD,4.0,36.445625,97.404
Singapore,RUS,32.0,HARD,5.0,36.445625,97.348
Singapore,RUS,33.0,HARD,6.0,36.445625,97.449
Singapore,RUS,34.0,HARD,7.0,36.445625,98.356
Singapore,RUS,35.0,HARD,8.0,36.445625,99.168
Singapore,RUS,36.0,HARD,9.0,36.445625,99.164
Singapore,RUS,37.0,HARD,10.0,36.445625,97.786
Singapore,RUS,38.0,HARD,11.0,36.445625,97.577
Singapore,RUS,39.0,HARD,12.0,36.445625,97.369
Singapore,RUS,40.0,HARD,13.0,36.445625,97.545
Singapore,RUS,41.0,HARD,14.0,36.445625,97.224
Singapore,RUS,42.0,HARD,15.0,36.445625,97.316
Singapore,RUS,43.0,HARD,16.0,36.445625,97.236
Singapore,RUS,44.0,HARD,17.0,36.445625,97.701
Singapore,RUS,45.0,HARD,18.0,36.445625,99.372
Singapore,RUS,46.0,HARD,19.0,36.445625,98.413
Singapore,RUS,47.0,HARD,20.0,36.445625,97.636
Singapore,RUS,48.0,HARD,21.0,36.445625,97.596
Singapore,RUS,49.0,HARD,22.0,36.445625,97.408
Singapore,RUS,50.0,HARD,23.0,36.445625,98.007
Singapore,RUS,51.0,HARD,24.0,36.445625,97.545
Singapore,RUS,52.0,HARD,25.0,36.445625,97.299
Singapore,RUS,53.0,HARD,26.0,36.445625,97.497
Singapore,RUS,54.0,HARD,27.0,36.445625,97.38
Singapore,RUS,55.0,HARD,28.0,36.445625,97.311
Singapore,RUS,56.0,HARD,29.0,36.445625,97.381
Singapore,RUS,57.0,HARD,30.0,36.445625,97.575
Singapore,RUS,58.0,HARD,31.0,36.445625,97.796
Singapore,RUS,59.0,HARD,32.0,36.445625,98.326
Singapore,RUS,60.0,HARD,33.0,36.445625,97.872
Singapore,RUS,61.0,HARD,34.0,36.445625,98.282
Singapore,RUS,62.0,HARD,35.0,36.445625,98.155
Singapore,LEC,2.0,MEDIUM,2.0,36.445625,99.775
Singapore,LEC,3.0,MEDIUM,3.0,36.445625,99.14
Singapore,LEC,4.0,MEDIUM,4.0,36.445625,99.31
Singapore,LEC,5.0,MEDIUM,5.0,36.445625,99.041
Singapore,LEC,6.0,MEDIUM,6.0,36.445625,98.797
Singapore,LEC,7.0,MEDIUM,7.0,36.445625,98.645
Singapore,LEC,8.0,MEDIUM,8.0,36.445625,98.727
Singapore,LEC,9.0,MEDIUM,9.0,36.445625,98.691
Singapore,LEC,10.0,MEDIUM,10.0,36.445625,98.582
Singapore,LEC,11.0,MEDIUM,11.0,36.445625,98.913
Singapore,LEC,12.0,MEDIUM,12.0,36.445625,98.776
Singapore,LEC,13.0,MEDIUM,13.0,36.445625,98.671
Singapore,LEC,14.0,MEDIUM,14.0,36.445625,98.707
Singapore,LEC,15.0,MEDIUM,15.0,36.445625,98.515
Singapore,LEC,16.0,MEDIUM,16.0,36.445625,98.904
Singapore,LEC,17.0,MEDIUM,17.0,36.445625,99.561
Singapore,LEC,18.0,MEDIUM,18.0,36.445625,98.814
Singapore,LEC,19.0,MEDIUM,19.0,36.445625,98.734
Singapore,LEC,20.0,MEDIUM,20.0,36.445625,99.087
Singapore,LEC,21.0,MEDIUM,21.0,36.445625,99.315
Singapore,LEC,22.0,MEDIUM,22.0,36.445625,99.008
Singapore,LEC,23.0,MEDIUM,23.0,36.445625,99.688
Singapore,LEC,24.0,MEDIUM,24.0,36.445625,99.372
Singapore,LEC,25.0,MEDIUM,25.0,36.445625,100.029
Singapore,LEC,26.0,MEDIUM,26.0,36.445625,98.867
Singapore,LEC,27.0,MEDIUM,27.0,36.445625,99.153
Singapore,LEC,28.0,MEDIUM,28.0,36.445625,99.795
Singapore,LEC,29.0,MEDIUM,29.0,36.445625,98.371
Singapore,LEC,30.0,MEDIUM,30.0,36.445625,99.543
Singapore,LEC,31.0,MEDIUM,31.0,36.445625,99.214
Singapore,LEC,32.0,MEDIUM,32.0,36.445625,98.505
Singapore,LEC,33.0,MEDIUM,33.0,36.445625,98.187
Singapore,LEC,34.0,MEDIUM,34.0,36.445625,98.494
Singapore,LEC,35.0,MEDIUM,35.0,36.445625,99.264
Singapore,LEC,38.0,HARD,2.0,36.445625,96.556
Singapore,LEC,39.0,HARD,3.0,36.445625,96.287
Singapore,LEC,40.0,HARD,4.0,36.445625,97.48
Singapore,LEC,41.0,HARD,5.0,36.445625,96.166
Singapore,LEC,42.0,HARD,6.0,36.445625,97.266
Singapore,LEC,43.0,HARD,7.0,36.445625,95.849
Singapore,LEC,44.0,HARD,8.0,36.445625,95.639
Singapore,LEC,45.0,HARD,9.0,36.445625,95.716
Singapore,LEC,46.0,HARD,10.0,36.445625,95.371
Singapore,LEC,47.0,HARD,11.0,36.445625,95.758
Singapore,LEC,48.0,HARD,12.0,36.445625,95.792
Singapore,LEC,49.0,HARD,13.0,36.445625,96.252
Singapore,LEC,50.0,HARD,14.0,36.445625,97.53
Singapore,LEC,51.0,HARD,15.0,36.445625,96.424
Singapore,LEC,52.0,HARD,16.0,36.445625,96.02
Singapore,LEC,53.0,HARD,17.0,36.445625,96.099
Singapore,LEC,54.0,HARD,18.0,36.445625,96.454
Singapore,LEC,55.0,HARD,19.0,36.445625,96.56
Singapore,LEC,56.0,HARD,20.0,36.445625,96.497
Singapore,LEC,57.0,HARD,21.0,36.445625,96.802
Singapore,LEC,58.0,HARD,22.0,36.445625,97.51
Singapore,LEC,59.0,HARD,23.0,36.445625,98.218
Singapore,LEC,60.0,HARD,24.0,36.445625,98.166
Singapore,LEC,61.0,HARD,25.0,36.445625,98.326
Singapore,LEC,62.0,HARD,26.0,36.445625,98.726
Singapore,HAM,1.0,SOFT,3.0,36.445625,102.702
Singapore,HAM,2.0,SOFT,4.0,36.445625,98.853
Singapore,HAM,3.0,SOFT,5.0,36.445625,99.254
Singapore,HAM,4.0,SOFT,6.0,36.445625,99.068
Singapore,HAM,5.0,SOFT,7.0,36.445625,98.294
Singapore,HAM,6.0,SOFT,8.0,36.445625,98.271
Singapore,HAM,7.0,SOFT,9.0,36.445625,98.38
Singapore,HAM,8.0,SOFT,10.0,36.445625,98.246
Singapore,HAM,9.0,SOFT,11.0,36.445625,98.027
Singapore,HAM,10.0,SOFT,12.0,36.445625,98.309
Singapore,HAM,11.0,SOFT,13.0,36.445625,97.916
Singapore,HAM,12.0,SOFT,14.0,36.445625,97.984
Singapore,HAM,13.0,SOFT,15.0,36.445625,98.102
Singapore,HAM,14.0,SOFT,16.0,36.445625,98.174
Singapore,HAM,15.0,SOFT,17.0,36.445625,98.287
Singapore,HAM,16.0,SOFT,18.0,36.445625,99.044
Singapore,HAM,19.0,HARD,2.0,36.445625,98.202
Singapore,HAM,20.0,HARD,3.0,36.445625,98.745
Singapore,HAM,21.0,HARD,4.0,36.445625,98.916
Singapore,HAM,22.0,HARD,5.0,36.445625,98.194
Singapore,HAM,23.0,HARD,6.0,36.445625,98.396
Singapore,HAM,24.0,HARD,7.0,36.445625,98.352
Singapore,HAM,25.0,HARD,8.0,36.445625,100.158
Singapore,HAM,26.0,HARD,9.0,36.445625,100.171
Singapore,HAM,27.0,HARD,10.0,36.445625,99.999
Singapore,HAM,28.0,HARD,11.0,36.445625,98.455
Singapore,HAM,29.0,HARD,12.0,36.445625,98.026
Singapore,HAM,30.0,HARD,13.0,36.445625,97.833
Singapore,HAM,31.0,HARD,14.0,36.445625,98.44
Singapore,HAM,32.0,HARD,15.0,36.445625,97.696
Singapore,HAM,33.0,HARD,16.0,36.445625,97.447
Singapore,HAM,34.0,HARD,17.0,36.445625,97.413
Singapore,HAM,35.0,HARD,18.0,36.445625,97.68
Singapore,HAM,36.0,HARD,19.0,36.445625,97.985
Singapore,HAM,37.0,HARD,20.0,36.445625,97.938
Singapore,HAM,38.0,HARD,21.0,36.445625,97.765
Singapore,HAM,39.0,HARD,22.0,36.445625,97.971
Singapore,HAM,40.0,HARD,23.0,36.445625,99.333
Singapore,HAM,41.0,HARD,24.0,36.445625,98.19
Singapore,HAM,42.0,HARD,25.0,36.445625,98.115
Singapore,HAM,43.0,HARD,26.0,36.445625,97.393
Singapore,HAM,44.0,HARD,27.0,36.445625,97.593
Singapore,HAM,45.0,HARD,28.0,36.445625,97.801
Singapore,HAM,46.0,HARD,29.0,36.445625,97.797
Singapore,HAM,47.0,HARD,30.0,36.445625,97.922
Singapore,HAM,48.0,HARD,31.0,36.445625,98.294
Singapore,HAM,49.0,HARD,32.0,36.445625,98.331
Singapore,HAM,50.0,HARD,33.0,36.445625,100.411
Singapore,HAM,51.0,HARD,34.0,36.445625,98.647
Singapore,HAM,52.0,HARD,35.0,36.445625,98.627
Singapore,HAM,53.0,HARD,36.0,36.445625,98.669
Singapore,HAM,54.0,HARD,37.0,36.445625,98.352
Singapore,HAM,55.0,HARD,38.0,36.445625,98.634
Singapore,HAM,56.0,HARD,39.0,36.445625,99.121
Singapore,HAM,57.0,HARD,40.0,36.445625,99.034
Singapore,HAM,58.0,HARD,41.0,36.445625,98.686
Singapore,HAM,59.0,HARD,42.0,36.445625,99.006
Singapore,HAM,60.0,HARD,43.0,36.445625,98.793
Singapore,HAM,61.0,HARD,44.0,36.445625,99.114
Singapore,HAM,62.0,HARD,45.0,36.445625,99.693
Singapore,SAI,2.0,MEDIUM,2.0,36.445625,100.217
Singapore,SAI,3.0,MEDIUM,3.0,36.445625,99.441
Singapore,SAI,4.0,MEDIUM,4.0,36.445625,99.105
Singapore,SAI,5.0,MEDIUM,5.0,36.445625,99.118
Singapore,SAI,6.0,MEDIUM,6.0,36.445625,99.221
Singapore,SAI,7.0,MEDIUM,7.0,36.445625,99.349
Singapore,SAI,8.0,MEDIUM,8.0,36.445625,98.784
Singapore,SAI,9.0,MEDIUM,9.0,36.445625,99.072
Singapore,SAI,10.0,MEDIUM,10.0,36.445625,98.947
Singapore,SAI,11.0,MEDIUM,11.0,36.445625,98.694
Singapore,SAI,12.0,MEDIUM,12.0,36.445625,99.713
Singapore,SAI,15.0,HARD,2.0,36.445625,96.561
Singapore,SAI,16.0,HARD,3.0,36.445625,96.908
Singapore,SAI,17.0,HARD,4.0,36.445625,97.479
Singapore,SAI,18.0,HARD,5.0,36.445625,98.151
Singapore,SAI,19.0,HARD,6.0,36.445625,98.181
Singapore,SAI,20.0,HARD,7.0,36.445625,98.813
Singapore,SAI,21.0,HARD,8.0,36.445625,99.138
Singapore,SAI,22.0,HARD,9.0,36.445625,98.79
Singapore,SAI,23.0,HARD,10.0,36.445625,98.424
Singapore,SAI,24.0,HARD,11.0,36.445625,99.011
Singapore,SAI,25.0,HARD,12.0,36.445625,99.596
Singapore,SAI,26.0,HARD,13.0,36.445625,99.274
Singapore,SAI,27.0,HARD,14.0,36.445625,99.193
Singapore,SAI,28.0,HARD,15.0,36.445625,99.363
Singapore,SAI,29.0,HARD,16.0,36.445625,98.961
Singapore,SAI,30.0,HARD,17.0,36.445625,98.207
Singapore,SAI,31.0,HARD,18.0,36.445625,98.375
Singapore,SAI,32.0,HARD,19.0,36.445625,98.598
Singapore,SAI,33.0,HARD,20.0,36.445625,99.354
Singapore,SAI,34.0,HARD,21.0,36.445625,98.399
Singapore,SAI,35.0,HARD,22.0,36.445625,98.324
Singapore,SAI,36.0,HARD,23.0,36.445625,97.95
Singapore,SAI,37.0,HARD,24.0,36.445625,98.307
Singapore,SAI,38.0,HARD,25.0,36.445625,97.971
Singapore,SAI,39.0,HARD,26.0,36.445625,97.802
Singapore,SAI,40.0,HARD,27.0,36.445625,97.965
Singapore,SAI,41.0,HARD,28.0,36.445625,98.236
Singapore,SAI,42.0,HARD,29.0,36.445625,99.534
Singapore,SAI,43.0,HARD,30.0,36.445625,98.602
Singapore,SAI,44.0,HARD,31.0,36.445625,97.87
Singapore,SAI,45.0,HARD,32.0,36.445625,98.117
Singapore,SAI,46.0,HARD,33.0,36.445625,98.412
Singapore,SAI,47.0,HARD,34.0,36.445625,98.015
Singapore,SAI,48.0,HARD,35.0,36.445625,97.85
Singapore,SAI,49.0,HARD,36.0,36.445625,98.019
Singapore,SAI,50.0,HARD,37.0,36.445625,98.186
Singapore,SAI,51.0,HARD,38.0,36.445625,98.534
Singapore,SAI,52.0,HARD,39.0,36.445625,98.499
Singapore,SAI,53.0,HARD,40.0,36.445625,98.154
Singapore,SAI,54.0,HARD,41.0,36.445625,98.04
Singapore,SAI,55.0,HARD,42.0,36.445625,98.219
Singapore,SAI,56.0,HARD,43.0,36.445625,98.131
Singapore,SAI,57.0,HARD,44.0,36.445625,98.154
Singapore,SAI,58.0,HARD,45.0,36.445625,98.275
Singapore,SAI,59.0,HARD,46.0,36.445625,98.558
Singapore,SAI,60.0,HARD,47.0,36.445625,98.838
Singapore,SAI,61.0,HARD,48.0,36.445625,98.3
Singapore,SAI,62.0,HARD,49.0,36.445625,99.771
Singapore,ALO,2.0,MEDIUM,3.0,36.445625,99.584
Singapore,ALO,3.0,MEDIUM,4.0,36.445625,99.286
Singapore,ALO,4.0,MEDIUM,5.0,36.445625,99.395
Singapore,ALO,5.0,MEDIUM,6.0,36.445625,99.036
Singapore,ALO,6.0,MEDIUM,7.0,36.445625,98.795
Singapore,ALO,7.0,MEDIUM,8.0,36.445625,98.72
Singapore,ALO,8.0,MEDIUM,9.0,36.445625,98.542
Singapore,ALO,9.0,MEDIUM,10.0,36.445625,98.644
Singapore,ALO,10.0,MEDIUM,11.0,36.445625,98.765
Singapore,ALO,11.0,MEDIUM,12.0,36.445625,98.666
Singapore,ALO,12.0,MEDIUM,13.0,36.445625,98.874
Singapore,ALO,13.0,MEDIUM,14.0,36.445625,98.719
Singapore,ALO,14.0,MEDIUM,15.0,36.445625,98.524
Singapore,ALO,15.0,MEDIUM,16.0,36.445625,99.008
Singapore,ALO,16.0,MEDIUM,17.0,36.445625,98.862
Singapore,ALO,17.0,MEDIUM,18.0,36.445625,98.811
Singapore,ALO,18.0,MEDIUM,19.0,36.445625,98.718
Singapore,ALO,19.0,MEDIUM,20.0,36.445625,99.283
Singapore,ALO,20.0,MEDIUM,21.0,36.445625,99.367
Singapore,ALO,21.0,MEDIUM,22.0,36.445625,99.264
Singapore,ALO,22.0,MEDIUM,23.0,36.445625,99.272
Singapore,ALO,23.0,MEDIUM,24.0,36.445625,99.243
Singapore,ALO,24.0,MEDIUM,25.0,36.445625,99.597
Singapore,ALO,27.0,HARD,3.0,36.445625,98.49
Singapore,ALO,28.0,HARD,4.0,36.445625,98.826
Singapore,ALO,29.0,HARD,5.0,36.445625,98.614
Singapore,ALO,30.0,HARD,6.0,36.445625,98.562
Singapore,ALO,31.0,HARD,7.0,36.445625,98.432
Singapore,ALO,32.0,HARD,8.0,36.445625,98.603
Singapore,ALO,33.0,HARD,9.0,36.445625,98.161
Singapore,ALO,34.0,HARD,10.0,36.445625,98.487
Singapore,ALO,35.0,HARD,11.0,36.445625,98.14
Singapore,ALO,36.0,HARD,12.0,36.445625,98.211
Singapore,ALO,37.0,HARD,13.0,36.445625,97.928
Singapore,ALO,38.0,HARD,14.0,36.445625,98.223
Singapore,ALO,39.0,HARD,15.0,36.445625,98.21
Singapore,ALO,40.0,HARD,16.0,36.445625,99.282
Singapore,ALO,41.0,HARD,17.0,36.445625,98.311
Singapore,ALO,42.0,HARD,18.0,36.445625,99.186
Singapore,ALO,43.0,HARD,19.0,36.445625,98.122
Singapore,ALO,44.0,HARD,20.0,36.445625,98.217
Singapore,ALO,45.0,HARD,21.0,36.445625,98.118
Singapore,ALO,46.0,HARD,22.0,36.445625,97.988
Singapore,ALO,47.0,HARD,23.0,36.445625,98.119
Singapore,ALO,48.0,HARD,24.0,36.445625,98.01
Singapore,ALO,49.0,HARD,25.0,36.445625,98.24
Singapore,ALO,50.0,HARD,26.0,36.445625,98.54
Singapore,ALO,51.0,HARD,27.0,36.445625,97.882
Singapore,ALO,52.0,HARD,28.0,36.445625,97.995
Singapore,ALO,53.0,HARD,29.0,36.445625,97.886
Singapore,ALO,54.0,HARD,30.0,36.445625,97.741
Singapore,ALO,55.0,HARD,31.0,36.445625,97.951
Singapore,ALO,56.0,HARD,32.0,36.445625,97.912
Singapore,ALO,57.0,HARD,33.0,36.445625,98.082
Singapore,ALO,58.0,HARD,34.0,36.445625,98.265
Singapore,ALO,59.0,HARD,35.0,36.445625,98.101
Singapore,ALO,60.0,HARD,36.0,36.445625,98.573
Singapore,ALO,61.0,HARD,37.0,36.445625,101.282
Singapore,HUL,2.0,MEDIUM,2.0,36.445625,99.449
Singapore,HUL,3.0,MEDIUM,3.0,36.445625,99.222
Singapore,HUL,4.0,MEDIUM,4.0,36.445625,99.51
Singapore,HUL,5.0,MEDIUM,5.0,36.445625,98.649
Singapore,HUL,6.0,MEDIUM,6.0,36.445625,98.903
Singapore,HUL,7.0,MEDIUM,7.0,36.445625,98.736
Singapore,HUL,8.0,MEDIUM,8.0,36.445625,98.821
Singapore,HUL,9.0,MEDIUM,9.0,36.445625,98.404
Singapore,HUL,10.0,MEDIUM,10.0,36.445625,98.798
Singapore,HUL,11.0,MEDIUM,11.0,36.445625,98.688
Singapore,HUL,12.0,MEDIUM,12.0,36.445625,98.887
Singapore,HUL,13.0,MEDIUM,13.0,36.445625,98.721
Singapore,HUL,14.0,MEDIUM,14.0,36.445625,98.607
Singapore,HUL,15.0,MEDIUM,15.0,36.445625,98.799
Singapore,HUL,16.0,MEDIUM,16.0,36.445625,99.054
Singapore,HUL,17.0,MEDIUM,17.0,36.445625,98.771
Singapore,HUL,18.0,MEDIUM,18.0,36.445625,98.858
Singapore,HUL,19.0,MEDIUM,19.0,36.445625,99.143
Singapore,HUL,20.0,MEDIUM,20.0,36.445625,99.438
Singapore,HUL,21.0,MEDIUM,21.0,36.445625,99.25
Singapore,HUL,22.0,MEDIUM,22.0,36.445625,99.128
Singapore,HUL,23.0,MEDIUM,23.0,36.445625,99.465
Singapore,HUL,24.0,MEDIUM,24.0,36.445625,99.268
Singapore,HUL,25.0,MEDIUM,25.0,36.445625,99.691
Singapore,HUL,26.0,MEDIUM,26.0,36.445625,99.569
Singapore,HUL,27.0,MEDIUM,27.0,36.445625,99.773
Singapore,HUL,28.0,MEDIUM,28.0,36.445625,101.269
Singapore,HUL,31.0,HARD,2.0,36.445625,98.546
Singapore,HUL,32.0,HARD,3.0,36.445625,98.385
Singapore,HUL,33.0,HARD,4.0,36.445625,97.8
Singapore,HUL,34.0,HARD,5.0,36.445625,98.002
Singapore,HUL,35.0,HARD,6.0,36.445625,97.47
Singapore,HUL,36.0,HARD,7.0,36.445625,97.827
Singapore,HUL,37.0,HARD,8.0,36.445625,98.49
Singapore,HUL,38.0,HARD,9.0,36.445625,97.941
Singapore,HUL,39.0,HARD,10.0,36.445625,97.811
Singapore,HUL,40.0,HARD,11.0,36.445625,97.919
Singapore,HUL,41.0,HARD,12.0,36.445625,97.994
Singapore,HUL,42.0,HARD,13.0,36.445625,97.911
Singapore,HUL,43.0,HARD,14.0,36.445625,98.072
Singapore,HUL,44.0,HARD,15.0,36.445625,97.795
Singapore,HUL,45.0,HARD,16.0,36.445625,97.714
Singapore,HUL,46.0,HARD,17.0,36.445625,97.919
Singapore,HUL,47.0,HARD,18.0,36.445625,97.743
Singapore,HUL,48.0,HARD,19.0,36.445625,98.022
Singapore,HUL,49.0,HARD,20.0,36.445625,98.147
Singapore,HUL,50.0,HARD,21.0,36.445625,98.705
Singapore,HUL,51.0,HARD,22.0,36.445625,98.235
Singapore,HUL,52.0,HARD,23.0,36.445625,98.144
Singapore,HUL,53.0,HARD,24.0,36.445625,98.136
Singapore,HUL,54.0,HARD,25.0,36.445625,98.051
Singapore,HUL,55.0,HARD,26.0,36.445625,98.511
Singapore,HUL,56.0,HARD,27.0,36.445625,98.312
Singapore,HUL,57.0,HARD,28.0,36.445625,98.109
Singapore,HUL,58.0,HARD,29.0,36.445625,98.075
Singapore,HUL,59.0,HARD,30.0,36.445625,97.915
Singapore,HUL,60.0,HARD,31.0,36.445625,100.502
Singapore,HUL,61.0,HARD,32.0,36.445625,98.723
Singapore,PER,2.0,MEDIUM,2.0,36.445625,99.896
Singapore,PER,3.0,MEDIUM,3.0,36.445625,99.629
Singapore,PER,4.0,MEDIUM,4.0,36.445625,99.151
Singapore,PER,5.0,MEDIUM,5.0,36.445625,99.064
Singapore,PER,6.0,MEDIUM,6.0,36.445625,99.256
Singapore,PER,7.0,MEDIUM,7.0,36.445625,99.133
Singapore,PER,8.0,MEDIUM,8.0,36.445625,98.357
Singapore,PER,9.0,MEDIUM,9.0,36.445625,98.681
Singapore,PER,10.0,MEDIUM,10.0,36.445625,98.934
Singapore,PER,11.0,MEDIUM,11.0,36.445625,99.067
Singapore,PER,12.0,MEDIUM,12.0,36.445625,98.864
Singapore,PER,13.0,MEDIUM,13.0,36.445625,99.592
Singapore,PER,14.0,MEDIUM,14.0,36.445625,99.142
Singapore,PER,15.0,MEDIUM,15.0,36.445625,99.102
Singapore,PER,16.0,MEDIUM,16.0,36.445625,99.204
Singapore,PER,17.0,MEDIUM,17.0,36.445625,99.431
Singapore,PER,18.0,MEDIUM,18.0,36.445625,99.343
Singapore,PER,19.0,MEDIUM,19.0,36.445625,99.479
Singapore,PER,20.0,MEDIUM,20.0,36.445625,99.013
Singapore,PER,21.0,MEDIUM,21.0,36.445625,99.166
Singapore,PER,22.0,MEDIUM,22.0,36.445625,99.435
Singapore,PER,23.0,MEDIUM,23.0,36.445625,99.432
Singapore,PER,24.0,MEDIUM,24.0,36.445625,99.672
Singapore,PER,25.0,MEDIUM,25.0,36.445625,99.784
Singapore,PER,26.0,MEDIUM,26.0,36.445625,100.035
Singapore,PER,27.0,MEDIUM,27.0,36.445625,99.713
Singapore,PER,30.0,HARD,2.0,36.445625,99.589
Singapore,PER,31.0,HARD,3.0,36.445625,98.404
Singapore,PER,32.0,HARD,4.0,36.445625,98.407
Singapore,PER,33.0,HARD,5.0,36.445625,97.477
Singapore,PER,34.0,HARD,6.0,36.445625,97.992
Singapore,PER,35.0,HARD,7.0,36.445625,97.858
Singapore,PER,36.0,HARD,8.0,36.445625,98.556
Singapore,PER,37.0,HARD,9.0,36.445625,98.175
Singapore,PER,38.0,HARD,10.0,36.445625,98.133
Singapore,PER,39.0,HARD,11.0,36.445625,97.84
Singapore,PER,40.0,HARD,12.0,36.445625,97.878
Singapore,PER,41.0,HARD,13.0,36.445625,97.821
Singapore,PER,42.0,HARD,14.0,36.445625,97.649
Singapore,PER,43.0,HARD,15.0,36.445625,97.672
Singapore,PER,44.0,HARD,16.0,36.445625,97.783
Singapore,PER,45.0,HARD,17.0,36.445625,97.6
Singapore,PER,46.0,HARD,18.0,36.445625,97.959
Singapore,PER,47.0,HARD,19.0,36.445625,97.754
Singapore,PER,48.0,HARD,20.0,36.445625,97.981
Singapore,PER,49.0,HARD,21.0,36.445625,98.074
Singapore,PER,50.0,HARD,22.0,36.445625,98.722
Singapore,PER,51.0,HARD,23.0,36.445625,98.057
Singapore,PER,52.0,HARD,24.0,36.445625,98.236
Singapore,PER,53.0,HARD,25.0,36.445625,98.121
Singapore,PER,54.0,HARD,26.0,36.445625,98.018
Singapore,PER,55.0,HARD,27.0,36.445625,98.499
Singapore,PER,56.0,HARD,28.0,36.445625,99.127
Singapore,PER,57.0,HARD,29.0,36.445625,98.347
Singapore,PER,58.0,HARD,30.0,36.445625,98.012
Singapore,PER,59.0,HARD,31.0,36.445625,100.652
Singapore,PER,60.0,HARD,32.0,36.445625,98.149
Singapore,PER,61.0,HARD,33.0,36.445625,98.274
Singapore,COL,2.0,MEDIUM,2.0,36.445625,99.89
Singapore,COL,3.0,MEDIUM,3.0,36.445625,99.371
Singapore,COL,4.0,MEDIUM,4.0,36.445625,99.29
Singapore,COL,5.0,MEDIUM,5.0,36.445625,98.954
Singapore,COL,6.0,MEDIUM,6.0,36.445625,99.06
Singapore,COL,7.0,MEDIUM,7.0,36.445625,98.94
Singapore,COL,8.0,MEDIUM,8.0,36.445625,98.934
Singapore,COL,9.0,MEDIUM,9.0,36.445625,98.73
Singapore,COL,10.0,MEDIUM,10.0,36.445625,98.833
Singapore,COL,11.0,MEDIUM,11.0,36.445625,98.756
Singapore,COL,12.0,MEDIUM,12.0,36.445625,98.894
Singapore,COL,13.0,MEDIUM,13.0,36.445625,98.94
Singapore,COL,14.0,MEDIUM,14.0,36.445625,99.139
Singapore,COL,15.0,MEDIUM,15.0,36.445625,98.858
Singapore,COL,16.0,MEDIUM,16.0,36.445625,98.865
Singapore,COL,17.0,MEDIUM,17.0,36.445625,99.21
Singapore,COL,18.0,MEDIUM,18.0,36.445625,99.078
Singapore,COL,19.0,MEDIUM,19.0,36.445625,99.024
Singapore,COL,20.0,MEDIUM,20.0,36.445625,98.682
Singapore,COL,21.0,MEDIUM,21.0,36.445625,99.327
Singapore,COL,22.0,MEDIUM,22.0,36.445625,98.959
Singapore,COL,23.0,MEDIUM,23.0,36.445625,99.621
Singapore,COL,24.0,MEDIUM,24.0,36.445625,99.047
Singapore,COL,25.0,MEDIUM,25.0,36.445625,99.886
Singapore,COL,26.0,MEDIUM,26.0,36.445625,99.427
Singapore,COL,27.0,MEDIUM,27.0,36.445625,99.701
Singapore,COL,28.0,MEDIUM,28.0,36.445625,99.813
Singapore,COL,31.0,HARD,2.0,36.445625,100.451
Singapore,COL,32.0,HARD,3.0,36.445625,98.081
Singapore,COL,33.0,HARD,4.0,36.445625,97.739
Singapore,COL,34.0,HARD,5.0,36.445625,97.983
Singapore,COL,35.0,HARD,6.0,36.445625,97.262
Singapore,COL,36.0,HARD,7.0,36.445625,97.789
Singapore,COL,37.0,HARD,8.0,36.445625,99.435
Singapore,COL,38.0,HARD,9.0,36.445625,97.707
Singapore,COL,39.0,HARD,10.0,36.445625,97.679
Singapore,COL,40.0,HARD,11.0,36.445625,97.555
Singapore,COL,41.0,HARD,12.0,36.445625,97.659
Singapore,COL,42.0,HARD,13.0,36.445625,97.721
Singapore,COL,43.0,HARD,14.0,36.445625,97.793
Singapore,COL,44.0,HARD,15.0,36.445625,97.637
Singapore,COL,45.0,HARD,16.0,36.445625,97.956
Singapore,COL,46.0,HARD,17.0,36.445625,97.55
Singapore,COL,47.0,HARD,18.0,36.445625,97.458
Singapore,COL,48.0,HARD,19.0,36.445625,97.936
Singapore,COL,49.0,HARD,20.0,36.445625,97.8
Singapore,COL,50.0,HARD,21.0,36.445625,98.692
Singapore,COL,51.0,HARD,22.0,36.445625,98.94
Singapore,COL,52.0,HARD,23.0,36.445625,98.348
Singapore,COL,53.0,HARD,24.0,36.445625,97.856
Singapore,COL,54.0,HARD,25.0,36.445625,97.79
Singapore,COL,55.0,HARD,26.0,36.445625,98.057
Singapore,COL,56.0,HARD,27.0,36.445625,101.189
Singapore,COL,57.0,HARD,28.0,36.445625,98.823
Singapore,COL,58.0,HARD,29.0,36.445625,97.844
Singapore,COL,59.0,HARD,30.0,36.445625,98.485
Singapore,COL,60.0,HARD,31.0,36.445625,98.712
Singapore,COL,61.0,HARD,32.0,36.445625,98.075
Singapore,TSU,2.0,MEDIUM,2.0,36.445625,99.994
Singapore,TSU,3.0,MEDIUM,3.0,36.445625,99.42
Singapore,TSU,4.0,MEDIUM,4.0,36.445625,99.296
Singapore,TSU,5.0,MEDIUM,5.0,36.445625,99.034
Singapore,TSU,6.0,MEDIUM,6.0,36.445625,99.277
Singapore,TSU,7.0,MEDIUM,7.0,36.445625,99.262
Singapore,TSU,8.0,MEDIUM,8.0,36.445625,98.905
Singapore,TSU,9.0,MEDIUM,9.0,36.445625,98.918
Singapore,TSU,10.0,MEDIUM,10.0,36.445625,98.861
Singapore,TSU,11.0,MEDIUM,11.0,36.445625,98.938
Singapore,TSU,12.0,MEDIUM,12.0,36.445625,99.673
Singapore,TSU,13.0,MEDIUM,13.0,36.445625,99.488
Singapore,TSU,14.0,MEDIUM,14.0,36.445625,99.585
Singapore,TSU,15.0,MEDIUM,15.0,36.445625,99.349
Singapore,TSU,16.0,MEDIUM,16.0,36.445625,99.195
Singapore,TSU,17.0,MEDIUM,17.0,36.445625,99.249
Singapore,TSU,18.0,MEDIUM,18.0,36.445625,99.658
Singapore,TSU,19.0,MEDIUM,19.0,36.445625,99.672
Singapore,TSU,20.0,MEDIUM,20.0,36.445625,99.566
Singapore,TSU,21.0,MEDIUM,21.0,36.445625,99.785
Singapore,TSU,22.0,MEDIUM,22.0,36.445625,99.417
Singapore,TSU,23.0,MEDIUM,23.0,36.445625,99.444
Singapore,TSU,24.0,MEDIUM,24.0,36.445625,99.444
Singapore,TSU,25.0,MEDIUM,25.0,36.445625,100.589
Singapore,TSU,26.0,MEDIUM,26.0,36.445625,99.898
Singapore,TSU,27.0,MEDIUM,27.0,36.445625,101.874
Singapore,TSU,28.0,MEDIUM,28.0,36.445625,100.294
Singapore,TSU,29.0,MEDIUM,29.0,36.445625,100.067
Singapore,TSU,30.0,MEDIUM,30.0,36.445625,99.971
Singapore,TSU,31.0,MEDIUM,31.0,36.445625,100.162
Singapore,TSU,32.0,MEDIUM,32.0,36.445625,100.018
Singapore,TSU,35.0,SOFT,5.0,36.445625,98.876
Singapore,TSU,36.0,SOFT,6.0,36.445625,98.73
Singapore,TSU,37.0,SOFT,7.0,36.445625,98.677
Singapore,TSU,38.0,SOFT,8.0,36.445625,98.144
Singapore,TSU,39.0,SOFT,9.0,36.445625,97.771
Singapore,TSU,40.0,SOFT,10.0,36.445625,97.734
Singapore,TSU,41.0,SOFT,11.0,36.445625,98.271
Singapore,TSU,42.0,SOFT,12.0,36.445625,97.644
Singapore,TSU,43.0,SOFT,13.0,36.445625,97.428
Singapore,TSU,44.0,SOFT,14.0,36.445625,99.35
Singapore,TSU,45.0,SOFT,15.0,36.445625,97.67
Singapore,TSU,46.0,SOFT,16.0,36.445625,97.22
Singapore,TSU,47.0,SOFT,17.0,36.445625,97.236
Singapore,TSU,48.0,SOFT,18.0,36.445625,97.297
Singapore,TSU,49.0,SOFT,19.0,36.445625,96.889
Singapore,TSU,50.0,SOFT,20.0,36.445625,96.797
Singapore,TSU,51.0,SOFT,21.0,36.445625,96.767
Singapore,TSU,52.0,SOFT,22.0,36.445625,96.519
Singapore,TSU,53.0,SOFT,23.0,36.445625,96.393
Singapore,TSU,54.0,SOFT,24.0,36.445625,97.096
Singapore,TSU,55.0,SOFT,25.0,36.445625,96.9
Singapore,TSU,56.0,SOFT,26.0,36.445625,97.176
Singapore,TSU,57.0,SOFT,27.0,36.445625,97.283
Singapore,TSU,58.0,SOFT,28.0,36.445625,97.089
Singapore,TSU,59.0,SOFT,29.0,36.445625,97.287
Singapore,TSU,60.0,SOFT,30.0,36.445625,97.901
Singapore,TSU,61.0,SOFT,31.0,36.445625,98.95
Singapore,OCO,2.0,MEDIUM,2.0,36.445625,100.405
Singapore,OCO,3.0,MEDIUM,3.0,36.445625,99.512
Singapore,OCO,4.0,MEDIUM,4.0,36.445625,99.087
Singapore,OCO,5.0,MEDIUM,5.0,36.445625,99.221
Singapore,OCO,6.0,MEDIUM,6.0,36.445625,99.297
Singapore,OCO,7.0,MEDIUM,7.0,36.445625,99.245
Singapore,OCO,8.0,MEDIUM,8.0,36.445625,98.999
Singapore,OCO,9.0,MEDIUM,9.0,36.445625,99.411
Singapore,OCO,10.0,MEDIUM,10.0,36.445625,99.319
Singapore,OCO,11.0,MEDIUM,11.0,36.445625,99.166
Singapore,OCO,12.0,MEDIUM,12.0,36.445625,99.276
Singapore,OCO,13.0,MEDIUM,13.0,36.445625,99.579
Singapore,OCO,14.0,MEDIUM,14.0,36.445625,99.435
Singapore,OCO,15.0,MEDIUM,15.0,36.445625,99.276
Singapore,OCO,16.0,MEDIUM,16.0,36.445625,99.468
Singapore,OCO,17.0,MEDIUM,17.0,36.445625,99.485
Singapore,OCO,18.0,MEDIUM,18.0,36.445625,99.904
Singapore,OCO,19.0,MEDIUM,19.0,36.445625,99.857
Singapore,OCO,20.0,MEDIUM,20.0,36.445625,99.883
Singapore,OCO,21.0,MEDIUM,21.0,36.445625,99.941
Singapore,OCO,22.0,MEDIUM,22.0,36.445625,101.176
Singapore,OCO,23.0,MEDIUM,23.0,36.445625,100.263
Singapore,OCO,24.0,MEDIUM,24.0,36.445625,99.971
Singapore,OCO,25.0,MEDIUM,25.0,36.445625,99.992
Singapore,OCO,26.0,MEDIUM,26.0,36.445625,100.689
Singapore,OCO,27.0,MEDIUM,27.0,36.445625,100.864
Singapore,OCO,28.0,MEDIUM,28.0,36.445625,100.723
Singapore,OCO,31.0,HARD,2.0,36.445625,98.887
Singapore,OCO,32.0,HARD,3.0,36.445625,98.512
Singapore,OCO,33.0,HARD,4.0,36.445625,98.368
Singapore,OCO,34.0,HARD,5.0,36.445625,98.441
Singapore,OCO,35.0,HARD,6.0,36.445625,98.279
Singapore,OCO,36.0,HARD,7.0,36.445625,98.598
Singapore,OCO,37.0,HARD,8.0,36.445625,100.839
Singapore,OCO,38.0,HARD,9.0,36.445625,98.905
Singapore,OCO,39.0,HARD,10.0,36.445625,98.001
Singapore,OCO,40.0,HARD,11.0,36.445625,99.739
Singapore,OCO,41.0,HARD,12.0,36.445625,98.266
Singapore,OCO,42.0,HARD,13.0,36.445625,98.375
Singapore,OCO,43.0,HARD,14.0,36.445625,98.458
Singapore,OCO,44.0,HARD,15.0,36.445625,98.644
Singapore,OCO,45.0,HARD,16.0,36.445625,100.48
Singapore,OCO,46.0,HARD,17.0,36.445625,98.079
Singapore,OCO,47.0,HARD,18.0,36.445625,98.134
Singapore,OCO,48.0,HARD,19.0,36.445625,97.964
Singapore,OCO,49.0,HARD,20.0,36.445625,98.329
Singapore,OCO,50.0,HARD,21.0,36.445625,98.693
Singapore,OCO,51.0,HARD,22.0,36.445625,98.657
Singapore,OCO,52.0,HARD,23.0,36.445625,98.338
Singapore,OCO,53.0,HARD,24.0,36.445625,100.163
Singapore,OCO,54.0,HARD,25.0,36.445625,98.507
Singapore,OCO,55.0,HARD,26.0,36.445625,98.861
Singapore,OCO,56.0,HARD,27.0,36.445625,98.778
Singapore,OCO,57.0,HARD,28.0,36.445625,98.471
Singapore,OCO,58.0,HARD,29.0,36.445625,98.714
Singapore,OCO,59.0,HARD,30.0,36.445625,98.703
Singapore,OCO,60.0,HARD,31.0,36.445625,98.315
Singapore,OCO,61.0,HARD,32.0,36.445625,101.037
Singapore,STR,2.0,HARD,3.0,36.445625,101.184
Singapore,STR,3.0,HARD,4.0,36.445625,100.4
Singapore,STR,4.0,HARD,5.0,36.445625,99.543
Singapore,STR,5.0,HARD,6.0,36.445625,99.613
Singapore,STR,6.0,HARD,7.0,36.445625,99.766
Singapore,STR,7.0,HARD,8.0,36.445625,99.735
Singapore,STR,8.0,HARD,9.0,36.445625,99.738
Singapore,STR,9.0,HARD,10.0,36.445625,100.781
Singapore,STR,10.0,HARD,11.0,36.445625,99.514
Singapore,STR,11.0,HARD,12.0,36.445625,99.689
Singapore,STR,12.0,HARD,13.0,36.445625,99.738
Singapore,STR,13.0,HARD,14.0,36.445625,99.511
Singapore,STR,14.0,HARD,15.0,36.445625,99.795
Singapore,STR,15.0,HARD,16.0,36.445625,99.494
Singapore,STR,16.0,HARD,17.0,36.445625,99.923
Singapore,STR,17.0,HARD,18.0,36.445625,99.933
Singapore,STR,18.0,HARD,19.0,36.445625,100.015
Singapore,STR,19.0,HARD,20.0,36.445625,99.96
Singapore,STR,20.0,HARD,21.0,36.445625,99.929
Singapore,STR,21.0,HARD,22.0,36.445625,101.423
Singapore,STR,22.0,HARD,23.0,36.445625,100.433
Singapore,STR,23.0,HARD,24.0,36.445625,100.328
Singapore,STR,24.0,HARD,25.0,36.445625,100.183
Singapore,STR,25.0,HARD,26.0,36.445625,100.487
Singapore,STR,28.0,MEDIUM,3.0,36.445625,99.233
Singapore,STR,29.0,MEDIUM,4.0,36.445625,99.389
Singapore,STR,30.0,MEDIUM,5.0,36.445625,98.917
Singapore,STR,31.0,MEDIUM,6.0,36.445625,98.495
Singapore,STR,32.0,MEDIUM,7.0,36.445625,98.159
Singapore,STR,33.0,MEDIUM,8.0,36.445625,98.162
Singapore,STR,34.0,MEDIUM,9.0,36.445625,98.286
Singapore,STR,35.0,MEDIUM,10.0,36.445625,97.924
Singapore,STR,36.0,MEDIUM,11.0,36.445625,97.851
Singapore,STR,37.0,MEDIUM,12.0,36.445625,98.917
Singapore,STR,38.0,MEDIUM,13.0,36.445625,101.692
Singapore,STR,39.0,MEDIUM,14.0,36.445625,98.261
Singapore,STR,40.0,MEDIUM,15.0,36.445625,98.508
Singapore,STR,41.0,MEDIUM,16.0,36.445625,99.745
Singapore,STR,42.0,MEDIUM,17.0,36.445625,98.024
Singapore,STR,43.0,MEDIUM,18.0,36.445625,98.182
Singapore,STR,44.0,MEDIUM,19.0,36.445625,98.203
Singapore,STR,45.0,MEDIUM,20.0,36.445625,98.817
Singapore,STR,46.0,MEDIUM,21.0,36.445625,99.289
Singapore,STR,47.0,MEDIUM,22.0,36.445625,98.365
Singapore,STR,48.0,MEDIUM,23.0,36.445625,97.928
Singapore,STR,49.0,MEDIUM,24.0,36.445625,98.532
Singapore,STR,50.0,MEDIUM,25.0,36.445625,100.14
Singapore,STR,51.0,MEDIUM,26.0,36.445625,98.309
Singapore,STR,52.0,MEDIUM,27.0,36.445625,98.03
Singapore,STR,53.0,MEDIUM,28.0,36.445625,98.555
Singapore,STR,54.0,MEDIUM,29.0,36.445625,98.178
Singapore,STR,55.0,MEDIUM,30.0,36.445625,98.32
Singapore,STR,56.0,MEDIUM,31.0,36.445625,98.584
Singapore,STR,57.0,MEDIUM,32.0,36.445625,98.646
Singapore,STR,58.0,MEDIUM,33.0,36.445625,98.516
Singapore,STR,59.0,MEDIUM,34.0,36.445625,100.255
Singapore,STR,60.0,MEDIUM,35.0,36.445625,98.931
Singapore,STR,61.0,MEDIUM,36.0,36.445625,99.845
Singapore,ZHO,2.0,HARD,2.0,36.445625,101.595
Singapore,ZHO,3.0,HARD,3.0,36.445625,100.701
Singapore,ZHO,4.0,HARD,4.0,36.445625,99.955
Singapore,ZHO,5.0,HARD,5.0,36.445625,99.892
Singapore,ZHO,6.0,HARD,6.0,36.445625,100.062
Singapore,ZHO,7.0,HARD,7.0,36.445625,99.832
Singapore,ZHO,8.0,HARD,8.0,36.445625,99.487
Singapore,ZHO,9.0,HARD,9.0,36.445625,99.743
Singapore,ZHO,10.0,HARD,10.0,36.445625,99.36
Singapore,ZHO,11.0,HARD,11.0,36.445625,99.654
Singapore,ZHO,12.0,HARD,12.0,36.445625,99.909
Singapore,ZHO,13.0,HARD,13.0,36.445625,100.337
Singapore,ZHO,14.0,HARD,14.0,36.445625,99.82
Singapore,ZHO,15.0,HARD,15.0,36.445625,99.61
Singapore,ZHO,16.0,HARD,16.0,36.445625,99.727
Singapore,ZHO,17.0,HARD,17.0,36.445625,100.174
Singapore,ZHO,18.0,HARD,18.0,36.445625,100.059
Singapore,ZHO,19.0,HARD,19.0,36.445625,101.195
Singapore,ZHO,20.0,HARD,20.0,36.445625,100.581
Singapore,ZHO,21.0,HARD,21.0,36.445625,100.465
Singapore,ZHO,22.0,HARD,22.0,36.445625,100.115
Singapore,ZHO,23.0,HARD,23.0,36.445625,100.026
Singapore,ZHO,24.0,HARD,24.0,36.445625,100.047
Singapore,ZHO,25.0,HARD,25.0,36.445625,100.219
Singapore,ZHO,26.0,HARD,26.0,36.445625,100.4
Singapore,ZHO,27.0,HARD,27.0,36.445625,100.189
Singapore,ZHO,28.0,HARD,28.0,36.445625,99.965
Singapore,ZHO,29.0,HARD,29.0,36.445625,101.094
Singapore,ZHO,30.0,HARD,30.0,36.445625,100.857
Singapore,ZHO,31.0,HARD,31.0,36.445625,102.29
Singapore,ZHO,32.0,HARD,32.0,36.445625,101.21
Singapore,ZHO,33.0,HARD,33.0,36.445625,101.039
Singapore,ZHO,36.0,MEDIUM,2.0,36.445625,98.362
Singapore,ZHO,37.0,MEDIUM,3.0,36.445625,98.329
Singapore,ZHO,38.0,MEDIUM,4.0,36.445625,97.976
Singapore,ZHO,39.0,MEDIUM,5.0,36.445625,98.314
Singapore,ZHO,40.0,MEDIUM,6.0,36.445625,98.573
Singapore,ZHO,41.0,MEDIUM,7.0,36.445625,99.616
Singapore,ZHO,42.0,MEDIUM,8.0,36.445625,98.721
Singapore,ZHO,43.0,MEDIUM,9.0,36.445625,97.96
Singapore,ZHO,44.0,MEDIUM,10.0,36.445625,97.6
Singapore,ZHO,45.0,MEDIUM,11.0,36.445625,97.831
Singapore,ZHO,46.0,MEDIUM,12.0,36.445625,97.864
Singapore,ZHO,47.0,MEDIUM,13.0,36.445625,97.461
Singapore,ZHO,48.0,MEDIUM,14.0,36.445625,98.68
Singapore,ZHO,49.0,MEDIUM,15.0,36.445625,99.122
Singapore,ZHO,50.0,MEDIUM,16.0,36.445625,98.599
Singapore,ZHO,51.0,MEDIUM,17.0,36.445625,98.016
Singapore,ZHO,52.0,MEDIUM,18.0,36.445625,98.299
Singapore,ZHO,53.0,MEDIUM,19.0,36.445625,99.707
Singapore,ZHO,54.0,MEDIUM,20.0,36.445625,98.218
Singapore,ZHO,55.0,MEDIUM,21.0,36.445625,98.167
Singapore,ZHO,56.0,MEDIUM,22.0,36.445625,98.309
Singapore,ZHO,57.0,MEDIUM,23.0,36.445625,97.875
Singapore,ZHO,58.0,MEDIUM,24.0,36.445625,97.758
Singapore,ZHO,59.0,MEDIUM,25.0,36.445625,97.759
Singapore,ZHO,60.0,MEDIUM,26.0,36.445625,99.83
Singapore,ZHO,61.0,MEDIUM,27.0,36.445625,98.975
Singapore,BOT,2.0,HARD,2.0,36.445625,101.165
Singapore,BOT,3.0,HARD,3.0,36.445625,100.651
Singapore,BOT,4.0,HARD,4.0,36.445625,100.126
Singapore,BOT,5.0,HARD,5.0,36.445625,99.848
Singapore,BOT,6.0,HARD,6.0,36.445625,102.474
Singapore,BOT,7.0,HARD,7.0,36.445625,100.283
Singapore,BOT,8.0,HARD,8.0,36.445625,100.319
Singapore,BOT,9.0,HARD,9.0,36.445625,99.859
Singapore,BOT,10.0,HARD,10.0,36.445625,99.914
Singapore,BOT,11.0,HARD,11.0,36.445625,100.009
Singapore,BOT,12.0,HARD,12.0,36.445625,100.044
Singapore,BOT,13.0,HARD,13.0,36.445625,100.007
Singapore,BOT,14.0,HARD,14.0,36.445625,99.879
Singapore,BOT,15.0,HARD,15.0,36.445625,99.404
Singapore,BOT,16.0,HARD,16.0,36.445625,99.706
Singapore,BOT,17.0,HARD,17.0,36.445625,101.626
Singapore,BOT,18.0,HARD,18.0,36.445625,100.278
Singapore,BOT,19.0,HARD,19.0,36.445625,100.18
Singapore,BOT,20.0,HARD,20.0,36.445625,100.404
Singapore,BOT,21.0,HARD,21.0,36.445625,99.985
Singapore,BOT,22.0,HARD,22.0,36.445625,99.661
Singapore,BOT,23.0,HARD,23.0,36.445625,100.115
Singapore,BOT,24.0,HARD,24.0,36.445625,99.916
Singapore,BOT,25.0,HARD,25.0,36.445625,100.085
Singapore,BOT,26.0,HARD,26.0,36.445625,100.156
Singapore,BOT,27.0,HARD,27.0,36.445625,100.272
Singapore,BOT,28.0,HARD,28.0,36.445625,100.242
Singapore,BOT,29.0,HARD,29.0,36.445625,102.061
Singapore,BOT,30.0,HARD,30.0,36.445625,100.933
Singapore,BOT,31.0,HARD,31.0,36.445625,100.974
Singapore,BOT,32.0,HARD,32.0,36.445625,100.831
Singapore,BOT,35.0,MEDIUM,2.0,36.445625,99.292
Singapore,BOT,36.0,MEDIUM,3.0,36.445625,99.076
Singapore,BOT,37.0,MEDIUM,4.0,36.445625,98.311
Singapore,BOT,38.0,MEDIUM,5.0,36.445625,98.364
Singapore,BOT,39.0,MEDIUM,6.0,36.445625,98.287
Singapore,BOT,40.0,MEDIUM,7.0,36.445625,98.107
Singapore,BOT,41.0,MEDIUM,8.0,36.445625,100.019
Singapore,BOT,42.0,MEDIUM,9.0,36.445625,97.986
Singapore,BOT,43.0,MEDIUM,10.0,36.445625,97.988
Singapore,BOT,44.0,MEDIUM,11.0,36.445625,97.755
Singapore,BOT,45.0,MEDIUM,12.0,36.445625,97.897
Singapore,BOT,46.0,MEDIUM,13.0,36.445625,97.524
Singapore,BOT,47.0,MEDIUM,14.0,36.445625,98.235
Singapore,BOT,48.0,MEDIUM,15.0,36.445625,98.5
Singapore,BOT,49.0,MEDIUM,16.0,36.445625,98.523
Singapore,BOT,50.0,MEDIUM,17.0,36.445625,98.642
Singapore,BOT,51.0,MEDIUM,18.0,36.445625,98.274
Singapore,BOT,52.0,MEDIUM,19.0,36.445625,98.148
Singapore,BOT,53.0,MEDIUM,20.0,36.445625,99.736
Singapore,BOT,54.0,MEDIUM,21.0,36.445625,98.34
Singapore,BOT,55.0,MEDIUM,22.0,36.445625,98.195
Singapore,BOT,56.0,MEDIUM,23.0,36.445625,98.163
Singapore,BOT,57.0,MEDIUM,24.0,36.445625,97.941
Singapore,BOT,58.0,MEDIUM,25.0,36.445625,97.859
Singapore,BOT,59.0,MEDIUM,26.0,36.445625,98.364
Singapore,BOT,60.0,MEDIUM,27.0,36.445625,99.121
Singapore,BOT,61.0,MEDIUM,28.0,36.445625,98.771
Singapore,GAS,2.0,MEDIUM,2.0,36.445625,100.948
Singapore,GAS,3.0,MEDIUM,3.0,36.445625,100.394
Singapore,GAS,4.0,MEDIUM,4.0,36.445625,99.479
Singapore,GAS,5.0,MEDIUM,5.0,36.445625,99.582
Singapore,GAS,6.0,MEDIUM,6.0,36.445625,99.724
Singapore,GAS,7.0,MEDIUM,7.0,36.445625,99.621
Singapore,GAS,8.0,MEDIUM,8.0,36.445625,99.663
Singapore,GAS,9.0,MEDIUM,9.0,36.445625,100.929
Singapore,GAS,10.0,MEDIUM,10.0,36.445625,99.488
Singapore,GAS,11.0,MEDIUM,11.0,36.445625,99.263
Singapore,GAS,12.0,MEDIUM,12.0,36.445625,99.234
Singapore,GAS,13.0,MEDIUM,13.0,36.445625,99.315
Singapore,GAS,14.0,MEDIUM,14.0,36.445625,99.34
Singapore,GAS,15.0,MEDIUM,15.0,36.445625,99.491
Singapore,GAS,16.0,MEDIUM,16.0,36.445625,99.178
Singapore,GAS,17.0,MEDIUM,17.0,36.445625,99.106
Singapore,GAS,18.0,MEDIUM,18.0,36.445625,99.98
Singapore,GAS,19.0,MEDIUM,19.0,36.445625,99.619
Singapore,GAS,20.0,MEDIUM,20.0,36.445625,99.776
Singapore,GAS,21.0,MEDIUM,21.0,36.445625,99.529
Singapore,GAS,22.0,MEDIUM,22.0,36.445625,99.831
Singapore,GAS,23.0,MEDIUM,23.0,36.445625,100.239
Singapore,GAS,24.0,MEDIUM,24.0,36.445625,100.166
Singapore,GAS,25.0,MEDIUM,25.0,36.445625,101.407
Singapore,GAS,26.0,MEDIUM,26.0,36.445625,100.906
Singapore,GAS,27.0,MEDIUM,27.0,36.445625,101.737
Singapore,GAS,28.0,MEDIUM,28.0,36.445625,101.081
Singapore,GAS,29.0,MEDIUM,29.0,36.445625,100.484
Singapore,GAS,30.0,MEDIUM,30.0,36.445625,103.135
Singapore,GAS,31.0,MEDIUM,31.0,36.445625,103.156
Singapore,GAS,32.0,MEDIUM,32.0,36.445625,100.685
Singapore,GAS,33.0,MEDIUM,33.0,36.445625,100.261
Singapore,GAS,34.0,MEDIUM,34.0,36.445625,100.822
Singapore,GAS,35.0,MEDIUM,35.0,36.445625,100.699
Singapore,GAS,36.0,MEDIUM,36.0,36.445625,102.881
Singapore,GAS,39.0,SOFT,2.0,36.445625,98.029
Singapore,GAS,40.0,SOFT,3.0,36.445625,97.823
Singapore,GAS,41.0,SOFT,4.0,36.445625,97.562
Singapore,GAS,42.0,SOFT,5.0,36.445625,97.328
Singapore,GAS,43.0,SOFT,6.0,36.445625,97.638
Singapore,GAS,44.0,SOFT,7.0,36.445625,97.13
Singapore,GAS,45.0,SOFT,8.0,36.445625,97.149
Singapore,GAS,46.0,SOFT,9.0,36.445625,96.927
Singapore,GAS,47.0,SOFT,10.0,36.445625,97.995
Singapore,GAS,48.0,SOFT,11.0,36.445625,97.328
Singapore,GAS,49.0,SOFT,12.0,36.445625,98.0
Singapore,GAS,50.0,SOFT,13.0,36.445625,97.971
Singapore,GAS,51.0,SOFT,14.0,36.445625,98.948
Singapore,GAS,52.0,SOFT,15.0,36.445625,98.652
Singapore,GAS,53.0,SOFT,16.0,36.445625,98.692
Singapore,GAS,54.0,SOFT,17.0,36.445625,98.591
Singapore,GAS,55.0,SOFT,18.0,36.445625,97.972
Singapore,GAS,56.0,SOFT,19.0,36.445625,100.387
Singapore,GAS,57.0,SOFT,20.0,36.445625,97.416
Singapore,GAS,58.0,SOFT,21.0,36.445625,97.621
Singapore,GAS,59.0,SOFT,22.0,36.445625,97.746
Singapore,GAS,60.0,SOFT,23.0,36.445625,98.189
Singapore,GAS,61.0,SOFT,24.0,36.445625,99.498
Singapore,RIC,2.0,SOFT,2.0,36.445625,100.947
Singapore,RIC,3.0,SOFT,3.0,36.445625,100.057
Singapore,RIC,4.0,SOFT,4.0,36.445625,99.545
Singapore,RIC,5.0,SOFT,5.0,36.445625,99.585
Singapore,RIC,6.0,SOFT,6.0,36.445625,99.223
Singapore,RIC,7.0,SOFT,7.0,36.445625,99.598
Singapore,RIC,8.0,SOFT,8.0,36.445625,99.615
Singapore,RIC,9.0,SOFT,9.0,36.445625,99.598
Singapore,RIC,12.0,MEDIUM,2.0,36.445625,98.589
Singapore,RIC,13.0,MEDIUM,3.0,36.445625,98.644
Singapore,RIC,14.0,MEDIUM,4.0,36.445625,98.66
Singapore,RIC,15.0,MEDIUM,5.0,36.445625,98.774
Singapore,RIC,16.0,MEDIUM,6.0,36.445625,98.42
Singapore,RIC,17.0,MEDIUM,7.0,36.445625,98.406
Singapore,RIC,18.0,MEDIUM,8.0,36.445625,98.261
Singapore,RIC,19.0,MEDIUM,9.0,36.445625,98.639
Singapore,RIC,20.0,MEDIUM,10.0,36.445625,98.892
Singapore,RIC,21.0,MEDIUM,11.0,36.445625,98.801
Singapore,RIC,22.0,MEDIUM,12.0,36.445625,98.625
Singapore,RIC,23.0,MEDIUM,13.0,36.445625,98.992
Singapore,RIC,24.0,MEDIUM,14.0,36.445625,99.074
Singapore,RIC,25.0,MEDIUM,15.0,36.445625,99.495
Singapore,RIC,26.0,MEDIUM,16.0,36.445625,100.181
Singapore,RIC,27.0,MEDIUM,17.0,36.445625,100.285
Singapore,RIC,28.0,MEDIUM,18.0,36.445625,100.194
Singapore,RIC,29.0,MEDIUM,19.0,36.445625,99.251
Singapore,RIC,30.0,MEDIUM,20.0,36.445625,99.563
Singapore,RIC,31.0,MEDIUM,21.0,36.445625,101.16
Singapore,RIC,32.0,MEDIUM,22.0,36.445625,99.528
Singapore,RIC,33.0,MEDIUM,23.0,36.445625,99.378
Singapore,RIC,34.0,MEDIUM,24.0,36.445625,100.561
Singapore,RIC,35.0,MEDIUM,25.0,36.445625,100.666
Singapore,RIC,36.0,MEDIUM,26.0,36.445625,100.011
Singapore,RIC,37.0,MEDIUM,27.0,36.445625,98.639
Singapore,RIC,38.0,MEDIUM,28.0,36.445625,98.286
Singapore,RIC,39.0,MEDIUM,29.0,36.445625,98.564
Singapore,RIC,40.0,MEDIUM,30.0,36.445625,98.602
Singapore,RIC,41.0,MEDIUM,31.0,36.445625,101.769
Singapore,RIC,42.0,MEDIUM,32.0,36.445625,101.223
Singapore,RIC,43.0,MEDIUM,33.0,36.445625,99.045
Singapore,RIC,44.0,MEDIUM,34.0,36.445625,98.963
Singapore,RIC,45.0,MEDIUM,35.0,36.445625,103.383
Singapore,RIC,48.0,SOFT,2.0,36.445625,97.01
Singapore,RIC,49.0,SOFT,3.0,36.445625,97.411
Singapore,RIC,50.0,SOFT,4.0,36.445625,97.247
Singapore,RIC,51.0,SOFT,5.0,36.445625,96.765
Singapore,RIC,52.0,SOFT,6.0,36.445625,97.348
Singapore,RIC,53.0,SOFT,7.0,36.445625,97.382
Singapore,RIC,54.0,SOFT,8.0,36.445625,100.45
Singapore,RIC,55.0,SOFT,9.0,36.445625,98.263
Singapore,RIC,56.0,SOFT,10.0,36.445625,97.061
Singapore,RIC,57.0,SOFT,11.0,36.445625,96.357
Singapore,RIC,60.0,SOFT,5.0,36.445625,94.486
Singapore,RIC,61.0,SOFT,6.0,36.445625,99.55
Singapore,MAG,2.0,HARD,2.0,36.445625,100.386
Singapore,MAG,3.0,HARD,3.0,36.445625,99.696
Singapore,MAG,4.0,HARD,4.0,36.445625,99.489
Singapore,MAG,5.0,HARD,5.0,36.445625,98.948
Singapore,MAG,6.0,HARD,6.0,36.445625,99.467
Singapore,MAG,7.0,HARD,7.0,36.445625,99.156
Singapore,MAG,8.0,HARD,8.0,36.445625,99.436
Singapore,MAG,9.0,HARD,9.0,36.445625,99.858
Singapore,MAG,10.0,HARD,10.0,36.445625,99.263
Singapore,MAG,11.0,HARD,11.0,36.445625,99.735
Singapore,MAG,12.0,HARD,12.0,36.445625,99.708
Singapore,MAG,13.0,HARD,13.0,36.445625,99.637
Singapore,MAG,14.0,HARD,14.0,36.445625,99.568
Singapore,MAG,15.0,HARD,15.0,36.445625,99.385
Singapore,MAG,16.0,HARD,16.0,36.445625,99.274
Singapore,MAG,17.0,HARD,17.0,36.445625,99.441
Singapore,MAG,18.0,HARD,18.0,36.445625,99.706
Singapore,MAG,19.0,HARD,19.0,36.445625,100.7
Singapore,MAG,20.0,HARD,20.0,36.445625,100.283
Singapore,MAG,21.0,HARD,21.0,36.445625,100.483
Singapore,MAG,22.0,HARD,22.0,36.445625,100.347
Singapore,MAG,23.0,HARD,23.0,36.445625,100.303
Singapore,MAG,24.0,HARD,24.0,36.445625,100.508
Singapore,MAG,25.0,HARD,25.0,36.445625,100.389
Singapore,MAG,26.0,HARD,26.0,36.445625,102.209
Singapore,MAG,27.0,HARD,27.0,36.445625,100.97
Singapore,MAG,30.0,MEDIUM,2.0,36.445625,98.131
Singapore,MAG,31.0,MEDIUM,3.0,36.445625,98.206
Singapore,MAG,32.0,MEDIUM,4.0,36.445625,98.472
Singapore,MAG,33.0,MEDIUM,5.0,36.445625,98.36
Singapore,MAG,34.0,MEDIUM,6.0,36.445625,97.926
Singapore,MAG,35.0,MEDIUM,7.0,36.445625,98.293
Singapore,MAG,36.0,MEDIUM,8.0,36.445625,98.536
Singapore,MAG,37.0,MEDIUM,9.0,36.445625,100.825
Singapore,MAG,38.0,MEDIUM,10.0,36.445625,98.615
Singapore,MAG,39.0,MEDIUM,11.0,36.445625,98.56
Singapore,MAG,40.0,MEDIUM,12.0,36.445625,99.835
Singapore,MAG,41.0,MEDIUM,13.0,36.445625,98.197
Singapore,MAG,42.0,MEDIUM,14.0,36.445625,98.166
Singapore,MAG,43.0,MEDIUM,15.0,36.445625,98.083
Singapore,MAG,44.0,MEDIUM,16.0,36.445625,98.812
Singapore,MAG,45.0,MEDIUM,17.0,36.445625,100.315
Singapore,MAG,46.0,MEDIUM,18.0,36.445625,98.655
Singapore,MAG,47.0,MEDIUM,19.0,36.445625,98.264
Singapore,MAG,48.0,MEDIUM,20.0,36.445625,98.204
Singapore,MAG,51.0,SOFT,2.0,36.445625,94.754
Singapore,MAG,52.0,SOFT,3.0,36.445625,97.425
Singapore,MAG,53.0,SOFT,4.0,36.445625,98.089
Singapore,MAG,54.0,SOFT,5.0,36.445625,98.134
Singapore,MAG,55.0,SOFT,6.0,36.445625,98.526
Singapore,MAG,56.0,SOFT,7.0,36.445625,98.431
Singapore,ALB,2.0,MEDIUM,2.0,36.445625,100.75
Singapore,ALB,3.0,MEDIUM,3.0,36.445625,99.762
Singapore,ALB,4.0,MEDIUM,4.0,36.445625,99.285
Singapore,ALB,5.0,MEDIUM,5.0,36.445625,99.252
Singapore,ALB,6.0,MEDIUM,6.0,36.445625,99.267
Singapore,ALB,7.0,MEDIUM,7.0,36.445625,99.039
Singapore,ALB,8.0,MEDIUM,8.0,36.445625,99.316
Singapore,ALB,9.0,MEDIUM,9.0,36.445625,99.767
Singapore,ALB,10.0,MEDIUM,10.0,36.445625,99.896
Singapore,ALB,13.0,HARD,2.0,36.445625,96.888
Singapore,ALB,14.0,HARD,3.0,36.445625,98.74
